22,-6,5EIGEMi+KepdO9sesXvL8rUJrwE=,yaUWl6bBJAKpILXf4b7KFU8eXkA=
22,-7,5EIGEMi+KepdO9sesXvL8rUJrwE=,yaUWl6bBJAKpILXf4b7KFU8eXkA=
21,-7,5EIGEMi+KepdO9sesXvL8rUJrwE=,yaUWl6bBJAKpILXf4b7KFU8eXkA=
21,-6,viqDnbZZbaEjwe1B2VEd9GNC/7M=,yaUWl6bBJAKpILXf4b7KFU8eXkA=
22,-4,viqDnbZZbaEjwe1B2VEd9GNC/7M=,RkanN3SNA3yojuzkHsD/KKUunLY=
21,-4,viqDnbZZbaEjwe1B2VEd9GNC/7M=,RkanN3SNA3yojuzkHsD/KKUunLY=
21,-3,viqDnbZZbaEjwe1B2VEd9GNC/7M=,RkanN3SNA3yojuzkHsD/KKUunLY=
22,-5,viqDnbZZbaEjwe1B2VEd9GNC/7M=,yaUWl6bBJAKpILXf4b7KFU8eXkA=
21,-5,viqDnbZZbaEjwe1B2VEd9GNC/7M=,yaUWl6bBJAKpILXf4b7KFU8eXkA=
21,-2,viqDnbZZbaEjwe1B2VEd9GNC/7M=,RkanN3SNA3yojuzkHsD/KKUunLY=
22,-2,viqDnbZZbaEjwe1B2VEd9GNC/7M=,RkanN3SNA3yojuzkHsD/KKUunLY=
22,-3,viqDnbZZbaEjwe1B2VEd9GNC/7M=,RkanN3SNA3yojuzkHsD/KKUunLY=
19,-6,viqDnbZZbaEjwe1B2VEd9GNC/7M=,9uNB20E4stj3bjrtyUgNKqU6ztc=
18,-6,1YjUPmpeRyzK6Ep8sXJeaWMMZ3I=,9uNB20E4stj3bjrtyUgNKqU6ztc=
17,-7,1YjUPmpeRyzK6Ep8sXJeaWMMZ3I=,9uNB20E4stj3bjrtyUgNKqU6ztc=
20,-3,1YjUPmpeRyzK6Ep8sXJeaWMMZ3I=,RkanN3SNA3yojuzkHsD/KKUunLY=
17,-6,1YjUPmpeRyzK6Ep8sXJeaWMMZ3I=,9uNB20E4stj3bjrtyUgNKqU6ztc=
20,-5,1YjUPmpeRyzK6Ep8sXJeaWMMZ3I=,yaUWl6bBJAKpILXf4b7KFU8eXkA=
18,-7,1YjUPmpeRyzK6Ep8sXJeaWMMZ3I=,9uNB20E4stj3bjrtyUgNKqU6ztc=
20,-6,1YjUPmpeRyzK6Ep8sXJeaWMMZ3I=,yaUWl6bBJAKpILXf4b7KFU8eXkA=
19,-7,1YjUPmpeRyzK6Ep8sXJeaWMMZ3I=,9uNB20E4stj3bjrtyUgNKqU6ztc=
20,-2,1YjUPmpeRyzK6Ep8sXJeaWMMZ3I=,RkanN3SNA3yojuzkHsD/KKUunLY=
20,-7,1YjUPmpeRyzK6Ep8sXJeaWMMZ3I=,yaUWl6bBJAKpILXf4b7KFU8eXkA=
20,-4,1YjUPmpeRyzK6Ep8sXJeaWMMZ3I=,RkanN3SNA3yojuzkHsD/KKUunLY=
19,-2,1YjUPmpeRyzK6Ep8sXJeaWMMZ3I=,bdfN+GDw3om1VApLffv5+1yRtUs=
17,-4,1YjUPmpeRyzK6Ep8sXJeaWMMZ3I=,bdfN+GDw3om1VApLffv5+1yRtUs=
18,-4,1YjUPmpeRyzK6Ep8sXJeaWMMZ3I=,bdfN+GDw3om1VApLffv5+1yRtUs=
18,-2,1YjUPmpeRyzK6Ep8sXJeaWMMZ3I=,bdfN+GDw3om1VApLffv5+1yRtUs=
19,-5,1YjUPmpeRyzK6Ep8sXJeaWMMZ3I=,9uNB20E4stj3bjrtyUgNKqU6ztc=
17,-3,1YjUPmpeRyzK6Ep8sXJeaWMMZ3I=,bdfN+GDw3om1VApLffv5+1yRtUs=
19,-3,1YjUPmpeRyzK6Ep8sXJeaWMMZ3I=,bdfN+GDw3om1VApLffv5+1yRtUs=
17,-5,1YjUPmpeRyzK6Ep8sXJeaWMMZ3I=,9uNB20E4stj3bjrtyUgNKqU6ztc=
17,-2,1YjUPmpeRyzK6Ep8sXJeaWMMZ3I=,bdfN+GDw3om1VApLffv5+1yRtUs=
18,-3,1YjUPmpeRyzK6Ep8sXJeaWMMZ3I=,bdfN+GDw3om1VApLffv5+1yRtUs=
19,-4,1YjUPmpeRyzK6Ep8sXJeaWMMZ3I=,bdfN+GDw3om1VApLffv5+1yRtUs=
18,-5,1YjUPmpeRyzK6Ep8sXJeaWMMZ3I=,9uNB20E4stj3bjrtyUgNKqU6ztc=
21,-11,1YjUPmpeRyzK6Ep8sXJeaWMMZ3I=,lPNoI4tkdRIjIKyN3zDN0JVO3lc=
22,-8,1YjUPmpeRyzK6Ep8sXJeaWMMZ3I=,yaUWl6bBJAKpILXf4b7KFU8eXkA=
22,-10,1YjUPmpeRyzK6Ep8sXJeaWMMZ3I=,lPNoI4tkdRIjIKyN3zDN0JVO3lc=
22,-9,1YjUPmpeRyzK6Ep8sXJeaWMMZ3I=,lPNoI4tkdRIjIKyN3zDN0JVO3lc=
21,-9,1YjUPmpeRyzK6Ep8sXJeaWMMZ3I=,lPNoI4tkdRIjIKyN3zDN0JVO3lc=
21,-8,1YjUPmpeRyzK6Ep8sXJeaWMMZ3I=,yaUWl6bBJAKpILXf4b7KFU8eXkA=
21,-10,1YjUPmpeRyzK6Ep8sXJeaWMMZ3I=,lPNoI4tkdRIjIKyN3zDN0JVO3lc=
22,-11,1YjUPmpeRyzK6Ep8sXJeaWMMZ3I=,lPNoI4tkdRIjIKyN3zDN0JVO3lc=
20,-11,FkOnu0wodbTqeklL+Meua/dexKc=,lPNoI4tkdRIjIKyN3zDN0JVO3lc=
19,-10,FkOnu0wodbTqeklL+Meua/dexKc=,WEJVxPKC78x8cl4ICq2AyXFZnoY=
20,-8,FkOnu0wodbTqeklL+Meua/dexKc=,yaUWl6bBJAKpILXf4b7KFU8eXkA=
18,-10,FkOnu0wodbTqeklL+Meua/dexKc=,WEJVxPKC78x8cl4ICq2AyXFZnoY=
17,-10,FkOnu0wodbTqeklL+Meua/dexKc=,WEJVxPKC78x8cl4ICq2AyXFZnoY=
19,-8,FkOnu0wodbTqeklL+Meua/dexKc=,9uNB20E4stj3bjrtyUgNKqU6ztc=
20,-9,FkOnu0wodbTqeklL+Meua/dexKc=,lPNoI4tkdRIjIKyN3zDN0JVO3lc=
18,-8,FkOnu0wodbTqeklL+Meua/dexKc=,9uNB20E4stj3bjrtyUgNKqU6ztc=
19,-9,FkOnu0wodbTqeklL+Meua/dexKc=,WEJVxPKC78x8cl4ICq2AyXFZnoY=
20,-10,FkOnu0wodbTqeklL+Meua/dexKc=,lPNoI4tkdRIjIKyN3zDN0JVO3lc=
17,-8,FkOnu0wodbTqeklL+Meua/dexKc=,9uNB20E4stj3bjrtyUgNKqU6ztc=
19,-11,FkOnu0wodbTqeklL+Meua/dexKc=,WEJVxPKC78x8cl4ICq2AyXFZnoY=
18,-9,FkOnu0wodbTqeklL+Meua/dexKc=,WEJVxPKC78x8cl4ICq2AyXFZnoY=
18,-11,FkOnu0wodbTqeklL+Meua/dexKc=,WEJVxPKC78x8cl4ICq2AyXFZnoY=
17,-9,FkOnu0wodbTqeklL+Meua/dexKc=,WEJVxPKC78x8cl4ICq2AyXFZnoY=
17,-11,FkOnu0wodbTqeklL+Meua/dexKc=,WEJVxPKC78x8cl4ICq2AyXFZnoY=
24,-10,FkOnu0wodbTqeklL+Meua/dexKc=,idNKJ4bHmc0nGBBXAJ9vJrtrMg4=
26,-10,FkOnu0wodbTqeklL+Meua/dexKc=,idNKJ4bHmc0nGBBXAJ9vJrtrMg4=
23,-11,FkOnu0wodbTqeklL+Meua/dexKc=,lPNoI4tkdRIjIKyN3zDN0JVO3lc=
26,-11,FkOnu0wodbTqeklL+Meua/dexKc=,idNKJ4bHmc0nGBBXAJ9vJrtrMg4=
24,-11,FkOnu0wodbTqeklL+Meua/dexKc=,idNKJ4bHmc0nGBBXAJ9vJrtrMg4=
23,-10,FkOnu0wodbTqeklL+Meua/dexKc=,lPNoI4tkdRIjIKyN3zDN0JVO3lc=
25,-10,FkOnu0wodbTqeklL+Meua/dexKc=,idNKJ4bHmc0nGBBXAJ9vJrtrMg4=
25,-11,FkOnu0wodbTqeklL+Meua/dexKc=,idNKJ4bHmc0nGBBXAJ9vJrtrMg4=
22,-13,Dx4oXjinzM52ZOcUQ1W1vR108Rw=,catMRzjbk3q7mW/dOsSqiSxUdLM=
21,-13,Dx4oXjinzM52ZOcUQ1W1vR108Rw=,catMRzjbk3q7mW/dOsSqiSxUdLM=
22,-12,Dx4oXjinzM52ZOcUQ1W1vR108Rw=,lPNoI4tkdRIjIKyN3zDN0JVO3lc=
21,-15,Dx4oXjinzM52ZOcUQ1W1vR108Rw=,catMRzjbk3q7mW/dOsSqiSxUdLM=
21,-12,Dx4oXjinzM52ZOcUQ1W1vR108Rw=,lPNoI4tkdRIjIKyN3zDN0JVO3lc=
22,-14,Dx4oXjinzM52ZOcUQ1W1vR108Rw=,catMRzjbk3q7mW/dOsSqiSxUdLM=
21,-14,Dx4oXjinzM52ZOcUQ1W1vR108Rw=,catMRzjbk3q7mW/dOsSqiSxUdLM=
22,-15,Dx4oXjinzM52ZOcUQ1W1vR108Rw=,catMRzjbk3q7mW/dOsSqiSxUdLM=
29,-11,Dx4oXjinzM52ZOcUQ1W1vR108Rw=,bmXl0AdLRQMECQkhR4QE4NnylrI=
27,-10,Dx4oXjinzM52ZOcUQ1W1vR108Rw=,idNKJ4bHmc0nGBBXAJ9vJrtrMg4=
28,-11,Dx4oXjinzM52ZOcUQ1W1vR108Rw=,bmXl0AdLRQMECQkhR4QE4NnylrI=
29,-10,Dx4oXjinzM52ZOcUQ1W1vR108Rw=,bmXl0AdLRQMECQkhR4QE4NnylrI=
27,-11,Dx4oXjinzM52ZOcUQ1W1vR108Rw=,idNKJ4bHmc0nGBBXAJ9vJrtrMg4=
30,-11,Dx4oXjinzM52ZOcUQ1W1vR108Rw=,bmXl0AdLRQMECQkhR4QE4NnylrI=
28,-10,Dx4oXjinzM52ZOcUQ1W1vR108Rw=,bmXl0AdLRQMECQkhR4QE4NnylrI=
30,-10,Dx4oXjinzM52ZOcUQ1W1vR108Rw=,bmXl0AdLRQMECQkhR4QE4NnylrI=
20,-15,Dx4oXjinzM52ZOcUQ1W1vR108Rw=,catMRzjbk3q7mW/dOsSqiSxUdLM=
17,-12,Dx4oXjinzM52ZOcUQ1W1vR108Rw=,WEJVxPKC78x8cl4ICq2AyXFZnoY=
19,-13,Dx4oXjinzM52ZOcUQ1W1vR108Rw=,+tlK50EJcfwGF+2N5KASH9tK5T0=
18,-12,Dx4oXjinzM52ZOcUQ1W1vR108Rw=,WEJVxPKC78x8cl4ICq2AyXFZnoY=
19,-12,Dx4oXjinzM52ZOcUQ1W1vR108Rw=,WEJVxPKC78x8cl4ICq2AyXFZnoY=
17,-13,Dx4oXjinzM52ZOcUQ1W1vR108Rw=,+tlK50EJcfwGF+2N5KASH9tK5T0=
20,-13,Dx4oXjinzM52ZOcUQ1W1vR108Rw=,catMRzjbk3q7mW/dOsSqiSxUdLM=
18,-13,Dx4oXjinzM52ZOcUQ1W1vR108Rw=,+tlK50EJcfwGF+2N5KASH9tK5T0=
20,-12,lrRYMwn5N94GARXyfqR7a1th1PA=,lPNoI4tkdRIjIKyN3zDN0JVO3lc=
18,-14,lrRYMwn5N94GARXyfqR7a1th1PA=,+tlK50EJcfwGF+2N5KASH9tK5T0=
19,-14,lrRYMwn5N94GARXyfqR7a1th1PA=,+tlK50EJcfwGF+2N5KASH9tK5T0=
17,-14,lrRYMwn5N94GARXyfqR7a1th1PA=,+tlK50EJcfwGF+2N5KASH9tK5T0=
20,-14,lrRYMwn5N94GARXyfqR7a1th1PA=,catMRzjbk3q7mW/dOsSqiSxUdLM=
17,-15,lrRYMwn5N94GARXyfqR7a1th1PA=,+tlK50EJcfwGF+2N5KASH9tK5T0=
18,-15,lrRYMwn5N94GARXyfqR7a1th1PA=,+tlK50EJcfwGF+2N5KASH9tK5T0=
24,-13,lrRYMwn5N94GARXyfqR7a1th1PA=,v4t6wKd8Hv3S4FG9/wnsXSvcZAw=
25,-14,lrRYMwn5N94GARXyfqR7a1th1PA=,v4t6wKd8Hv3S4FG9/wnsXSvcZAw=
19,-15,lrRYMwn5N94GARXyfqR7a1th1PA=,+tlK50EJcfwGF+2N5KASH9tK5T0=
26,-15,lrRYMwn5N94GARXyfqR7a1th1PA=,v4t6wKd8Hv3S4FG9/wnsXSvcZAw=
24,-14,lrRYMwn5N94GARXyfqR7a1th1PA=,v4t6wKd8Hv3S4FG9/wnsXSvcZAw=
25,-15,lrRYMwn5N94GARXyfqR7a1th1PA=,v4t6wKd8Hv3S4FG9/wnsXSvcZAw=
23,-12,lrRYMwn5N94GARXyfqR7a1th1PA=,lPNoI4tkdRIjIKyN3zDN0JVO3lc=
24,-15,lrRYMwn5N94GARXyfqR7a1th1PA=,v4t6wKd8Hv3S4FG9/wnsXSvcZAw=
23,-14,lrRYMwn5N94GARXyfqR7a1th1PA=,catMRzjbk3q7mW/dOsSqiSxUdLM=
23,-13,lrRYMwn5N94GARXyfqR7a1th1PA=,catMRzjbk3q7mW/dOsSqiSxUdLM=
26,-14,lrRYMwn5N94GARXyfqR7a1th1PA=,v4t6wKd8Hv3S4FG9/wnsXSvcZAw=
25,-13,lrRYMwn5N94GARXyfqR7a1th1PA=,v4t6wKd8Hv3S4FG9/wnsXSvcZAw=
23,-15,lrRYMwn5N94GARXyfqR7a1th1PA=,catMRzjbk3q7mW/dOsSqiSxUdLM=
25,-12,lrRYMwn5N94GARXyfqR7a1th1PA=,idNKJ4bHmc0nGBBXAJ9vJrtrMg4=
26,-13,lrRYMwn5N94GARXyfqR7a1th1PA=,v4t6wKd8Hv3S4FG9/wnsXSvcZAw=
26,-12,lrRYMwn5N94GARXyfqR7a1th1PA=,idNKJ4bHmc0nGBBXAJ9vJrtrMg4=
24,-12,lrRYMwn5N94GARXyfqR7a1th1PA=,idNKJ4bHmc0nGBBXAJ9vJrtrMg4=
28,-15,lrRYMwn5N94GARXyfqR7a1th1PA=,aLQjhVMXLMuk/7Ez5/RWRYKiotU=
27,-13,lrRYMwn5N94GARXyfqR7a1th1PA=,v4t6wKd8Hv3S4FG9/wnsXSvcZAw=
27,-12,lrRYMwn5N94GARXyfqR7a1th1PA=,idNKJ4bHmc0nGBBXAJ9vJrtrMg4=
29,-15,lrRYMwn5N94GARXyfqR7a1th1PA=,aLQjhVMXLMuk/7Ez5/RWRYKiotU=
28,-14,lrRYMwn5N94GARXyfqR7a1th1PA=,aLQjhVMXLMuk/7Ez5/RWRYKiotU=
29,-14,lrRYMwn5N94GARXyfqR7a1th1PA=,aLQjhVMXLMuk/7Ez5/RWRYKiotU=
28,-13,lrRYMwn5N94GARXyfqR7a1th1PA=,aLQjhVMXLMuk/7Ez5/RWRYKiotU=
30,-12,lrRYMwn5N94GARXyfqR7a1th1PA=,bmXl0AdLRQMECQkhR4QE4NnylrI=
29,-12,lrRYMwn5N94GARXyfqR7a1th1PA=,bmXl0AdLRQMECQkhR4QE4NnylrI=
28,-12,lrRYMwn5N94GARXyfqR7a1th1PA=,bmXl0AdLRQMECQkhR4QE4NnylrI=
29,-13,lrRYMwn5N94GARXyfqR7a1th1PA=,aLQjhVMXLMuk/7Ez5/RWRYKiotU=
27,-14,lrRYMwn5N94GARXyfqR7a1th1PA=,v4t6wKd8Hv3S4FG9/wnsXSvcZAw=
30,-13,lrRYMwn5N94GARXyfqR7a1th1PA=,aLQjhVMXLMuk/7Ez5/RWRYKiotU=
30,-15,lrRYMwn5N94GARXyfqR7a1th1PA=,aLQjhVMXLMuk/7Ez5/RWRYKiotU=
30,-14,lrRYMwn5N94GARXyfqR7a1th1PA=,aLQjhVMXLMuk/7Ez5/RWRYKiotU=
27,-15,lrRYMwn5N94GARXyfqR7a1th1PA=,v4t6wKd8Hv3S4FG9/wnsXSvcZAw=
29,-9,lrRYMwn5N94GARXyfqR7a1th1PA=,bmXl0AdLRQMECQkhR4QE4NnylrI=
29,-8,lrRYMwn5N94GARXyfqR7a1th1PA=,vAoxxCpPAERmvp7yN34pYUqje8Q=
30,-9,lrRYMwn5N94GARXyfqR7a1th1PA=,bmXl0AdLRQMECQkhR4QE4NnylrI=
30,-6,lrRYMwn5N94GARXyfqR7a1th1PA=,vAoxxCpPAERmvp7yN34pYUqje8Q=
29,-7,lrRYMwn5N94GARXyfqR7a1th1PA=,vAoxxCpPAERmvp7yN34pYUqje8Q=
30,-8,lrRYMwn5N94GARXyfqR7a1th1PA=,vAoxxCpPAERmvp7yN34pYUqje8Q=
30,-7,lrRYMwn5N94GARXyfqR7a1th1PA=,vAoxxCpPAERmvp7yN34pYUqje8Q=
29,-6,lrRYMwn5N94GARXyfqR7a1th1PA=,vAoxxCpPAERmvp7yN34pYUqje8Q=
22,-1,lrRYMwn5N94GARXyfqR7a1th1PA=,RkanN3SNA3yojuzkHsD/KKUunLY=
21,-1,lrRYMwn5N94GARXyfqR7a1th1PA=,RkanN3SNA3yojuzkHsD/KKUunLY=
20,-1,6R6QA8tFwSulI9el6SGEJi7lJ20=,RkanN3SNA3yojuzkHsD/KKUunLY=
17,-1,6R6QA8tFwSulI9el6SGEJi7lJ20=,bdfN+GDw3om1VApLffv5+1yRtUs=
18,-1,6R6QA8tFwSulI9el6SGEJi7lJ20=,bdfN+GDw3om1VApLffv5+1yRtUs=
19,-1,6R6QA8tFwSulI9el6SGEJi7lJ20=,bdfN+GDw3om1VApLffv5+1yRtUs=
31,-7,6R6QA8tFwSulI9el6SGEJi7lJ20=,vAoxxCpPAERmvp7yN34pYUqje8Q=
31,-6,6R6QA8tFwSulI9el6SGEJi7lJ20=,vAoxxCpPAERmvp7yN34pYUqje8Q=
31,-11,6R6QA8tFwSulI9el6SGEJi7lJ20=,bmXl0AdLRQMECQkhR4QE4NnylrI=
31,-8,6R6QA8tFwSulI9el6SGEJi7lJ20=,vAoxxCpPAERmvp7yN34pYUqje8Q=
31,-9,6R6QA8tFwSulI9el6SGEJi7lJ20=,bmXl0AdLRQMECQkhR4QE4NnylrI=
31,-10,6R6QA8tFwSulI9el6SGEJi7lJ20=,bmXl0AdLRQMECQkhR4QE4NnylrI=
31,-4,6R6QA8tFwSulI9el6SGEJi7lJ20=,sBQKq6nZcGrmpNaQO8VcTzt29KE=
28,-6,6R6QA8tFwSulI9el6SGEJi7lJ20=,vAoxxCpPAERmvp7yN34pYUqje8Q=
24,-9,6R6QA8tFwSulI9el6SGEJi7lJ20=,idNKJ4bHmc0nGBBXAJ9vJrtrMg4=
23,-6,6R6QA8tFwSulI9el6SGEJi7lJ20=,yaUWl6bBJAKpILXf4b7KFU8eXkA=
28,-9,6R6QA8tFwSulI9el6SGEJi7lJ20=,bmXl0AdLRQMECQkhR4QE4NnylrI=
24,-8,6R6QA8tFwSulI9el6SGEJi7lJ20=,fVxJEJUMZefDZbLxEBmXYzDJAi8=
24,-6,6R6QA8tFwSulI9el6SGEJi7lJ20=,fVxJEJUMZefDZbLxEBmXYzDJAi8=
23,-7,6R6QA8tFwSulI9el6SGEJi7lJ20=,yaUWl6bBJAKpILXf4b7KFU8eXkA=
25,-8,6R6QA8tFwSulI9el6SGEJi7lJ20=,fVxJEJUMZefDZbLxEBmXYzDJAi8=
28,-8,6R6QA8tFwSulI9el6SGEJi7lJ20=,vAoxxCpPAERmvp7yN34pYUqje8Q=
28,-7,6R6QA8tFwSulI9el6SGEJi7lJ20=,vAoxxCpPAERmvp7yN34pYUqje8Q=
23,-8,6R6QA8tFwSulI9el6SGEJi7lJ20=,yaUWl6bBJAKpILXf4b7KFU8eXkA=
27,-9,6R6QA8tFwSulI9el6SGEJi7lJ20=,idNKJ4bHmc0nGBBXAJ9vJrtrMg4=
23,-9,6R6QA8tFwSulI9el6SGEJi7lJ20=,lPNoI4tkdRIjIKyN3zDN0JVO3lc=
25,-7,6R6QA8tFwSulI9el6SGEJi7lJ20=,fVxJEJUMZefDZbLxEBmXYzDJAi8=
31,-14,6R6QA8tFwSulI9el6SGEJi7lJ20=,aLQjhVMXLMuk/7Ez5/RWRYKiotU=
27,-6,6R6QA8tFwSulI9el6SGEJi7lJ20=,fVxJEJUMZefDZbLxEBmXYzDJAi8=
25,-6,6R6QA8tFwSulI9el6SGEJi7lJ20=,fVxJEJUMZefDZbLxEBmXYzDJAi8=
31,-12,6R6QA8tFwSulI9el6SGEJi7lJ20=,bmXl0AdLRQMECQkhR4QE4NnylrI=
26,-6,6R6QA8tFwSulI9el6SGEJi7lJ20=,fVxJEJUMZefDZbLxEBmXYzDJAi8=
24,-7,6R6QA8tFwSulI9el6SGEJi7lJ20=,fVxJEJUMZefDZbLxEBmXYzDJAi8=
27,-7,Tb2zcx0f2vDd8SZI36p9u4Cuc/I=,fVxJEJUMZefDZbLxEBmXYzDJAi8=
25,-9,Tb2zcx0f2vDd8SZI36p9u4Cuc/I=,idNKJ4bHmc0nGBBXAJ9vJrtrMg4=
31,-2,Tb2zcx0f2vDd8SZI36p9u4Cuc/I=,sBQKq6nZcGrmpNaQO8VcTzt29KE=
31,-3,Tb2zcx0f2vDd8SZI36p9u4Cuc/I=,sBQKq6nZcGrmpNaQO8VcTzt29KE=
26,-7,Tb2zcx0f2vDd8SZI36p9u4Cuc/I=,fVxJEJUMZefDZbLxEBmXYzDJAi8=
30,-3,Tb2zcx0f2vDd8SZI36p9u4Cuc/I=,sBQKq6nZcGrmpNaQO8VcTzt29KE=
30,-2,Tb2zcx0f2vDd8SZI36p9u4Cuc/I=,sBQKq6nZcGrmpNaQO8VcTzt29KE=
30,-1,Tb2zcx0f2vDd8SZI36p9u4Cuc/I=,sBQKq6nZcGrmpNaQO8VcTzt29KE=
31,-5,Tb2zcx0f2vDd8SZI36p9u4Cuc/I=,vAoxxCpPAERmvp7yN34pYUqje8Q=
31,-15,Tb2zcx0f2vDd8SZI36p9u4Cuc/I=,aLQjhVMXLMuk/7Ez5/RWRYKiotU=
30,-5,Tb2zcx0f2vDd8SZI36p9u4Cuc/I=,vAoxxCpPAERmvp7yN34pYUqje8Q=
29,-3,Tb2zcx0f2vDd8SZI36p9u4Cuc/I=,sBQKq6nZcGrmpNaQO8VcTzt29KE=
26,-8,Tb2zcx0f2vDd8SZI36p9u4Cuc/I=,fVxJEJUMZefDZbLxEBmXYzDJAi8=
26,-9,Tb2zcx0f2vDd8SZI36p9u4Cuc/I=,idNKJ4bHmc0nGBBXAJ9vJrtrMg4=
27,-8,Tb2zcx0f2vDd8SZI36p9u4Cuc/I=,fVxJEJUMZefDZbLxEBmXYzDJAi8=
30,-4,Tb2zcx0f2vDd8SZI36p9u4Cuc/I=,sBQKq6nZcGrmpNaQO8VcTzt29KE=
29,-2,Tb2zcx0f2vDd8SZI36p9u4Cuc/I=,sBQKq6nZcGrmpNaQO8VcTzt29KE=
29,-1,Tb2zcx0f2vDd8SZI36p9u4Cuc/I=,sBQKq6nZcGrmpNaQO8VcTzt29KE=
31,-13,Tb2zcx0f2vDd8SZI36p9u4Cuc/I=,aLQjhVMXLMuk/7Ez5/RWRYKiotU=
29,-4,Tb2zcx0f2vDd8SZI36p9u4Cuc/I=,sBQKq6nZcGrmpNaQO8VcTzt29KE=
29,-5,Tb2zcx0f2vDd8SZI36p9u4Cuc/I=,vAoxxCpPAERmvp7yN34pYUqje8Q=
24,-5,Tb2zcx0f2vDd8SZI36p9u4Cuc/I=,fVxJEJUMZefDZbLxEBmXYzDJAi8=
23,-4,Tb2zcx0f2vDd8SZI36p9u4Cuc/I=,RkanN3SNA3yojuzkHsD/KKUunLY=
27,-2,Tb2zcx0f2vDd8SZI36p9u4Cuc/I=,R8uJPNrR5inALbz8qRVKA34JrV0=
25,-5,Tb2zcx0f2vDd8SZI36p9u4Cuc/I=,fVxJEJUMZefDZbLxEBmXYzDJAi8=
23,-2,Tb2zcx0f2vDd8SZI36p9u4Cuc/I=,RkanN3SNA3yojuzkHsD/KKUunLY=
28,-4,Tb2zcx0f2vDd8SZI36p9u4Cuc/I=,sBQKq6nZcGrmpNaQO8VcTzt29KE=
25,-2,Tb2zcx0f2vDd8SZI36p9u4Cuc/I=,R8uJPNrR5inALbz8qRVKA34JrV0=
26,-2,Tb2zcx0f2vDd8SZI36p9u4Cuc/I=,R8uJPNrR5inALbz8qRVKA34JrV0=
27,-3,Tb2zcx0f2vDd8SZI36p9u4Cuc/I=,R8uJPNrR5inALbz8qRVKA34JrV0=
24,-2,Tb2zcx0f2vDd8SZI36p9u4Cuc/I=,R8uJPNrR5inALbz8qRVKA34JrV0=
26,-5,Tb2zcx0f2vDd8SZI36p9u4Cuc/I=,fVxJEJUMZefDZbLxEBmXYzDJAi8=
26,-3,Tb2zcx0f2vDd8SZI36p9u4Cuc/I=,R8uJPNrR5inALbz8qRVKA34JrV0=
24,-3,Tb2zcx0f2vDd8SZI36p9u4Cuc/I=,R8uJPNrR5inALbz8qRVKA34JrV0=
28,-3,Tb2zcx0f2vDd8SZI36p9u4Cuc/I=,sBQKq6nZcGrmpNaQO8VcTzt29KE=
27,-4,Tb2zcx0f2vDd8SZI36p9u4Cuc/I=,R8uJPNrR5inALbz8qRVKA34JrV0=
23,-1,Tb2zcx0f2vDd8SZI36p9u4Cuc/I=,RkanN3SNA3yojuzkHsD/KKUunLY=
26,-4,Tb2zcx0f2vDd8SZI36p9u4Cuc/I=,R8uJPNrR5inALbz8qRVKA34JrV0=
24,-4,Tb2zcx0f2vDd8SZI36p9u4Cuc/I=,R8uJPNrR5inALbz8qRVKA34JrV0=
25,-4,Tb2zcx0f2vDd8SZI36p9u4Cuc/I=,R8uJPNrR5inALbz8qRVKA34JrV0=
23,-5,Tb2zcx0f2vDd8SZI36p9u4Cuc/I=,yaUWl6bBJAKpILXf4b7KFU8eXkA=
28,-2,Tb2zcx0f2vDd8SZI36p9u4Cuc/I=,sBQKq6nZcGrmpNaQO8VcTzt29KE=
28,-5,Tb2zcx0f2vDd8SZI36p9u4Cuc/I=,vAoxxCpPAERmvp7yN34pYUqje8Q=
24,-1,Tb2zcx0f2vDd8SZI36p9u4Cuc/I=,R8uJPNrR5inALbz8qRVKA34JrV0=
27,-5,Tb2zcx0f2vDd8SZI36p9u4Cuc/I=,fVxJEJUMZefDZbLxEBmXYzDJAi8=
28,-1,Tb2zcx0f2vDd8SZI36p9u4Cuc/I=,sBQKq6nZcGrmpNaQO8VcTzt29KE=
25,-3,Tb2zcx0f2vDd8SZI36p9u4Cuc/I=,R8uJPNrR5inALbz8qRVKA34JrV0=
25,-1,Tb2zcx0f2vDd8SZI36p9u4Cuc/I=,R8uJPNrR5inALbz8qRVKA34JrV0=
27,-1,Tb2zcx0f2vDd8SZI36p9u4Cuc/I=,R8uJPNrR5inALbz8qRVKA34JrV0=
26,-1,Tb2zcx0f2vDd8SZI36p9u4Cuc/I=,R8uJPNrR5inALbz8qRVKA34JrV0=
23,-3,Tb2zcx0f2vDd8SZI36p9u4Cuc/I=,RkanN3SNA3yojuzkHsD/KKUunLY=
31,-1,Tb2zcx0f2vDd8SZI36p9u4Cuc/I=,sBQKq6nZcGrmpNaQO8VcTzt29KE=
29,-16,Tb2zcx0f2vDd8SZI36p9u4Cuc/I=,aLQjhVMXLMuk/7Ez5/RWRYKiotU=
30,-16,Tb2zcx0f2vDd8SZI36p9u4Cuc/I=,aLQjhVMXLMuk/7Ez5/RWRYKiotU=
28,-16,Tb2zcx0f2vDd8SZI36p9u4Cuc/I=,aLQjhVMXLMuk/7Ez5/RWRYKiotU=
26,-16,Tb2zcx0f2vDd8SZI36p9u4Cuc/I=,v4t6wKd8Hv3S4FG9/wnsXSvcZAw=
27,-16,Tb2zcx0f2vDd8SZI36p9u4Cuc/I=,v4t6wKd8Hv3S4FG9/wnsXSvcZAw=
25,-16,Tb2zcx0f2vDd8SZI36p9u4Cuc/I=,v4t6wKd8Hv3S4FG9/wnsXSvcZAw=
18,-16,Tb2zcx0f2vDd8SZI36p9u4Cuc/I=,+tlK50EJcfwGF+2N5KASH9tK5T0=
22,-16,Tb2zcx0f2vDd8SZI36p9u4Cuc/I=,catMRzjbk3q7mW/dOsSqiSxUdLM=
23,-16,Tb2zcx0f2vDd8SZI36p9u4Cuc/I=,catMRzjbk3q7mW/dOsSqiSxUdLM=
24,-16,Tb2zcx0f2vDd8SZI36p9u4Cuc/I=,v4t6wKd8Hv3S4FG9/wnsXSvcZAw=
17,-16,Tb2zcx0f2vDd8SZI36p9u4Cuc/I=,+tlK50EJcfwGF+2N5KASH9tK5T0=
21,-16,Tb2zcx0f2vDd8SZI36p9u4Cuc/I=,catMRzjbk3q7mW/dOsSqiSxUdLM=
20,-16,Tb2zcx0f2vDd8SZI36p9u4Cuc/I=,catMRzjbk3q7mW/dOsSqiSxUdLM=
19,-16,Tb2zcx0f2vDd8SZI36p9u4Cuc/I=,+tlK50EJcfwGF+2N5KASH9tK5T0=
31,-16,Tb2zcx0f2vDd8SZI36p9u4Cuc/I=,aLQjhVMXLMuk/7Ez5/RWRYKiotU=
16,-2,Tb2zcx0f2vDd8SZI36p9u4Cuc/I=,bdfN+GDw3om1VApLffv5+1yRtUs=
16,-15,WWEMVFrArU23QlwoHpxxkpdoyu0=,+tlK50EJcfwGF+2N5KASH9tK5T0=
16,-3,WWEMVFrArU23QlwoHpxxkpdoyu0=,bdfN+GDw3om1VApLffv5+1yRtUs=
16,-5,WWEMVFrArU23QlwoHpxxkpdoyu0=,9uNB20E4stj3bjrtyUgNKqU6ztc=
16,-4,WWEMVFrArU23QlwoHpxxkpdoyu0=,bdfN+GDw3om1VApLffv5+1yRtUs=
16,-11,WWEMVFrArU23QlwoHpxxkpdoyu0=,WEJVxPKC78x8cl4ICq2AyXFZnoY=
16,-12,WWEMVFrArU23QlwoHpxxkpdoyu0=,WEJVxPKC78x8cl4ICq2AyXFZnoY=
16,-14,WWEMVFrArU23QlwoHpxxkpdoyu0=,+tlK50EJcfwGF+2N5KASH9tK5T0=
16,-13,WWEMVFrArU23QlwoHpxxkpdoyu0=,+tlK50EJcfwGF+2N5KASH9tK5T0=
16,-6,WWEMVFrArU23QlwoHpxxkpdoyu0=,9uNB20E4stj3bjrtyUgNKqU6ztc=
16,-7,WWEMVFrArU23QlwoHpxxkpdoyu0=,9uNB20E4stj3bjrtyUgNKqU6ztc=
16,-9,WWEMVFrArU23QlwoHpxxkpdoyu0=,WEJVxPKC78x8cl4ICq2AyXFZnoY=
16,-10,WWEMVFrArU23QlwoHpxxkpdoyu0=,WEJVxPKC78x8cl4ICq2AyXFZnoY=
16,-8,WWEMVFrArU23QlwoHpxxkpdoyu0=,9uNB20E4stj3bjrtyUgNKqU6ztc=
16,-1,WWEMVFrArU23QlwoHpxxkpdoyu0=,bdfN+GDw3om1VApLffv5+1yRtUs=
16,-16,WWEMVFrArU23QlwoHpxxkpdoyu0=,+tlK50EJcfwGF+2N5KASH9tK5T0=
18,-22,WNktvz5+Gk0XBv0+6JhoaYs5J1w=,Htgm7Oyke6xobBmp1FvE+Uvu3vY=
18,-23,WNktvz5+Gk0XBv0+6JhoaYs5J1w=,Htgm7Oyke6xobBmp1FvE+Uvu3vY=
17,-22,WNktvz5+Gk0XBv0+6JhoaYs5J1w=,Htgm7Oyke6xobBmp1FvE+Uvu3vY=
17,-23,WNktvz5+Gk0XBv0+6JhoaYs5J1w=,Htgm7Oyke6xobBmp1FvE+Uvu3vY=
19,-23,WNktvz5+Gk0XBv0+6JhoaYs5J1w=,Htgm7Oyke6xobBmp1FvE+Uvu3vY=
20,-23,WNktvz5+Gk0XBv0+6JhoaYs5J1w=,GHb0obi/XWqj90hRoLk2yE7KE+g=
19,-22,WNktvz5+Gk0XBv0+6JhoaYs5J1w=,Htgm7Oyke6xobBmp1FvE+Uvu3vY=
20,-22,WNktvz5+Gk0XBv0+6JhoaYs5J1w=,GHb0obi/XWqj90hRoLk2yE7KE+g=
21,-22,WNktvz5+Gk0XBv0+6JhoaYs5J1w=,GHb0obi/XWqj90hRoLk2yE7KE+g=
22,-23,WNktvz5+Gk0XBv0+6JhoaYs5J1w=,GHb0obi/XWqj90hRoLk2yE7KE+g=
22,-22,WNktvz5+Gk0XBv0+6JhoaYs5J1w=,GHb0obi/XWqj90hRoLk2yE7KE+g=
21,-23,4JAkIv8uNEfJ9oxH4ofiKn32l4A=,GHb0obi/XWqj90hRoLk2yE7KE+g=
18,-20,4JAkIv8uNEfJ9oxH4ofiKn32l4A=,tAYSG+eEovJUOJ1F+TmCYUnqn3I=
17,-19,4JAkIv8uNEfJ9oxH4ofiKn32l4A=,tAYSG+eEovJUOJ1F+TmCYUnqn3I=
17,-20,4JAkIv8uNEfJ9oxH4ofiKn32l4A=,tAYSG+eEovJUOJ1F+TmCYUnqn3I=
17,-18,4JAkIv8uNEfJ9oxH4ofiKn32l4A=,tAYSG+eEovJUOJ1F+TmCYUnqn3I=
18,-18,4JAkIv8uNEfJ9oxH4ofiKn32l4A=,tAYSG+eEovJUOJ1F+TmCYUnqn3I=
18,-21,4JAkIv8uNEfJ9oxH4ofiKn32l4A=,Htgm7Oyke6xobBmp1FvE+Uvu3vY=
17,-21,4JAkIv8uNEfJ9oxH4ofiKn32l4A=,Htgm7Oyke6xobBmp1FvE+Uvu3vY=
18,-19,4JAkIv8uNEfJ9oxH4ofiKn32l4A=,tAYSG+eEovJUOJ1F+TmCYUnqn3I=
20,-21,4JAkIv8uNEfJ9oxH4ofiKn32l4A=,GHb0obi/XWqj90hRoLk2yE7KE+g=
19,-20,4JAkIv8uNEfJ9oxH4ofiKn32l4A=,tAYSG+eEovJUOJ1F+TmCYUnqn3I=
21,-20,4JAkIv8uNEfJ9oxH4ofiKn32l4A=,R0YXFR/4/J7EXrPjMPW7RVy5a6E=
21,-21,4JAkIv8uNEfJ9oxH4ofiKn32l4A=,GHb0obi/XWqj90hRoLk2yE7KE+g=
20,-20,4JAkIv8uNEfJ9oxH4ofiKn32l4A=,R0YXFR/4/J7EXrPjMPW7RVy5a6E=
20,-19,4JAkIv8uNEfJ9oxH4ofiKn32l4A=,R0YXFR/4/J7EXrPjMPW7RVy5a6E=
22,-18,4JAkIv8uNEfJ9oxH4ofiKn32l4A=,R0YXFR/4/J7EXrPjMPW7RVy5a6E=
19,-18,4JAkIv8uNEfJ9oxH4ofiKn32l4A=,tAYSG+eEovJUOJ1F+TmCYUnqn3I=
19,-21,4JAkIv8uNEfJ9oxH4ofiKn32l4A=,Htgm7Oyke6xobBmp1FvE+Uvu3vY=
22,-20,4JAkIv8uNEfJ9oxH4ofiKn32l4A=,R0YXFR/4/J7EXrPjMPW7RVy5a6E=
19,-19,4JAkIv8uNEfJ9oxH4ofiKn32l4A=,tAYSG+eEovJUOJ1F+TmCYUnqn3I=
21,-19,4JAkIv8uNEfJ9oxH4ofiKn32l4A=,R0YXFR/4/J7EXrPjMPW7RVy5a6E=
22,-19,4JAkIv8uNEfJ9oxH4ofiKn32l4A=,R0YXFR/4/J7EXrPjMPW7RVy5a6E=
21,-18,cBQdcZuAXFMUIoR4zdhBxxWI718=,R0YXFR/4/J7EXrPjMPW7RVy5a6E=
22,-21,cBQdcZuAXFMUIoR4zdhBxxWI718=,GHb0obi/XWqj90hRoLk2yE7KE+g=
20,-18,cBQdcZuAXFMUIoR4zdhBxxWI718=,R0YXFR/4/J7EXrPjMPW7RVy5a6E=
26,-22,cBQdcZuAXFMUIoR4zdhBxxWI718=,ekt5dt85WOyggacXCM7pO0DS7ic=
23,-22,cBQdcZuAXFMUIoR4zdhBxxWI718=,GHb0obi/XWqj90hRoLk2yE7KE+g=
24,-23,cBQdcZuAXFMUIoR4zdhBxxWI718=,ekt5dt85WOyggacXCM7pO0DS7ic=
25,-22,cBQdcZuAXFMUIoR4zdhBxxWI718=,ekt5dt85WOyggacXCM7pO0DS7ic=
26,-23,cBQdcZuAXFMUIoR4zdhBxxWI718=,ekt5dt85WOyggacXCM7pO0DS7ic=
23,-23,cBQdcZuAXFMUIoR4zdhBxxWI718=,GHb0obi/XWqj90hRoLk2yE7KE+g=
24,-22,cBQdcZuAXFMUIoR4zdhBxxWI718=,ekt5dt85WOyggacXCM7pO0DS7ic=
25,-23,cBQdcZuAXFMUIoR4zdhBxxWI718=,ekt5dt85WOyggacXCM7pO0DS7ic=
26,-18,cBQdcZuAXFMUIoR4zdhBxxWI718=,a2f9rkfOLJRCcMutYK0jA27dmSU=
24,-21,cBQdcZuAXFMUIoR4zdhBxxWI718=,ekt5dt85WOyggacXCM7pO0DS7ic=
25,-21,cBQdcZuAXFMUIoR4zdhBxxWI718=,ekt5dt85WOyggacXCM7pO0DS7ic=
26,-21,cBQdcZuAXFMUIoR4zdhBxxWI718=,ekt5dt85WOyggacXCM7pO0DS7ic=
23,-20,cBQdcZuAXFMUIoR4zdhBxxWI718=,R0YXFR/4/J7EXrPjMPW7RVy5a6E=
26,-19,cBQdcZuAXFMUIoR4zdhBxxWI718=,a2f9rkfOLJRCcMutYK0jA27dmSU=
25,-19,cBQdcZuAXFMUIoR4zdhBxxWI718=,a2f9rkfOLJRCcMutYK0jA27dmSU=
26,-20,cBQdcZuAXFMUIoR4zdhBxxWI718=,a2f9rkfOLJRCcMutYK0jA27dmSU=
23,-21,cBQdcZuAXFMUIoR4zdhBxxWI718=,GHb0obi/XWqj90hRoLk2yE7KE+g=
24,-18,cBQdcZuAXFMUIoR4zdhBxxWI718=,a2f9rkfOLJRCcMutYK0jA27dmSU=
23,-18,cBQdcZuAXFMUIoR4zdhBxxWI718=,R0YXFR/4/J7EXrPjMPW7RVy5a6E=
25,-20,cBQdcZuAXFMUIoR4zdhBxxWI718=,a2f9rkfOLJRCcMutYK0jA27dmSU=
24,-19,cBQdcZuAXFMUIoR4zdhBxxWI718=,a2f9rkfOLJRCcMutYK0jA27dmSU=
24,-20,cBQdcZuAXFMUIoR4zdhBxxWI718=,a2f9rkfOLJRCcMutYK0jA27dmSU=
25,-18,cBQdcZuAXFMUIoR4zdhBxxWI718=,a2f9rkfOLJRCcMutYK0jA27dmSU=
23,-19,cBQdcZuAXFMUIoR4zdhBxxWI718=,R0YXFR/4/J7EXrPjMPW7RVy5a6E=
26,-26,cBQdcZuAXFMUIoR4zdhBxxWI718=,UtXpZsgXxKpdRtr21hmwYQwswz4=
26,-24,cBQdcZuAXFMUIoR4zdhBxxWI718=,ekt5dt85WOyggacXCM7pO0DS7ic=
26,-25,cBQdcZuAXFMUIoR4zdhBxxWI718=,UtXpZsgXxKpdRtr21hmwYQwswz4=
25,-25,cBQdcZuAXFMUIoR4zdhBxxWI718=,UtXpZsgXxKpdRtr21hmwYQwswz4=
25,-24,cBQdcZuAXFMUIoR4zdhBxxWI718=,ekt5dt85WOyggacXCM7pO0DS7ic=
25,-26,cBQdcZuAXFMUIoR4zdhBxxWI718=,UtXpZsgXxKpdRtr21hmwYQwswz4=
26,-27,cBQdcZuAXFMUIoR4zdhBxxWI718=,UtXpZsgXxKpdRtr21hmwYQwswz4=
25,-27,cBQdcZuAXFMUIoR4zdhBxxWI718=,UtXpZsgXxKpdRtr21hmwYQwswz4=
29,-30,cBQdcZuAXFMUIoR4zdhBxxWI718=,92Z8gXJ8uzapMQNmKu/ffnK5x78=
29,-31,cBQdcZuAXFMUIoR4zdhBxxWI718=,92Z8gXJ8uzapMQNmKu/ffnK5x78=
30,-31,cBQdcZuAXFMUIoR4zdhBxxWI718=,92Z8gXJ8uzapMQNmKu/ffnK5x78=
30,-30,cBQdcZuAXFMUIoR4zdhBxxWI718=,92Z8gXJ8uzapMQNmKu/ffnK5x78=
30,-19,cBQdcZuAXFMUIoR4zdhBxxWI718=,Qxl3rmVt1zgVhgYmcozfNetrpek=
29,-19,cBQdcZuAXFMUIoR4zdhBxxWI718=,Qxl3rmVt1zgVhgYmcozfNetrpek=
27,-19,cBQdcZuAXFMUIoR4zdhBxxWI718=,a2f9rkfOLJRCcMutYK0jA27dmSU=
30,-18,cBQdcZuAXFMUIoR4zdhBxxWI718=,Qxl3rmVt1zgVhgYmcozfNetrpek=
27,-18,cBQdcZuAXFMUIoR4zdhBxxWI718=,a2f9rkfOLJRCcMutYK0jA27dmSU=
29,-18,cBQdcZuAXFMUIoR4zdhBxxWI718=,Qxl3rmVt1zgVhgYmcozfNetrpek=
28,-18,cBQdcZuAXFMUIoR4zdhBxxWI718=,Qxl3rmVt1zgVhgYmcozfNetrpek=
28,-19,cBQdcZuAXFMUIoR4zdhBxxWI718=,Qxl3rmVt1zgVhgYmcozfNetrpek=
28,-26,Ywb05kPWFwAifz2vsr0c52zmtt0=,tbKN30IWIt+Dy7G7MV0f1PErKoU=
27,-26,Ywb05kPWFwAifz2vsr0c52zmtt0=,UtXpZsgXxKpdRtr21hmwYQwswz4=
28,-27,Ywb05kPWFwAifz2vsr0c52zmtt0=,tbKN30IWIt+Dy7G7MV0f1PErKoU=
30,-28,Ywb05kPWFwAifz2vsr0c52zmtt0=,tbKN30IWIt+Dy7G7MV0f1PErKoU=
29,-28,Ywb05kPWFwAifz2vsr0c52zmtt0=,tbKN30IWIt+Dy7G7MV0f1PErKoU=
29,-29,Ywb05kPWFwAifz2vsr0c52zmtt0=,92Z8gXJ8uzapMQNmKu/ffnK5x78=
27,-27,Ywb05kPWFwAifz2vsr0c52zmtt0=,UtXpZsgXxKpdRtr21hmwYQwswz4=
30,-26,Ywb05kPWFwAifz2vsr0c52zmtt0=,tbKN30IWIt+Dy7G7MV0f1PErKoU=
29,-27,Ywb05kPWFwAifz2vsr0c52zmtt0=,tbKN30IWIt+Dy7G7MV0f1PErKoU=
30,-27,Ywb05kPWFwAifz2vsr0c52zmtt0=,tbKN30IWIt+Dy7G7MV0f1PErKoU=
30,-29,Ywb05kPWFwAifz2vsr0c52zmtt0=,92Z8gXJ8uzapMQNmKu/ffnK5x78=
29,-26,Ywb05kPWFwAifz2vsr0c52zmtt0=,tbKN30IWIt+Dy7G7MV0f1PErKoU=
28,-25,Ywb05kPWFwAifz2vsr0c52zmtt0=,tbKN30IWIt+Dy7G7MV0f1PErKoU=
30,-20,Ywb05kPWFwAifz2vsr0c52zmtt0=,Qxl3rmVt1zgVhgYmcozfNetrpek=
30,-21,Ywb05kPWFwAifz2vsr0c52zmtt0=,bWD61X0nvjOnqtELDA2haDf8slI=
29,-21,Ywb05kPWFwAifz2vsr0c52zmtt0=,bWD61X0nvjOnqtELDA2haDf8slI=
30,-25,Ywb05kPWFwAifz2vsr0c52zmtt0=,tbKN30IWIt+Dy7G7MV0f1PErKoU=
29,-24,Ywb05kPWFwAifz2vsr0c52zmtt0=,bWD61X0nvjOnqtELDA2haDf8slI=
28,-24,Ywb05kPWFwAifz2vsr0c52zmtt0=,bWD61X0nvjOnqtELDA2haDf8slI=
27,-22,Ywb05kPWFwAifz2vsr0c52zmtt0=,ekt5dt85WOyggacXCM7pO0DS7ic=
28,-23,Ywb05kPWFwAifz2vsr0c52zmtt0=,bWD61X0nvjOnqtELDA2haDf8slI=
30,-23,Ywb05kPWFwAifz2vsr0c52zmtt0=,bWD61X0nvjOnqtELDA2haDf8slI=
29,-22,Ywb05kPWFwAifz2vsr0c52zmtt0=,bWD61X0nvjOnqtELDA2haDf8slI=
27,-24,Ywb05kPWFwAifz2vsr0c52zmtt0=,ekt5dt85WOyggacXCM7pO0DS7ic=
27,-20,Ywb05kPWFwAifz2vsr0c52zmtt0=,a2f9rkfOLJRCcMutYK0jA27dmSU=
29,-20,Ywb05kPWFwAifz2vsr0c52zmtt0=,Qxl3rmVt1zgVhgYmcozfNetrpek=
28,-21,Ywb05kPWFwAifz2vsr0c52zmtt0=,bWD61X0nvjOnqtELDA2haDf8slI=
29,-23,Ywb05kPWFwAifz2vsr0c52zmtt0=,bWD61X0nvjOnqtELDA2haDf8slI=
30,-24,Ywb05kPWFwAifz2vsr0c52zmtt0=,bWD61X0nvjOnqtELDA2haDf8slI=
30,-22,Ywb05kPWFwAifz2vsr0c52zmtt0=,bWD61X0nvjOnqtELDA2haDf8slI=
27,-25,Ywb05kPWFwAifz2vsr0c52zmtt0=,UtXpZsgXxKpdRtr21hmwYQwswz4=
29,-25,Ywb05kPWFwAifz2vsr0c52zmtt0=,tbKN30IWIt+Dy7G7MV0f1PErKoU=
28,-20,Ywb05kPWFwAifz2vsr0c52zmtt0=,Qxl3rmVt1zgVhgYmcozfNetrpek=
28,-22,Ywb05kPWFwAifz2vsr0c52zmtt0=,bWD61X0nvjOnqtELDA2haDf8slI=
27,-21,Ywb05kPWFwAifz2vsr0c52zmtt0=,ekt5dt85WOyggacXCM7pO0DS7ic=
27,-23,Ywb05kPWFwAifz2vsr0c52zmtt0=,ekt5dt85WOyggacXCM7pO0DS7ic=
21,-31,Ywb05kPWFwAifz2vsr0c52zmtt0=,QpHZL6R9zBIgb1Zy2xlssGL//f0=
22,-31,Ywb05kPWFwAifz2vsr0c52zmtt0=,QpHZL6R9zBIgb1Zy2xlssGL//f0=
21,-30,Ywb05kPWFwAifz2vsr0c52zmtt0=,QpHZL6R9zBIgb1Zy2xlssGL//f0=
22,-30,Ywb05kPWFwAifz2vsr0c52zmtt0=,QpHZL6R9zBIgb1Zy2xlssGL//f0=
28,-29,Ywb05kPWFwAifz2vsr0c52zmtt0=,92Z8gXJ8uzapMQNmKu/ffnK5x78=
28,-31,Ywb05kPWFwAifz2vsr0c52zmtt0=,92Z8gXJ8uzapMQNmKu/ffnK5x78=
23,-31,Ywb05kPWFwAifz2vsr0c52zmtt0=,QpHZL6R9zBIgb1Zy2xlssGL//f0=
23,-30,Ywb05kPWFwAifz2vsr0c52zmtt0=,QpHZL6R9zBIgb1Zy2xlssGL//f0=
24,-31,Ywb05kPWFwAifz2vsr0c52zmtt0=,RW7uAUAkGui6bJ2SKkRVuKp/Qwo=
25,-31,Ywb05kPWFwAifz2vsr0c52zmtt0=,RW7uAUAkGui6bJ2SKkRVuKp/Qwo=
26,-31,Ywb05kPWFwAifz2vsr0c52zmtt0=,RW7uAUAkGui6bJ2SKkRVuKp/Qwo=
27,-31,Ywb05kPWFwAifz2vsr0c52zmtt0=,RW7uAUAkGui6bJ2SKkRVuKp/Qwo=
27,-28,Ywb05kPWFwAifz2vsr0c52zmtt0=,UtXpZsgXxKpdRtr21hmwYQwswz4=
24,-30,Ywb05kPWFwAifz2vsr0c52zmtt0=,RW7uAUAkGui6bJ2SKkRVuKp/Qwo=
28,-30,Ywb05kPWFwAifz2vsr0c52zmtt0=,92Z8gXJ8uzapMQNmKu/ffnK5x78=
26,-28,Ywb05kPWFwAifz2vsr0c52zmtt0=,UtXpZsgXxKpdRtr21hmwYQwswz4=
27,-29,Ywb05kPWFwAifz2vsr0c52zmtt0=,RW7uAUAkGui6bJ2SKkRVuKp/Qwo=
28,-28,Ywb05kPWFwAifz2vsr0c52zmtt0=,tbKN30IWIt+Dy7G7MV0f1PErKoU=
25,-28,Ywb05kPWFwAifz2vsr0c52zmtt0=,UtXpZsgXxKpdRtr21hmwYQwswz4=
26,-29,Ywb05kPWFwAifz2vsr0c52zmtt0=,RW7uAUAkGui6bJ2SKkRVuKp/Qwo=
25,-29,Ywb05kPWFwAifz2vsr0c52zmtt0=,RW7uAUAkGui6bJ2SKkRVuKp/Qwo=
27,-30,Ywb05kPWFwAifz2vsr0c52zmtt0=,RW7uAUAkGui6bJ2SKkRVuKp/Qwo=
25,-30,Ywb05kPWFwAifz2vsr0c52zmtt0=,RW7uAUAkGui6bJ2SKkRVuKp/Qwo=
26,-30,Ywb05kPWFwAifz2vsr0c52zmtt0=,RW7uAUAkGui6bJ2SKkRVuKp/Qwo=
16,-23,Ywb05kPWFwAifz2vsr0c52zmtt0=,Htgm7Oyke6xobBmp1FvE+Uvu3vY=
16,-22,Ywb05kPWFwAifz2vsr0c52zmtt0=,Htgm7Oyke6xobBmp1FvE+Uvu3vY=
21,-32,Ywb05kPWFwAifz2vsr0c52zmtt0=,QpHZL6R9zBIgb1Zy2xlssGL//f0=
22,-32,Ywb05kPWFwAifz2vsr0c52zmtt0=,QpHZL6R9zBIgb1Zy2xlssGL//f0=
24,-27,Ywb05kPWFwAifz2vsr0c52zmtt0=,UtXpZsgXxKpdRtr21hmwYQwswz4=
23,-26,Ywb05kPWFwAifz2vsr0c52zmtt0=,gw10LcVDnPleNnPUo4cAyoaxcDc=
24,-28,Sc22eg1FEtG7ieA7wFjp9scjO2o=,UtXpZsgXxKpdRtr21hmwYQwswz4=
22,-26,Sc22eg1FEtG7ieA7wFjp9scjO2o=,gw10LcVDnPleNnPUo4cAyoaxcDc=
24,-26,Sc22eg1FEtG7ieA7wFjp9scjO2o=,UtXpZsgXxKpdRtr21hmwYQwswz4=
22,-29,Sc22eg1FEtG7ieA7wFjp9scjO2o=,QpHZL6R9zBIgb1Zy2xlssGL//f0=
23,-27,Sc22eg1FEtG7ieA7wFjp9scjO2o=,gw10LcVDnPleNnPUo4cAyoaxcDc=
21,-26,Sc22eg1FEtG7ieA7wFjp9scjO2o=,gw10LcVDnPleNnPUo4cAyoaxcDc=
24,-29,Sc22eg1FEtG7ieA7wFjp9scjO2o=,RW7uAUAkGui6bJ2SKkRVuKp/Qwo=
23,-25,Sc22eg1FEtG7ieA7wFjp9scjO2o=,gw10LcVDnPleNnPUo4cAyoaxcDc=
22,-25,Sc22eg1FEtG7ieA7wFjp9scjO2o=,gw10LcVDnPleNnPUo4cAyoaxcDc=
22,-27,Sc22eg1FEtG7ieA7wFjp9scjO2o=,gw10LcVDnPleNnPUo4cAyoaxcDc=
21,-29,Sc22eg1FEtG7ieA7wFjp9scjO2o=,QpHZL6R9zBIgb1Zy2xlssGL//f0=
21,-27,Sc22eg1FEtG7ieA7wFjp9scjO2o=,gw10LcVDnPleNnPUo4cAyoaxcDc=
23,-28,Sc22eg1FEtG7ieA7wFjp9scjO2o=,gw10LcVDnPleNnPUo4cAyoaxcDc=
22,-24,Sc22eg1FEtG7ieA7wFjp9scjO2o=,GHb0obi/XWqj90hRoLk2yE7KE+g=
21,-25,Sc22eg1FEtG7ieA7wFjp9scjO2o=,gw10LcVDnPleNnPUo4cAyoaxcDc=
21,-24,Sc22eg1FEtG7ieA7wFjp9scjO2o=,GHb0obi/XWqj90hRoLk2yE7KE+g=
24,-24,Sc22eg1FEtG7ieA7wFjp9scjO2o=,ekt5dt85WOyggacXCM7pO0DS7ic=
24,-25,Sc22eg1FEtG7ieA7wFjp9scjO2o=,UtXpZsgXxKpdRtr21hmwYQwswz4=
22,-28,Sc22eg1FEtG7ieA7wFjp9scjO2o=,gw10LcVDnPleNnPUo4cAyoaxcDc=
23,-24,Sc22eg1FEtG7ieA7wFjp9scjO2o=,GHb0obi/XWqj90hRoLk2yE7KE+g=
23,-29,Sc22eg1FEtG7ieA7wFjp9scjO2o=,QpHZL6R9zBIgb1Zy2xlssGL//f0=
31,-26,Sc22eg1FEtG7ieA7wFjp9scjO2o=,tbKN30IWIt+Dy7G7MV0f1PErKoU=
21,-28,Sc22eg1FEtG7ieA7wFjp9scjO2o=,gw10LcVDnPleNnPUo4cAyoaxcDc=
31,-27,Sc22eg1FEtG7ieA7wFjp9scjO2o=,tbKN30IWIt+Dy7G7MV0f1PErKoU=
20,-31,Sc22eg1FEtG7ieA7wFjp9scjO2o=,QpHZL6R9zBIgb1Zy2xlssGL//f0=
16,-31,Sc22eg1FEtG7ieA7wFjp9scjO2o=,vm/fPR3vNogHBatTly3fBKR9QMA=
17,-31,Sc22eg1FEtG7ieA7wFjp9scjO2o=,vm/fPR3vNogHBatTly3fBKR9QMA=
20,-30,Sc22eg1FEtG7ieA7wFjp9scjO2o=,QpHZL6R9zBIgb1Zy2xlssGL//f0=
18,-31,Sc22eg1FEtG7ieA7wFjp9scjO2o=,vm/fPR3vNogHBatTly3fBKR9QMA=
19,-31,Sc22eg1FEtG7ieA7wFjp9scjO2o=,vm/fPR3vNogHBatTly3fBKR9QMA=
16,-30,Sc22eg1FEtG7ieA7wFjp9scjO2o=,vm/fPR3vNogHBatTly3fBKR9QMA=
17,-30,Sc22eg1FEtG7ieA7wFjp9scjO2o=,vm/fPR3vNogHBatTly3fBKR9QMA=
18,-30,Sc22eg1FEtG7ieA7wFjp9scjO2o=,vm/fPR3vNogHBatTly3fBKR9QMA=
20,-32,Sc22eg1FEtG7ieA7wFjp9scjO2o=,QpHZL6R9zBIgb1Zy2xlssGL//f0=
19,-32,Sc22eg1FEtG7ieA7wFjp9scjO2o=,vm/fPR3vNogHBatTly3fBKR9QMA=
18,-32,Sc22eg1FEtG7ieA7wFjp9scjO2o=,vm/fPR3vNogHBatTly3fBKR9QMA=
17,-32,Sc22eg1FEtG7ieA7wFjp9scjO2o=,vm/fPR3vNogHBatTly3fBKR9QMA=
16,-32,Sc22eg1FEtG7ieA7wFjp9scjO2o=,vm/fPR3vNogHBatTly3fBKR9QMA=
19,-30,Sc22eg1FEtG7ieA7wFjp9scjO2o=,vm/fPR3vNogHBatTly3fBKR9QMA=
16,-27,Sc22eg1FEtG7ieA7wFjp9scjO2o=,Vu7K4BOOWlBnuColwZarvOpxW0U=
16,-25,Sc22eg1FEtG7ieA7wFjp9scjO2o=,Vu7K4BOOWlBnuColwZarvOpxW0U=
20,-26,Sc22eg1FEtG7ieA7wFjp9scjO2o=,gw10LcVDnPleNnPUo4cAyoaxcDc=
17,-27,Sc22eg1FEtG7ieA7wFjp9scjO2o=,Vu7K4BOOWlBnuColwZarvOpxW0U=
19,-24,Sc22eg1FEtG7ieA7wFjp9scjO2o=,Htgm7Oyke6xobBmp1FvE+Uvu3vY=
18,-28,Sc22eg1FEtG7ieA7wFjp9scjO2o=,Vu7K4BOOWlBnuColwZarvOpxW0U=
16,-24,Sc22eg1FEtG7ieA7wFjp9scjO2o=,Htgm7Oyke6xobBmp1FvE+Uvu3vY=
19,-28,Sc22eg1FEtG7ieA7wFjp9scjO2o=,Vu7K4BOOWlBnuColwZarvOpxW0U=
18,-24,Sc22eg1FEtG7ieA7wFjp9scjO2o=,Htgm7Oyke6xobBmp1FvE+Uvu3vY=
19,-26,Sc22eg1FEtG7ieA7wFjp9scjO2o=,Vu7K4BOOWlBnuColwZarvOpxW0U=
17,-26,Sc22eg1FEtG7ieA7wFjp9scjO2o=,Vu7K4BOOWlBnuColwZarvOpxW0U=
17,-24,Sc22eg1FEtG7ieA7wFjp9scjO2o=,Htgm7Oyke6xobBmp1FvE+Uvu3vY=
19,-25,Sc22eg1FEtG7ieA7wFjp9scjO2o=,Vu7K4BOOWlBnuColwZarvOpxW0U=
20,-28,Sc22eg1FEtG7ieA7wFjp9scjO2o=,gw10LcVDnPleNnPUo4cAyoaxcDc=
18,-26,Sc22eg1FEtG7ieA7wFjp9scjO2o=,Vu7K4BOOWlBnuColwZarvOpxW0U=
20,-27,Sc22eg1FEtG7ieA7wFjp9scjO2o=,gw10LcVDnPleNnPUo4cAyoaxcDc=
16,-26,Sc22eg1FEtG7ieA7wFjp9scjO2o=,Vu7K4BOOWlBnuColwZarvOpxW0U=
19,-29,Sc22eg1FEtG7ieA7wFjp9scjO2o=,vm/fPR3vNogHBatTly3fBKR9QMA=
18,-29,Sc22eg1FEtG7ieA7wFjp9scjO2o=,vm/fPR3vNogHBatTly3fBKR9QMA=
17,-29,Sc22eg1FEtG7ieA7wFjp9scjO2o=,vm/fPR3vNogHBatTly3fBKR9QMA=
20,-24,Sc22eg1FEtG7ieA7wFjp9scjO2o=,GHb0obi/XWqj90hRoLk2yE7KE+g=
17,-25,Sc22eg1FEtG7ieA7wFjp9scjO2o=,Vu7K4BOOWlBnuColwZarvOpxW0U=
18,-27,Sc22eg1FEtG7ieA7wFjp9scjO2o=,Vu7K4BOOWlBnuColwZarvOpxW0U=
19,-27,Sc22eg1FEtG7ieA7wFjp9scjO2o=,Vu7K4BOOWlBnuColwZarvOpxW0U=
16,-29,Sc22eg1FEtG7ieA7wFjp9scjO2o=,vm/fPR3vNogHBatTly3fBKR9QMA=
20,-25,Sc22eg1FEtG7ieA7wFjp9scjO2o=,gw10LcVDnPleNnPUo4cAyoaxcDc=
18,-25,Sc22eg1FEtG7ieA7wFjp9scjO2o=,Vu7K4BOOWlBnuColwZarvOpxW0U=
17,-28,Sc22eg1FEtG7ieA7wFjp9scjO2o=,Vu7K4BOOWlBnuColwZarvOpxW0U=
20,-29,Sc22eg1FEtG7ieA7wFjp9scjO2o=,QpHZL6R9zBIgb1Zy2xlssGL//f0=
16,-28,Sc22eg1FEtG7ieA7wFjp9scjO2o=,Vu7K4BOOWlBnuColwZarvOpxW0U=
31,-25,Sc22eg1FEtG7ieA7wFjp9scjO2o=,tbKN30IWIt+Dy7G7MV0f1PErKoU=
31,-23,Sc22eg1FEtG7ieA7wFjp9scjO2o=,bWD61X0nvjOnqtELDA2haDf8slI=
31,-22,Sc22eg1FEtG7ieA7wFjp9scjO2o=,bWD61X0nvjOnqtELDA2haDf8slI=
31,-24,Sc22eg1FEtG7ieA7wFjp9scjO2o=,bWD61X0nvjOnqtELDA2haDf8slI=
31,-21,Sc22eg1FEtG7ieA7wFjp9scjO2o=,bWD61X0nvjOnqtELDA2haDf8slI=
31,-20,Sc22eg1FEtG7ieA7wFjp9scjO2o=,Qxl3rmVt1zgVhgYmcozfNetrpek=
31,-19,Sc22eg1FEtG7ieA7wFjp9scjO2o=,Qxl3rmVt1zgVhgYmcozfNetrpek=
31,-18,Sc22eg1FEtG7ieA7wFjp9scjO2o=,Qxl3rmVt1zgVhgYmcozfNetrpek=
30,-17,Sc22eg1FEtG7ieA7wFjp9scjO2o=,Qxl3rmVt1zgVhgYmcozfNetrpek=
29,-17,Sc22eg1FEtG7ieA7wFjp9scjO2o=,Qxl3rmVt1zgVhgYmcozfNetrpek=
25,-17,Sc22eg1FEtG7ieA7wFjp9scjO2o=,a2f9rkfOLJRCcMutYK0jA27dmSU=
16,-19,Sc22eg1FEtG7ieA7wFjp9scjO2o=,tAYSG+eEovJUOJ1F+TmCYUnqn3I=
16,-21,Sc22eg1FEtG7ieA7wFjp9scjO2o=,Htgm7Oyke6xobBmp1FvE+Uvu3vY=
28,-17,Sc22eg1FEtG7ieA7wFjp9scjO2o=,Qxl3rmVt1zgVhgYmcozfNetrpek=
16,-18,TT5g4tkWzJAtbsvm/1Hj+SwSoSI=,tAYSG+eEovJUOJ1F+TmCYUnqn3I=
26,-17,TT5g4tkWzJAtbsvm/1Hj+SwSoSI=,a2f9rkfOLJRCcMutYK0jA27dmSU=
16,-20,TT5g4tkWzJAtbsvm/1Hj+SwSoSI=,tAYSG+eEovJUOJ1F+TmCYUnqn3I=
27,-17,TT5g4tkWzJAtbsvm/1Hj+SwSoSI=,a2f9rkfOLJRCcMutYK0jA27dmSU=
23,-17,TT5g4tkWzJAtbsvm/1Hj+SwSoSI=,R0YXFR/4/J7EXrPjMPW7RVy5a6E=
22,-17,TT5g4tkWzJAtbsvm/1Hj+SwSoSI=,R0YXFR/4/J7EXrPjMPW7RVy5a6E=
24,-17,TT5g4tkWzJAtbsvm/1Hj+SwSoSI=,a2f9rkfOLJRCcMutYK0jA27dmSU=
17,-17,TT5g4tkWzJAtbsvm/1Hj+SwSoSI=,tAYSG+eEovJUOJ1F+TmCYUnqn3I=
18,-17,TT5g4tkWzJAtbsvm/1Hj+SwSoSI=,tAYSG+eEovJUOJ1F+TmCYUnqn3I=
19,-17,TT5g4tkWzJAtbsvm/1Hj+SwSoSI=,tAYSG+eEovJUOJ1F+TmCYUnqn3I=
20,-17,TT5g4tkWzJAtbsvm/1Hj+SwSoSI=,R0YXFR/4/J7EXrPjMPW7RVy5a6E=
21,-17,TT5g4tkWzJAtbsvm/1Hj+SwSoSI=,R0YXFR/4/J7EXrPjMPW7RVy5a6E=
24,-32,TT5g4tkWzJAtbsvm/1Hj+SwSoSI=,RW7uAUAkGui6bJ2SKkRVuKp/Qwo=
23,-32,TT5g4tkWzJAtbsvm/1Hj+SwSoSI=,QpHZL6R9zBIgb1Zy2xlssGL//f0=
25,-32,TT5g4tkWzJAtbsvm/1Hj+SwSoSI=,RW7uAUAkGui6bJ2SKkRVuKp/Qwo=
26,-32,TT5g4tkWzJAtbsvm/1Hj+SwSoSI=,RW7uAUAkGui6bJ2SKkRVuKp/Qwo=
28,-32,TT5g4tkWzJAtbsvm/1Hj+SwSoSI=,92Z8gXJ8uzapMQNmKu/ffnK5x78=
30,-32,TT5g4tkWzJAtbsvm/1Hj+SwSoSI=,92Z8gXJ8uzapMQNmKu/ffnK5x78=
29,-32,TT5g4tkWzJAtbsvm/1Hj+SwSoSI=,92Z8gXJ8uzapMQNmKu/ffnK5x78=
27,-32,TT5g4tkWzJAtbsvm/1Hj+SwSoSI=,RW7uAUAkGui6bJ2SKkRVuKp/Qwo=
16,-17,TT5g4tkWzJAtbsvm/1Hj+SwSoSI=,tAYSG+eEovJUOJ1F+TmCYUnqn3I=
31,-28,TT5g4tkWzJAtbsvm/1Hj+SwSoSI=,tbKN30IWIt+Dy7G7MV0f1PErKoU=
31,-30,TT5g4tkWzJAtbsvm/1Hj+SwSoSI=,92Z8gXJ8uzapMQNmKu/ffnK5x78=
31,-31,TT5g4tkWzJAtbsvm/1Hj+SwSoSI=,92Z8gXJ8uzapMQNmKu/ffnK5x78=
31,-29,TT5g4tkWzJAtbsvm/1Hj+SwSoSI=,92Z8gXJ8uzapMQNmKu/ffnK5x78=
31,-17,TT5g4tkWzJAtbsvm/1Hj+SwSoSI=,Qxl3rmVt1zgVhgYmcozfNetrpek=
31,-32,TT5g4tkWzJAtbsvm/1Hj+SwSoSI=,92Z8gXJ8uzapMQNmKu/ffnK5x78=
9,-23,TT5g4tkWzJAtbsvm/1Hj+SwSoSI=,yvO8sxvA+UcfRnpCQ4yAdRMmOIc=
10,-22,TT5g4tkWzJAtbsvm/1Hj+SwSoSI=,yvO8sxvA+UcfRnpCQ4yAdRMmOIc=
9,-22,TT5g4tkWzJAtbsvm/1Hj+SwSoSI=,yvO8sxvA+UcfRnpCQ4yAdRMmOIc=
10,-23,TT5g4tkWzJAtbsvm/1Hj+SwSoSI=,yvO8sxvA+UcfRnpCQ4yAdRMmOIc=
9,-21,TT5g4tkWzJAtbsvm/1Hj+SwSoSI=,yvO8sxvA+UcfRnpCQ4yAdRMmOIc=
10,-18,TT5g4tkWzJAtbsvm/1Hj+SwSoSI=,vJUwM31t4MhUmHomPI/J7rfK7GI=
10,-19,TT5g4tkWzJAtbsvm/1Hj+SwSoSI=,vJUwM31t4MhUmHomPI/J7rfK7GI=
9,-19,TT5g4tkWzJAtbsvm/1Hj+SwSoSI=,vJUwM31t4MhUmHomPI/J7rfK7GI=
10,-20,TT5g4tkWzJAtbsvm/1Hj+SwSoSI=,vJUwM31t4MhUmHomPI/J7rfK7GI=
9,-20,TT5g4tkWzJAtbsvm/1Hj+SwSoSI=,vJUwM31t4MhUmHomPI/J7rfK7GI=
10,-21,TT5g4tkWzJAtbsvm/1Hj+SwSoSI=,yvO8sxvA+UcfRnpCQ4yAdRMmOIc=
9,-18,TT5g4tkWzJAtbsvm/1Hj+SwSoSI=,vJUwM31t4MhUmHomPI/J7rfK7GI=
5,-19,TT5g4tkWzJAtbsvm/1Hj+SwSoSI=,fbBbALdXSSTO9V/poGP5lmOaEm4=
6,-19,TT5g4tkWzJAtbsvm/1Hj+SwSoSI=,fbBbALdXSSTO9V/poGP5lmOaEm4=
8,-18,TT5g4tkWzJAtbsvm/1Hj+SwSoSI=,vJUwM31t4MhUmHomPI/J7rfK7GI=
8,-19,TT5g4tkWzJAtbsvm/1Hj+SwSoSI=,vJUwM31t4MhUmHomPI/J7rfK7GI=
7,-19,TT5g4tkWzJAtbsvm/1Hj+SwSoSI=,fbBbALdXSSTO9V/poGP5lmOaEm4=
5,-18,TT5g4tkWzJAtbsvm/1Hj+SwSoSI=,fbBbALdXSSTO9V/poGP5lmOaEm4=
6,-18,TT5g4tkWzJAtbsvm/1Hj+SwSoSI=,fbBbALdXSSTO9V/poGP5lmOaEm4=
7,-18,TT5g4tkWzJAtbsvm/1Hj+SwSoSI=,fbBbALdXSSTO9V/poGP5lmOaEm4=
8,-21,TT5g4tkWzJAtbsvm/1Hj+SwSoSI=,yvO8sxvA+UcfRnpCQ4yAdRMmOIc=
6,-20,+2iFXDH5QdJ542f8bpgDP6Jtsa8=,fbBbALdXSSTO9V/poGP5lmOaEm4=
5,-20,+2iFXDH5QdJ542f8bpgDP6Jtsa8=,fbBbALdXSSTO9V/poGP5lmOaEm4=
5,-22,+2iFXDH5QdJ542f8bpgDP6Jtsa8=,DAJD2HIUyHiwy73dA+XNezg0GXQ=
8,-22,+2iFXDH5QdJ542f8bpgDP6Jtsa8=,yvO8sxvA+UcfRnpCQ4yAdRMmOIc=
6,-22,+2iFXDH5QdJ542f8bpgDP6Jtsa8=,DAJD2HIUyHiwy73dA+XNezg0GXQ=
8,-23,+2iFXDH5QdJ542f8bpgDP6Jtsa8=,yvO8sxvA+UcfRnpCQ4yAdRMmOIc=
7,-20,+2iFXDH5QdJ542f8bpgDP6Jtsa8=,fbBbALdXSSTO9V/poGP5lmOaEm4=
7,-23,+2iFXDH5QdJ542f8bpgDP6Jtsa8=,DAJD2HIUyHiwy73dA+XNezg0GXQ=
6,-23,+2iFXDH5QdJ542f8bpgDP6Jtsa8=,DAJD2HIUyHiwy73dA+XNezg0GXQ=
5,-23,+2iFXDH5QdJ542f8bpgDP6Jtsa8=,DAJD2HIUyHiwy73dA+XNezg0GXQ=
7,-22,+2iFXDH5QdJ542f8bpgDP6Jtsa8=,DAJD2HIUyHiwy73dA+XNezg0GXQ=
5,-21,+2iFXDH5QdJ542f8bpgDP6Jtsa8=,DAJD2HIUyHiwy73dA+XNezg0GXQ=
6,-21,+2iFXDH5QdJ542f8bpgDP6Jtsa8=,DAJD2HIUyHiwy73dA+XNezg0GXQ=
8,-20,+2iFXDH5QdJ542f8bpgDP6Jtsa8=,vJUwM31t4MhUmHomPI/J7rfK7GI=
7,-21,+2iFXDH5QdJ542f8bpgDP6Jtsa8=,DAJD2HIUyHiwy73dA+XNezg0GXQ=
5,-25,+2iFXDH5QdJ542f8bpgDP6Jtsa8=,pKGhynUOYSCIMsbRQ6Q2K3VcWug=
5,-26,+2iFXDH5QdJ542f8bpgDP6Jtsa8=,pKGhynUOYSCIMsbRQ6Q2K3VcWug=
5,-24,+2iFXDH5QdJ542f8bpgDP6Jtsa8=,DAJD2HIUyHiwy73dA+XNezg0GXQ=
6,-26,+2iFXDH5QdJ542f8bpgDP6Jtsa8=,pKGhynUOYSCIMsbRQ6Q2K3VcWug=
5,-27,+2iFXDH5QdJ542f8bpgDP6Jtsa8=,pKGhynUOYSCIMsbRQ6Q2K3VcWug=
6,-27,+2iFXDH5QdJ542f8bpgDP6Jtsa8=,pKGhynUOYSCIMsbRQ6Q2K3VcWug=
6,-24,+2iFXDH5QdJ542f8bpgDP6Jtsa8=,DAJD2HIUyHiwy73dA+XNezg0GXQ=
6,-25,+2iFXDH5QdJ542f8bpgDP6Jtsa8=,pKGhynUOYSCIMsbRQ6Q2K3VcWug=
14,-19,+2iFXDH5QdJ542f8bpgDP6Jtsa8=,vfFh0NcwIIc8J6mY9rPqx/Jdfvk=
11,-18,+2iFXDH5QdJ542f8bpgDP6Jtsa8=,vJUwM31t4MhUmHomPI/J7rfK7GI=
11,-19,pF3QfVSG5y53U4PUR6L3RC2/ajM=,vJUwM31t4MhUmHomPI/J7rfK7GI=
12,-19,pF3QfVSG5y53U4PUR6L3RC2/ajM=,vfFh0NcwIIc8J6mY9rPqx/Jdfvk=
14,-18,pF3QfVSG5y53U4PUR6L3RC2/ajM=,vfFh0NcwIIc8J6mY9rPqx/Jdfvk=
13,-19,pF3QfVSG5y53U4PUR6L3RC2/ajM=,vfFh0NcwIIc8J6mY9rPqx/Jdfvk=
12,-18,pF3QfVSG5y53U4PUR6L3RC2/ajM=,vfFh0NcwIIc8J6mY9rPqx/Jdfvk=
13,-18,pF3QfVSG5y53U4PUR6L3RC2/ajM=,vfFh0NcwIIc8J6mY9rPqx/Jdfvk=
8,-25,pF3QfVSG5y53U4PUR6L3RC2/ajM=,gfM2fJXBP8Hv3tYCkg2WkKN23Ho=
9,-26,pF3QfVSG5y53U4PUR6L3RC2/ajM=,gfM2fJXBP8Hv3tYCkg2WkKN23Ho=
8,-26,pF3QfVSG5y53U4PUR6L3RC2/ajM=,gfM2fJXBP8Hv3tYCkg2WkKN23Ho=
10,-26,pF3QfVSG5y53U4PUR6L3RC2/ajM=,gfM2fJXBP8Hv3tYCkg2WkKN23Ho=
7,-24,pF3QfVSG5y53U4PUR6L3RC2/ajM=,DAJD2HIUyHiwy73dA+XNezg0GXQ=
10,-25,pF3QfVSG5y53U4PUR6L3RC2/ajM=,gfM2fJXBP8Hv3tYCkg2WkKN23Ho=
9,-24,pF3QfVSG5y53U4PUR6L3RC2/ajM=,yvO8sxvA+UcfRnpCQ4yAdRMmOIc=
8,-24,pF3QfVSG5y53U4PUR6L3RC2/ajM=,yvO8sxvA+UcfRnpCQ4yAdRMmOIc=
9,-27,pF3QfVSG5y53U4PUR6L3RC2/ajM=,gfM2fJXBP8Hv3tYCkg2WkKN23Ho=
9,-25,pF3QfVSG5y53U4PUR6L3RC2/ajM=,gfM2fJXBP8Hv3tYCkg2WkKN23Ho=
7,-27,pF3QfVSG5y53U4PUR6L3RC2/ajM=,pKGhynUOYSCIMsbRQ6Q2K3VcWug=
7,-26,pF3QfVSG5y53U4PUR6L3RC2/ajM=,pKGhynUOYSCIMsbRQ6Q2K3VcWug=
8,-27,pF3QfVSG5y53U4PUR6L3RC2/ajM=,gfM2fJXBP8Hv3tYCkg2WkKN23Ho=
10,-24,pF3QfVSG5y53U4PUR6L3RC2/ajM=,yvO8sxvA+UcfRnpCQ4yAdRMmOIc=
10,-27,pF3QfVSG5y53U4PUR6L3RC2/ajM=,gfM2fJXBP8Hv3tYCkg2WkKN23Ho=
7,-25,pF3QfVSG5y53U4PUR6L3RC2/ajM=,pKGhynUOYSCIMsbRQ6Q2K3VcWug=
11,-22,pF3QfVSG5y53U4PUR6L3RC2/ajM=,yvO8sxvA+UcfRnpCQ4yAdRMmOIc=
12,-21,pF3QfVSG5y53U4PUR6L3RC2/ajM=,Ob3HwmdYgHv1JeBe8DLCAKFZPWQ=
12,-20,pF3QfVSG5y53U4PUR6L3RC2/ajM=,vfFh0NcwIIc8J6mY9rPqx/Jdfvk=
11,-20,pF3QfVSG5y53U4PUR6L3RC2/ajM=,vJUwM31t4MhUmHomPI/J7rfK7GI=
11,-23,pF3QfVSG5y53U4PUR6L3RC2/ajM=,yvO8sxvA+UcfRnpCQ4yAdRMmOIc=
11,-21,pF3QfVSG5y53U4PUR6L3RC2/ajM=,yvO8sxvA+UcfRnpCQ4yAdRMmOIc=
12,-23,pF3QfVSG5y53U4PUR6L3RC2/ajM=,Ob3HwmdYgHv1JeBe8DLCAKFZPWQ=
13,-21,mhR0Cz1hmDOJ10bZoB4NAT9FCGk=,Ob3HwmdYgHv1JeBe8DLCAKFZPWQ=
14,-20,mhR0Cz1hmDOJ10bZoB4NAT9FCGk=,vfFh0NcwIIc8J6mY9rPqx/Jdfvk=
13,-23,mhR0Cz1hmDOJ10bZoB4NAT9FCGk=,Ob3HwmdYgHv1JeBe8DLCAKFZPWQ=
14,-23,mhR0Cz1hmDOJ10bZoB4NAT9FCGk=,Ob3HwmdYgHv1JeBe8DLCAKFZPWQ=
13,-20,mhR0Cz1hmDOJ10bZoB4NAT9FCGk=,vfFh0NcwIIc8J6mY9rPqx/Jdfvk=
13,-22,mhR0Cz1hmDOJ10bZoB4NAT9FCGk=,Ob3HwmdYgHv1JeBe8DLCAKFZPWQ=
14,-21,mhR0Cz1hmDOJ10bZoB4NAT9FCGk=,Ob3HwmdYgHv1JeBe8DLCAKFZPWQ=
12,-22,mhR0Cz1hmDOJ10bZoB4NAT9FCGk=,Ob3HwmdYgHv1JeBe8DLCAKFZPWQ=
9,-31,mhR0Cz1hmDOJ10bZoB4NAT9FCGk=,VZY1vUINkr7ur9KfDyziZdZiA1A=
10,-31,mhR0Cz1hmDOJ10bZoB4NAT9FCGk=,VZY1vUINkr7ur9KfDyziZdZiA1A=
9,-30,mhR0Cz1hmDOJ10bZoB4NAT9FCGk=,VZY1vUINkr7ur9KfDyziZdZiA1A=
10,-30,mhR0Cz1hmDOJ10bZoB4NAT9FCGk=,VZY1vUINkr7ur9KfDyziZdZiA1A=
9,-28,mhR0Cz1hmDOJ10bZoB4NAT9FCGk=,gfM2fJXBP8Hv3tYCkg2WkKN23Ho=
10,-28,mhR0Cz1hmDOJ10bZoB4NAT9FCGk=,gfM2fJXBP8Hv3tYCkg2WkKN23Ho=
9,-29,mhR0Cz1hmDOJ10bZoB4NAT9FCGk=,VZY1vUINkr7ur9KfDyziZdZiA1A=
14,-22,mhR0Cz1hmDOJ10bZoB4NAT9FCGk=,Ob3HwmdYgHv1JeBe8DLCAKFZPWQ=
10,-29,mhR0Cz1hmDOJ10bZoB4NAT9FCGk=,VZY1vUINkr7ur9KfDyziZdZiA1A=
11,-27,mhR0Cz1hmDOJ10bZoB4NAT9FCGk=,gfM2fJXBP8Hv3tYCkg2WkKN23Ho=
14,-26,mhR0Cz1hmDOJ10bZoB4NAT9FCGk=,YONJ3IDYSL8X1bjkXyF8gTz4jK0=
12,-26,mhR0Cz1hmDOJ10bZoB4NAT9FCGk=,YONJ3IDYSL8X1bjkXyF8gTz4jK0=
12,-24,mhR0Cz1hmDOJ10bZoB4NAT9FCGk=,Ob3HwmdYgHv1JeBe8DLCAKFZPWQ=
12,-27,mhR0Cz1hmDOJ10bZoB4NAT9FCGk=,YONJ3IDYSL8X1bjkXyF8gTz4jK0=
14,-25,mhR0Cz1hmDOJ10bZoB4NAT9FCGk=,YONJ3IDYSL8X1bjkXyF8gTz4jK0=
13,-24,mhR0Cz1hmDOJ10bZoB4NAT9FCGk=,Ob3HwmdYgHv1JeBe8DLCAKFZPWQ=
13,-25,mhR0Cz1hmDOJ10bZoB4NAT9FCGk=,YONJ3IDYSL8X1bjkXyF8gTz4jK0=
14,-24,mhR0Cz1hmDOJ10bZoB4NAT9FCGk=,Ob3HwmdYgHv1JeBe8DLCAKFZPWQ=
11,-24,mhR0Cz1hmDOJ10bZoB4NAT9FCGk=,yvO8sxvA+UcfRnpCQ4yAdRMmOIc=
11,-26,mhR0Cz1hmDOJ10bZoB4NAT9FCGk=,gfM2fJXBP8Hv3tYCkg2WkKN23Ho=
12,-25,mhR0Cz1hmDOJ10bZoB4NAT9FCGk=,YONJ3IDYSL8X1bjkXyF8gTz4jK0=
11,-25,mhR0Cz1hmDOJ10bZoB4NAT9FCGk=,gfM2fJXBP8Hv3tYCkg2WkKN23Ho=
13,-26,mhR0Cz1hmDOJ10bZoB4NAT9FCGk=,YONJ3IDYSL8X1bjkXyF8gTz4jK0=
13,-27,mhR0Cz1hmDOJ10bZoB4NAT9FCGk=,YONJ3IDYSL8X1bjkXyF8gTz4jK0=
14,-27,mhR0Cz1hmDOJ10bZoB4NAT9FCGk=,YONJ3IDYSL8X1bjkXyF8gTz4jK0=
12,-31,mhR0Cz1hmDOJ10bZoB4NAT9FCGk=,Xa0O2FAmRiI2KtweNVLWqlQzoUA=
12,-29,mhR0Cz1hmDOJ10bZoB4NAT9FCGk=,Xa0O2FAmRiI2KtweNVLWqlQzoUA=
14,-30,mhR0Cz1hmDOJ10bZoB4NAT9FCGk=,Xa0O2FAmRiI2KtweNVLWqlQzoUA=
13,-29,mhR0Cz1hmDOJ10bZoB4NAT9FCGk=,Xa0O2FAmRiI2KtweNVLWqlQzoUA=
14,-29,mhR0Cz1hmDOJ10bZoB4NAT9FCGk=,Xa0O2FAmRiI2KtweNVLWqlQzoUA=
13,-28,mhR0Cz1hmDOJ10bZoB4NAT9FCGk=,YONJ3IDYSL8X1bjkXyF8gTz4jK0=
13,-31,mhR0Cz1hmDOJ10bZoB4NAT9FCGk=,Xa0O2FAmRiI2KtweNVLWqlQzoUA=
11,-29,mhR0Cz1hmDOJ10bZoB4NAT9FCGk=,VZY1vUINkr7ur9KfDyziZdZiA1A=
11,-30,mhR0Cz1hmDOJ10bZoB4NAT9FCGk=,VZY1vUINkr7ur9KfDyziZdZiA1A=
13,-30,mhR0Cz1hmDOJ10bZoB4NAT9FCGk=,Xa0O2FAmRiI2KtweNVLWqlQzoUA=
12,-30,mhR0Cz1hmDOJ10bZoB4NAT9FCGk=,Xa0O2FAmRiI2KtweNVLWqlQzoUA=
11,-31,mhR0Cz1hmDOJ10bZoB4NAT9FCGk=,VZY1vUINkr7ur9KfDyziZdZiA1A=
14,-31,mhR0Cz1hmDOJ10bZoB4NAT9FCGk=,Xa0O2FAmRiI2KtweNVLWqlQzoUA=
12,-28,mhR0Cz1hmDOJ10bZoB4NAT9FCGk=,YONJ3IDYSL8X1bjkXyF8gTz4jK0=
14,-28,mhR0Cz1hmDOJ10bZoB4NAT9FCGk=,YONJ3IDYSL8X1bjkXyF8gTz4jK0=
11,-28,mhR0Cz1hmDOJ10bZoB4NAT9FCGk=,gfM2fJXBP8Hv3tYCkg2WkKN23Ho=
13,-32,mhR0Cz1hmDOJ10bZoB4NAT9FCGk=,Xa0O2FAmRiI2KtweNVLWqlQzoUA=
14,-32,mhR0Cz1hmDOJ10bZoB4NAT9FCGk=,Xa0O2FAmRiI2KtweNVLWqlQzoUA=
12,-32,mhR0Cz1hmDOJ10bZoB4NAT9FCGk=,Xa0O2FAmRiI2KtweNVLWqlQzoUA=
11,-32,mhR0Cz1hmDOJ10bZoB4NAT9FCGk=,VZY1vUINkr7ur9KfDyziZdZiA1A=
9,-32,mhR0Cz1hmDOJ10bZoB4NAT9FCGk=,VZY1vUINkr7ur9KfDyziZdZiA1A=
10,-32,mhR0Cz1hmDOJ10bZoB4NAT9FCGk=,VZY1vUINkr7ur9KfDyziZdZiA1A=
5,-31,mhR0Cz1hmDOJ10bZoB4NAT9FCGk=,e0jOefwK5vMcnzUxpTmrf5uvjLc=
6,-31,mhR0Cz1hmDOJ10bZoB4NAT9FCGk=,e0jOefwK5vMcnzUxpTmrf5uvjLc=
7,-31,mhR0Cz1hmDOJ10bZoB4NAT9FCGk=,e0jOefwK5vMcnzUxpTmrf5uvjLc=
7,-32,mhR0Cz1hmDOJ10bZoB4NAT9FCGk=,e0jOefwK5vMcnzUxpTmrf5uvjLc=
8,-32,mhR0Cz1hmDOJ10bZoB4NAT9FCGk=,VZY1vUINkr7ur9KfDyziZdZiA1A=
5,-30,mhR0Cz1hmDOJ10bZoB4NAT9FCGk=,e0jOefwK5vMcnzUxpTmrf5uvjLc=
6,-32,mhR0Cz1hmDOJ10bZoB4NAT9FCGk=,e0jOefwK5vMcnzUxpTmrf5uvjLc=
5,-32,mhR0Cz1hmDOJ10bZoB4NAT9FCGk=,e0jOefwK5vMcnzUxpTmrf5uvjLc=
8,-31,mhR0Cz1hmDOJ10bZoB4NAT9FCGk=,VZY1vUINkr7ur9KfDyziZdZiA1A=
6,-30,mhR0Cz1hmDOJ10bZoB4NAT9FCGk=,e0jOefwK5vMcnzUxpTmrf5uvjLc=
7,-30,mhR0Cz1hmDOJ10bZoB4NAT9FCGk=,e0jOefwK5vMcnzUxpTmrf5uvjLc=
5,-29,mhR0Cz1hmDOJ10bZoB4NAT9FCGk=,e0jOefwK5vMcnzUxpTmrf5uvjLc=
6,-29,mhR0Cz1hmDOJ10bZoB4NAT9FCGk=,e0jOefwK5vMcnzUxpTmrf5uvjLc=
7,-29,mhR0Cz1hmDOJ10bZoB4NAT9FCGk=,e0jOefwK5vMcnzUxpTmrf5uvjLc=
8,-28,mhR0Cz1hmDOJ10bZoB4NAT9FCGk=,gfM2fJXBP8Hv3tYCkg2WkKN23Ho=
6,-28,mhR0Cz1hmDOJ10bZoB4NAT9FCGk=,pKGhynUOYSCIMsbRQ6Q2K3VcWug=
5,-28,mhR0Cz1hmDOJ10bZoB4NAT9FCGk=,pKGhynUOYSCIMsbRQ6Q2K3VcWug=
8,-30,mhR0Cz1hmDOJ10bZoB4NAT9FCGk=,VZY1vUINkr7ur9KfDyziZdZiA1A=
7,-28,mhR0Cz1hmDOJ10bZoB4NAT9FCGk=,pKGhynUOYSCIMsbRQ6Q2K3VcWug=
8,-29,mhR0Cz1hmDOJ10bZoB4NAT9FCGk=,VZY1vUINkr7ur9KfDyziZdZiA1A=
1,-31,mhR0Cz1hmDOJ10bZoB4NAT9FCGk=,mV9I/UDFca3NRvpSCdqtZus2F9E=
4,-31,mhR0Cz1hmDOJ10bZoB4NAT9FCGk=,e0jOefwK5vMcnzUxpTmrf5uvjLc=
2,-31,mhR0Cz1hmDOJ10bZoB4NAT9FCGk=,mV9I/UDFca3NRvpSCdqtZus2F9E=
3,-31,mhR0Cz1hmDOJ10bZoB4NAT9FCGk=,mV9I/UDFca3NRvpSCdqtZus2F9E=
1,-30,mhR0Cz1hmDOJ10bZoB4NAT9FCGk=,mV9I/UDFca3NRvpSCdqtZus2F9E=
4,-30,mhR0Cz1hmDOJ10bZoB4NAT9FCGk=,e0jOefwK5vMcnzUxpTmrf5uvjLc=
2,-30,mhR0Cz1hmDOJ10bZoB4NAT9FCGk=,mV9I/UDFca3NRvpSCdqtZus2F9E=
3,-30,mhR0Cz1hmDOJ10bZoB4NAT9FCGk=,mV9I/UDFca3NRvpSCdqtZus2F9E=
4,-29,mhR0Cz1hmDOJ10bZoB4NAT9FCGk=,e0jOefwK5vMcnzUxpTmrf5uvjLc=
4,-28,mhR0Cz1hmDOJ10bZoB4NAT9FCGk=,pKGhynUOYSCIMsbRQ6Q2K3VcWug=
1,-27,mhR0Cz1hmDOJ10bZoB4NAT9FCGk=,jxdNli6GTEei1Hm9RvPVncIr0WI=
2,-27,mhR0Cz1hmDOJ10bZoB4NAT9FCGk=,jxdNli6GTEei1Hm9RvPVncIr0WI=
1,-29,mhR0Cz1hmDOJ10bZoB4NAT9FCGk=,mV9I/UDFca3NRvpSCdqtZus2F9E=
3,-27,mhR0Cz1hmDOJ10bZoB4NAT9FCGk=,jxdNli6GTEei1Hm9RvPVncIr0WI=
2,-29,mhR0Cz1hmDOJ10bZoB4NAT9FCGk=,mV9I/UDFca3NRvpSCdqtZus2F9E=
4,-27,mhR0Cz1hmDOJ10bZoB4NAT9FCGk=,pKGhynUOYSCIMsbRQ6Q2K3VcWug=
1,-26,mhR0Cz1hmDOJ10bZoB4NAT9FCGk=,jxdNli6GTEei1Hm9RvPVncIr0WI=
3,-29,mhR0Cz1hmDOJ10bZoB4NAT9FCGk=,mV9I/UDFca3NRvpSCdqtZus2F9E=
2,-26,mhR0Cz1hmDOJ10bZoB4NAT9FCGk=,jxdNli6GTEei1Hm9RvPVncIr0WI=
3,-28,mhR0Cz1hmDOJ10bZoB4NAT9FCGk=,jxdNli6GTEei1Hm9RvPVncIr0WI=
3,-26,mhR0Cz1hmDOJ10bZoB4NAT9FCGk=,jxdNli6GTEei1Hm9RvPVncIr0WI=
4,-26,mhR0Cz1hmDOJ10bZoB4NAT9FCGk=,pKGhynUOYSCIMsbRQ6Q2K3VcWug=
2,-28,mhR0Cz1hmDOJ10bZoB4NAT9FCGk=,jxdNli6GTEei1Hm9RvPVncIr0WI=
1,-28,mhR0Cz1hmDOJ10bZoB4NAT9FCGk=,jxdNli6GTEei1Hm9RvPVncIr0WI=
4,-23,mhR0Cz1hmDOJ10bZoB4NAT9FCGk=,DAJD2HIUyHiwy73dA+XNezg0GXQ=
4,-24,mhR0Cz1hmDOJ10bZoB4NAT9FCGk=,DAJD2HIUyHiwy73dA+XNezg0GXQ=
3,-25,mhR0Cz1hmDOJ10bZoB4NAT9FCGk=,jxdNli6GTEei1Hm9RvPVncIr0WI=
4,-25,mhR0Cz1hmDOJ10bZoB4NAT9FCGk=,pKGhynUOYSCIMsbRQ6Q2K3VcWug=
1,-25,mhR0Cz1hmDOJ10bZoB4NAT9FCGk=,jxdNli6GTEei1Hm9RvPVncIr0WI=
2,-25,mhR0Cz1hmDOJ10bZoB4NAT9FCGk=,jxdNli6GTEei1Hm9RvPVncIr0WI=
4,-22,mhR0Cz1hmDOJ10bZoB4NAT9FCGk=,DAJD2HIUyHiwy73dA+XNezg0GXQ=
3,-32,mhR0Cz1hmDOJ10bZoB4NAT9FCGk=,mV9I/UDFca3NRvpSCdqtZus2F9E=
2,-32,mhR0Cz1hmDOJ10bZoB4NAT9FCGk=,mV9I/UDFca3NRvpSCdqtZus2F9E=
4,-32,mhR0Cz1hmDOJ10bZoB4NAT9FCGk=,e0jOefwK5vMcnzUxpTmrf5uvjLc=
1,-32,mhR0Cz1hmDOJ10bZoB4NAT9FCGk=,mV9I/UDFca3NRvpSCdqtZus2F9E=
0,-30,mhR0Cz1hmDOJ10bZoB4NAT9FCGk=,mV9I/UDFca3NRvpSCdqtZus2F9E=
0,-26,mhR0Cz1hmDOJ10bZoB4NAT9FCGk=,jxdNli6GTEei1Hm9RvPVncIr0WI=
0,-27,mhR0Cz1hmDOJ10bZoB4NAT9FCGk=,jxdNli6GTEei1Hm9RvPVncIr0WI=
0,-29,mhR0Cz1hmDOJ10bZoB4NAT9FCGk=,mV9I/UDFca3NRvpSCdqtZus2F9E=
0,-28,mhR0Cz1hmDOJ10bZoB4NAT9FCGk=,jxdNli6GTEei1Hm9RvPVncIr0WI=
0,-31,mhR0Cz1hmDOJ10bZoB4NAT9FCGk=,mV9I/UDFca3NRvpSCdqtZus2F9E=
15,-30,mhR0Cz1hmDOJ10bZoB4NAT9FCGk=,Xa0O2FAmRiI2KtweNVLWqlQzoUA=
0,-32,mhR0Cz1hmDOJ10bZoB4NAT9FCGk=,mV9I/UDFca3NRvpSCdqtZus2F9E=
15,-31,mhR0Cz1hmDOJ10bZoB4NAT9FCGk=,Xa0O2FAmRiI2KtweNVLWqlQzoUA=
15,-32,mhR0Cz1hmDOJ10bZoB4NAT9FCGk=,Xa0O2FAmRiI2KtweNVLWqlQzoUA=
15,-25,mhR0Cz1hmDOJ10bZoB4NAT9FCGk=,YONJ3IDYSL8X1bjkXyF8gTz4jK0=
15,-22,mhR0Cz1hmDOJ10bZoB4NAT9FCGk=,Ob3HwmdYgHv1JeBe8DLCAKFZPWQ=
15,-26,mhR0Cz1hmDOJ10bZoB4NAT9FCGk=,YONJ3IDYSL8X1bjkXyF8gTz4jK0=
15,-29,mhR0Cz1hmDOJ10bZoB4NAT9FCGk=,Xa0O2FAmRiI2KtweNVLWqlQzoUA=
15,-23,mhR0Cz1hmDOJ10bZoB4NAT9FCGk=,Ob3HwmdYgHv1JeBe8DLCAKFZPWQ=
15,-24,mhR0Cz1hmDOJ10bZoB4NAT9FCGk=,Ob3HwmdYgHv1JeBe8DLCAKFZPWQ=
15,-27,mhR0Cz1hmDOJ10bZoB4NAT9FCGk=,YONJ3IDYSL8X1bjkXyF8gTz4jK0=
15,-28,mhR0Cz1hmDOJ10bZoB4NAT9FCGk=,YONJ3IDYSL8X1bjkXyF8gTz4jK0=
15,-19,mhR0Cz1hmDOJ10bZoB4NAT9FCGk=,vfFh0NcwIIc8J6mY9rPqx/Jdfvk=
15,-18,mhR0Cz1hmDOJ10bZoB4NAT9FCGk=,vfFh0NcwIIc8J6mY9rPqx/Jdfvk=
15,-20,mhR0Cz1hmDOJ10bZoB4NAT9FCGk=,vfFh0NcwIIc8J6mY9rPqx/Jdfvk=
15,-21,mhR0Cz1hmDOJ10bZoB4NAT9FCGk=,Ob3HwmdYgHv1JeBe8DLCAKFZPWQ=
14,-17,mhR0Cz1hmDOJ10bZoB4NAT9FCGk=,vfFh0NcwIIc8J6mY9rPqx/Jdfvk=
13,-17,mhR0Cz1hmDOJ10bZoB4NAT9FCGk=,vfFh0NcwIIc8J6mY9rPqx/Jdfvk=
9,-17,mhR0Cz1hmDOJ10bZoB4NAT9FCGk=,vJUwM31t4MhUmHomPI/J7rfK7GI=
10,-17,mhR0Cz1hmDOJ10bZoB4NAT9FCGk=,vJUwM31t4MhUmHomPI/J7rfK7GI=
11,-17,i/213Z+0vXl7Fz+PPyrtwhT2VAM=,vJUwM31t4MhUmHomPI/J7rfK7GI=
12,-17,i/213Z+0vXl7Fz+PPyrtwhT2VAM=,vfFh0NcwIIc8J6mY9rPqx/Jdfvk=
4,-21,i/213Z+0vXl7Fz+PPyrtwhT2VAM=,DAJD2HIUyHiwy73dA+XNezg0GXQ=
4,-19,i/213Z+0vXl7Fz+PPyrtwhT2VAM=,fbBbALdXSSTO9V/poGP5lmOaEm4=
4,-18,i/213Z+0vXl7Fz+PPyrtwhT2VAM=,fbBbALdXSSTO9V/poGP5lmOaEm4=
4,-20,i/213Z+0vXl7Fz+PPyrtwhT2VAM=,fbBbALdXSSTO9V/poGP5lmOaEm4=
6,-17,i/213Z+0vXl7Fz+PPyrtwhT2VAM=,fbBbALdXSSTO9V/poGP5lmOaEm4=
5,-17,i/213Z+0vXl7Fz+PPyrtwhT2VAM=,fbBbALdXSSTO9V/poGP5lmOaEm4=
8,-17,i/213Z+0vXl7Fz+PPyrtwhT2VAM=,vJUwM31t4MhUmHomPI/J7rfK7GI=
7,-17,i/213Z+0vXl7Fz+PPyrtwhT2VAM=,fbBbALdXSSTO9V/poGP5lmOaEm4=
4,-17,i/213Z+0vXl7Fz+PPyrtwhT2VAM=,fbBbALdXSSTO9V/poGP5lmOaEm4=
15,-17,i/213Z+0vXl7Fz+PPyrtwhT2VAM=,vfFh0NcwIIc8J6mY9rPqx/Jdfvk=
0,-25,i/213Z+0vXl7Fz+PPyrtwhT2VAM=,jxdNli6GTEei1Hm9RvPVncIr0WI=
5,-7,i48wnDrUq8LVDqrRxwbfqFHUkV8=,jUWJA3vLTowcwtDNSyqwt9Q7Zpg=
5,-6,i48wnDrUq8LVDqrRxwbfqFHUkV8=,jUWJA3vLTowcwtDNSyqwt9Q7Zpg=
6,-7,i48wnDrUq8LVDqrRxwbfqFHUkV8=,jUWJA3vLTowcwtDNSyqwt9Q7Zpg=
6,-6,i48wnDrUq8LVDqrRxwbfqFHUkV8=,jUWJA3vLTowcwtDNSyqwt9Q7Zpg=
4,-7,i48wnDrUq8LVDqrRxwbfqFHUkV8=,jUWJA3vLTowcwtDNSyqwt9Q7Zpg=
3,-6,i48wnDrUq8LVDqrRxwbfqFHUkV8=,qb4aSH/dD+Z9+1B+QVIoBPmKk88=
3,-7,i48wnDrUq8LVDqrRxwbfqFHUkV8=,qb4aSH/dD+Z9+1B+QVIoBPmKk88=
2,-6,i48wnDrUq8LVDqrRxwbfqFHUkV8=,qb4aSH/dD+Z9+1B+QVIoBPmKk88=
1,-6,i48wnDrUq8LVDqrRxwbfqFHUkV8=,qb4aSH/dD+Z9+1B+QVIoBPmKk88=
4,-6,i48wnDrUq8LVDqrRxwbfqFHUkV8=,jUWJA3vLTowcwtDNSyqwt9Q7Zpg=
2,-7,i48wnDrUq8LVDqrRxwbfqFHUkV8=,qb4aSH/dD+Z9+1B+QVIoBPmKk88=
1,-7,i48wnDrUq8LVDqrRxwbfqFHUkV8=,qb4aSH/dD+Z9+1B+QVIoBPmKk88=
6,-2,3nW7smLfCgy1OxhrHci4OSvnHt4=,bwHeYS8ZCEyjCGkCi8p0wfC0xXc=
6,-4,3nW7smLfCgy1OxhrHci4OSvnHt4=,bwHeYS8ZCEyjCGkCi8p0wfC0xXc=
5,-3,3nW7smLfCgy1OxhrHci4OSvnHt4=,bwHeYS8ZCEyjCGkCi8p0wfC0xXc=
5,-2,3nW7smLfCgy1OxhrHci4OSvnHt4=,bwHeYS8ZCEyjCGkCi8p0wfC0xXc=
5,-4,3nW7smLfCgy1OxhrHci4OSvnHt4=,bwHeYS8ZCEyjCGkCi8p0wfC0xXc=
6,-5,3nW7smLfCgy1OxhrHci4OSvnHt4=,jUWJA3vLTowcwtDNSyqwt9Q7Zpg=
6,-3,3nW7smLfCgy1OxhrHci4OSvnHt4=,bwHeYS8ZCEyjCGkCi8p0wfC0xXc=
5,-5,3nW7smLfCgy1OxhrHci4OSvnHt4=,jUWJA3vLTowcwtDNSyqwt9Q7Zpg=
3,-2,3nW7smLfCgy1OxhrHci4OSvnHt4=,bLNFvfaTpPHRqg1OL1Bty/wPl68=
4,-4,3nW7smLfCgy1OxhrHci4OSvnHt4=,bwHeYS8ZCEyjCGkCi8p0wfC0xXc=
3,-4,3nW7smLfCgy1OxhrHci4OSvnHt4=,bLNFvfaTpPHRqg1OL1Bty/wPl68=
2,-4,3nW7smLfCgy1OxhrHci4OSvnHt4=,bLNFvfaTpPHRqg1OL1Bty/wPl68=
1,-4,3nW7smLfCgy1OxhrHci4OSvnHt4=,bLNFvfaTpPHRqg1OL1Bty/wPl68=
4,-3,3nW7smLfCgy1OxhrHci4OSvnHt4=,bwHeYS8ZCEyjCGkCi8p0wfC0xXc=
2,-2,3nW7smLfCgy1OxhrHci4OSvnHt4=,bLNFvfaTpPHRqg1OL1Bty/wPl68=
3,-5,3nW7smLfCgy1OxhrHci4OSvnHt4=,qb4aSH/dD+Z9+1B+QVIoBPmKk88=
2,-5,3nW7smLfCgy1OxhrHci4OSvnHt4=,qb4aSH/dD+Z9+1B+QVIoBPmKk88=
3,-3,3nW7smLfCgy1OxhrHci4OSvnHt4=,bLNFvfaTpPHRqg1OL1Bty/wPl68=
4,-2,3nW7smLfCgy1OxhrHci4OSvnHt4=,bwHeYS8ZCEyjCGkCi8p0wfC0xXc=
2,-3,3nW7smLfCgy1OxhrHci4OSvnHt4=,bLNFvfaTpPHRqg1OL1Bty/wPl68=
4,-5,3nW7smLfCgy1OxhrHci4OSvnHt4=,jUWJA3vLTowcwtDNSyqwt9Q7Zpg=
1,-5,3nW7smLfCgy1OxhrHci4OSvnHt4=,qb4aSH/dD+Z9+1B+QVIoBPmKk88=
1,-2,3nW7smLfCgy1OxhrHci4OSvnHt4=,bLNFvfaTpPHRqg1OL1Bty/wPl68=
1,-3,3nW7smLfCgy1OxhrHci4OSvnHt4=,bLNFvfaTpPHRqg1OL1Bty/wPl68=
5,-10,3nW7smLfCgy1OxhrHci4OSvnHt4=,Ytw6MNjboWx7YDKx5M/Yb9gr5iI=
6,-11,//bH/ib1ePDOn7dUTQPSzW7ZJaQ=,Ytw6MNjboWx7YDKx5M/Yb9gr5iI=
6,-10,//bH/ib1ePDOn7dUTQPSzW7ZJaQ=,Ytw6MNjboWx7YDKx5M/Yb9gr5iI=
5,-11,//bH/ib1ePDOn7dUTQPSzW7ZJaQ=,Ytw6MNjboWx7YDKx5M/Yb9gr5iI=
6,-8,//bH/ib1ePDOn7dUTQPSzW7ZJaQ=,jUWJA3vLTowcwtDNSyqwt9Q7Zpg=
5,-8,//bH/ib1ePDOn7dUTQPSzW7ZJaQ=,jUWJA3vLTowcwtDNSyqwt9Q7Zpg=
5,-9,//bH/ib1ePDOn7dUTQPSzW7ZJaQ=,Ytw6MNjboWx7YDKx5M/Yb9gr5iI=
6,-9,//bH/ib1ePDOn7dUTQPSzW7ZJaQ=,Ytw6MNjboWx7YDKx5M/Yb9gr5iI=
6,-14,//bH/ib1ePDOn7dUTQPSzW7ZJaQ=,ddXYLc2YevJI3g7tEJiy4/KGXUE=
5,-14,//bH/ib1ePDOn7dUTQPSzW7ZJaQ=,ddXYLc2YevJI3g7tEJiy4/KGXUE=
5,-13,//bH/ib1ePDOn7dUTQPSzW7ZJaQ=,ddXYLc2YevJI3g7tEJiy4/KGXUE=
5,-15,//bH/ib1ePDOn7dUTQPSzW7ZJaQ=,ddXYLc2YevJI3g7tEJiy4/KGXUE=
6,-15,//bH/ib1ePDOn7dUTQPSzW7ZJaQ=,ddXYLc2YevJI3g7tEJiy4/KGXUE=
6,-13,//bH/ib1ePDOn7dUTQPSzW7ZJaQ=,ddXYLc2YevJI3g7tEJiy4/KGXUE=
5,-12,//bH/ib1ePDOn7dUTQPSzW7ZJaQ=,Ytw6MNjboWx7YDKx5M/Yb9gr5iI=
6,-12,//bH/ib1ePDOn7dUTQPSzW7ZJaQ=,Ytw6MNjboWx7YDKx5M/Yb9gr5iI=
3,-8,//bH/ib1ePDOn7dUTQPSzW7ZJaQ=,qb4aSH/dD+Z9+1B+QVIoBPmKk88=
3,-10,//bH/ib1ePDOn7dUTQPSzW7ZJaQ=,oX46LjRzarH2IV4fIn2Gg7RZRHg=
4,-9,//bH/ib1ePDOn7dUTQPSzW7ZJaQ=,Ytw6MNjboWx7YDKx5M/Yb9gr5iI=
4,-10,//bH/ib1ePDOn7dUTQPSzW7ZJaQ=,Ytw6MNjboWx7YDKx5M/Yb9gr5iI=
2,-10,//bH/ib1ePDOn7dUTQPSzW7ZJaQ=,oX46LjRzarH2IV4fIn2Gg7RZRHg=
3,-9,//bH/ib1ePDOn7dUTQPSzW7ZJaQ=,oX46LjRzarH2IV4fIn2Gg7RZRHg=
4,-8,//bH/ib1ePDOn7dUTQPSzW7ZJaQ=,jUWJA3vLTowcwtDNSyqwt9Q7Zpg=
1,-8,//bH/ib1ePDOn7dUTQPSzW7ZJaQ=,qb4aSH/dD+Z9+1B+QVIoBPmKk88=
4,-11,//bH/ib1ePDOn7dUTQPSzW7ZJaQ=,Ytw6MNjboWx7YDKx5M/Yb9gr5iI=
2,-9,//bH/ib1ePDOn7dUTQPSzW7ZJaQ=,oX46LjRzarH2IV4fIn2Gg7RZRHg=
1,-9,//bH/ib1ePDOn7dUTQPSzW7ZJaQ=,oX46LjRzarH2IV4fIn2Gg7RZRHg=
3,-11,//bH/ib1ePDOn7dUTQPSzW7ZJaQ=,oX46LjRzarH2IV4fIn2Gg7RZRHg=
2,-11,//bH/ib1ePDOn7dUTQPSzW7ZJaQ=,oX46LjRzarH2IV4fIn2Gg7RZRHg=
2,-8,//bH/ib1ePDOn7dUTQPSzW7ZJaQ=,qb4aSH/dD+Z9+1B+QVIoBPmKk88=
1,-10,//bH/ib1ePDOn7dUTQPSzW7ZJaQ=,oX46LjRzarH2IV4fIn2Gg7RZRHg=
1,-11,//bH/ib1ePDOn7dUTQPSzW7ZJaQ=,oX46LjRzarH2IV4fIn2Gg7RZRHg=
3,-14,//bH/ib1ePDOn7dUTQPSzW7ZJaQ=,vezzvLsYTiyhOu4SH7kqOQuFfiA=
4,-13,//bH/ib1ePDOn7dUTQPSzW7ZJaQ=,ddXYLc2YevJI3g7tEJiy4/KGXUE=
4,-15,//bH/ib1ePDOn7dUTQPSzW7ZJaQ=,ddXYLc2YevJI3g7tEJiy4/KGXUE=
2,-14,//bH/ib1ePDOn7dUTQPSzW7ZJaQ=,vezzvLsYTiyhOu4SH7kqOQuFfiA=
3,-12,//bH/ib1ePDOn7dUTQPSzW7ZJaQ=,oX46LjRzarH2IV4fIn2Gg7RZRHg=
3,-15,//bH/ib1ePDOn7dUTQPSzW7ZJaQ=,vezzvLsYTiyhOu4SH7kqOQuFfiA=
1,-14,//bH/ib1ePDOn7dUTQPSzW7ZJaQ=,vezzvLsYTiyhOu4SH7kqOQuFfiA=
2,-15,//bH/ib1ePDOn7dUTQPSzW7ZJaQ=,vezzvLsYTiyhOu4SH7kqOQuFfiA=
2,-12,//bH/ib1ePDOn7dUTQPSzW7ZJaQ=,oX46LjRzarH2IV4fIn2Gg7RZRHg=
1,-15,//bH/ib1ePDOn7dUTQPSzW7ZJaQ=,vezzvLsYTiyhOu4SH7kqOQuFfiA=
4,-14,//bH/ib1ePDOn7dUTQPSzW7ZJaQ=,ddXYLc2YevJI3g7tEJiy4/KGXUE=
1,-12,//bH/ib1ePDOn7dUTQPSzW7ZJaQ=,oX46LjRzarH2IV4fIn2Gg7RZRHg=
1,-13,//bH/ib1ePDOn7dUTQPSzW7ZJaQ=,vezzvLsYTiyhOu4SH7kqOQuFfiA=
3,-13,//bH/ib1ePDOn7dUTQPSzW7ZJaQ=,vezzvLsYTiyhOu4SH7kqOQuFfiA=
2,-13,//bH/ib1ePDOn7dUTQPSzW7ZJaQ=,vezzvLsYTiyhOu4SH7kqOQuFfiA=
4,-12,//bH/ib1ePDOn7dUTQPSzW7ZJaQ=,Ytw6MNjboWx7YDKx5M/Yb9gr5iI=
8,-15,t+B6eOr70II4RMhirterab42yik=,oCQLU07ssbmto06Cjl96J8PHLCY=
7,-15,t+B6eOr70II4RMhirterab42yik=,ddXYLc2YevJI3g7tEJiy4/KGXUE=
10,-14,t+B6eOr70II4RMhirterab42yik=,oCQLU07ssbmto06Cjl96J8PHLCY=
8,-14,t+B6eOr70II4RMhirterab42yik=,oCQLU07ssbmto06Cjl96J8PHLCY=
9,-14,t+B6eOr70II4RMhirterab42yik=,oCQLU07ssbmto06Cjl96J8PHLCY=
10,-15,t+B6eOr70II4RMhirterab42yik=,oCQLU07ssbmto06Cjl96J8PHLCY=
9,-15,t+B6eOr70II4RMhirterab42yik=,oCQLU07ssbmto06Cjl96J8PHLCY=
7,-14,t+B6eOr70II4RMhirterab42yik=,ddXYLc2YevJI3g7tEJiy4/KGXUE=
8,-13,Zy2zK19KecVq5zWnjmONm434c08=,oCQLU07ssbmto06Cjl96J8PHLCY=
10,-12,Zy2zK19KecVq5zWnjmONm434c08=,0jK5xJ4x/DKMqpsEfPhsLtmGKyk=
7,-10,Zy2zK19KecVq5zWnjmONm434c08=,Ytw6MNjboWx7YDKx5M/Yb9gr5iI=
10,-10,Zy2zK19KecVq5zWnjmONm434c08=,0jK5xJ4x/DKMqpsEfPhsLtmGKyk=
7,-13,Zy2zK19KecVq5zWnjmONm434c08=,ddXYLc2YevJI3g7tEJiy4/KGXUE=
8,-12,Zy2zK19KecVq5zWnjmONm434c08=,0jK5xJ4x/DKMqpsEfPhsLtmGKyk=
9,-12,Zy2zK19KecVq5zWnjmONm434c08=,0jK5xJ4x/DKMqpsEfPhsLtmGKyk=
9,-10,Zy2zK19KecVq5zWnjmONm434c08=,0jK5xJ4x/DKMqpsEfPhsLtmGKyk=
8,-10,Zy2zK19KecVq5zWnjmONm434c08=,0jK5xJ4x/DKMqpsEfPhsLtmGKyk=
10,-11,Zy2zK19KecVq5zWnjmONm434c08=,0jK5xJ4x/DKMqpsEfPhsLtmGKyk=
9,-13,Zy2zK19KecVq5zWnjmONm434c08=,oCQLU07ssbmto06Cjl96J8PHLCY=
8,-11,Zy2zK19KecVq5zWnjmONm434c08=,0jK5xJ4x/DKMqpsEfPhsLtmGKyk=
9,-11,Zy2zK19KecVq5zWnjmONm434c08=,0jK5xJ4x/DKMqpsEfPhsLtmGKyk=
10,-13,Zy2zK19KecVq5zWnjmONm434c08=,oCQLU07ssbmto06Cjl96J8PHLCY=
7,-11,Zy2zK19KecVq5zWnjmONm434c08=,Ytw6MNjboWx7YDKx5M/Yb9gr5iI=
7,-12,Zy2zK19KecVq5zWnjmONm434c08=,Ytw6MNjboWx7YDKx5M/Yb9gr5iI=
7,-6,pWo5sbgLaHDp/HLwuwBlv7KFhRw=,jUWJA3vLTowcwtDNSyqwt9Q7Zpg=
9,-6,pWo5sbgLaHDp/HLwuwBlv7KFhRw=,S64fwocJkNjn28xzOhmQK2H1BFU=
10,-8,pWo5sbgLaHDp/HLwuwBlv7KFhRw=,S64fwocJkNjn28xzOhmQK2H1BFU=
8,-8,pWo5sbgLaHDp/HLwuwBlv7KFhRw=,S64fwocJkNjn28xzOhmQK2H1BFU=
10,-6,pWo5sbgLaHDp/HLwuwBlv7KFhRw=,S64fwocJkNjn28xzOhmQK2H1BFU=
8,-6,pWo5sbgLaHDp/HLwuwBlv7KFhRw=,S64fwocJkNjn28xzOhmQK2H1BFU=
7,-8,pWo5sbgLaHDp/HLwuwBlv7KFhRw=,jUWJA3vLTowcwtDNSyqwt9Q7Zpg=
10,-7,pWo5sbgLaHDp/HLwuwBlv7KFhRw=,S64fwocJkNjn28xzOhmQK2H1BFU=
9,-7,pWo5sbgLaHDp/HLwuwBlv7KFhRw=,S64fwocJkNjn28xzOhmQK2H1BFU=
9,-8,pWo5sbgLaHDp/HLwuwBlv7KFhRw=,S64fwocJkNjn28xzOhmQK2H1BFU=
8,-7,pWo5sbgLaHDp/HLwuwBlv7KFhRw=,S64fwocJkNjn28xzOhmQK2H1BFU=
9,-9,pWo5sbgLaHDp/HLwuwBlv7KFhRw=,0jK5xJ4x/DKMqpsEfPhsLtmGKyk=
10,-9,pWo5sbgLaHDp/HLwuwBlv7KFhRw=,0jK5xJ4x/DKMqpsEfPhsLtmGKyk=
7,-9,pWo5sbgLaHDp/HLwuwBlv7KFhRw=,Ytw6MNjboWx7YDKx5M/Yb9gr5iI=
7,-7,pWo5sbgLaHDp/HLwuwBlv7KFhRw=,jUWJA3vLTowcwtDNSyqwt9Q7Zpg=
8,-9,pWo5sbgLaHDp/HLwuwBlv7KFhRw=,0jK5xJ4x/DKMqpsEfPhsLtmGKyk=
7,-4,pWo5sbgLaHDp/HLwuwBlv7KFhRw=,bwHeYS8ZCEyjCGkCi8p0wfC0xXc=
8,-2,pWo5sbgLaHDp/HLwuwBlv7KFhRw=,MpzWK8OB9D8v2gqh2VxsKTTqN04=
10,-2,pWo5sbgLaHDp/HLwuwBlv7KFhRw=,MpzWK8OB9D8v2gqh2VxsKTTqN04=
10,-3,pWo5sbgLaHDp/HLwuwBlv7KFhRw=,MpzWK8OB9D8v2gqh2VxsKTTqN04=
8,-3,pWo5sbgLaHDp/HLwuwBlv7KFhRw=,MpzWK8OB9D8v2gqh2VxsKTTqN04=
9,-4,pWo5sbgLaHDp/HLwuwBlv7KFhRw=,MpzWK8OB9D8v2gqh2VxsKTTqN04=
10,-4,pWo5sbgLaHDp/HLwuwBlv7KFhRw=,MpzWK8OB9D8v2gqh2VxsKTTqN04=
7,-2,pWo5sbgLaHDp/HLwuwBlv7KFhRw=,bwHeYS8ZCEyjCGkCi8p0wfC0xXc=
8,-4,pWo5sbgLaHDp/HLwuwBlv7KFhRw=,MpzWK8OB9D8v2gqh2VxsKTTqN04=
7,-3,pWo5sbgLaHDp/HLwuwBlv7KFhRw=,bwHeYS8ZCEyjCGkCi8p0wfC0xXc=
10,-5,pWo5sbgLaHDp/HLwuwBlv7KFhRw=,S64fwocJkNjn28xzOhmQK2H1BFU=
9,-2,pWo5sbgLaHDp/HLwuwBlv7KFhRw=,MpzWK8OB9D8v2gqh2VxsKTTqN04=
7,-5,pWo5sbgLaHDp/HLwuwBlv7KFhRw=,jUWJA3vLTowcwtDNSyqwt9Q7Zpg=
8,-5,pWo5sbgLaHDp/HLwuwBlv7KFhRw=,S64fwocJkNjn28xzOhmQK2H1BFU=
9,-3,pWo5sbgLaHDp/HLwuwBlv7KFhRw=,MpzWK8OB9D8v2gqh2VxsKTTqN04=
9,-5,pWo5sbgLaHDp/HLwuwBlv7KFhRw=,S64fwocJkNjn28xzOhmQK2H1BFU=
11,-11,YHwicrU06Z2pwkaV1wqTW6wgSbI=,0jK5xJ4x/DKMqpsEfPhsLtmGKyk=
11,-10,YHwicrU06Z2pwkaV1wqTW6wgSbI=,0jK5xJ4x/DKMqpsEfPhsLtmGKyk=
13,-11,YHwicrU06Z2pwkaV1wqTW6wgSbI=,LCX2U9O1OwxKw27vY7sFD5LWksA=
12,-11,YHwicrU06Z2pwkaV1wqTW6wgSbI=,LCX2U9O1OwxKw27vY7sFD5LWksA=
14,-10,YHwicrU06Z2pwkaV1wqTW6wgSbI=,LCX2U9O1OwxKw27vY7sFD5LWksA=
12,-10,YHwicrU06Z2pwkaV1wqTW6wgSbI=,LCX2U9O1OwxKw27vY7sFD5LWksA=
14,-11,YHwicrU06Z2pwkaV1wqTW6wgSbI=,LCX2U9O1OwxKw27vY7sFD5LWksA=
13,-10,YHwicrU06Z2pwkaV1wqTW6wgSbI=,LCX2U9O1OwxKw27vY7sFD5LWksA=
15,-11,YHwicrU06Z2pwkaV1wqTW6wgSbI=,LCX2U9O1OwxKw27vY7sFD5LWksA=
15,-10,qFZ0JJ0jkeiKFEsmX469F5JtJQI=,LCX2U9O1OwxKw27vY7sFD5LWksA=
12,-6,qFZ0JJ0jkeiKFEsmX469F5JtJQI=,sWCvy6dIEMibT01VvSfJ9+ydB98=
15,-6,qFZ0JJ0jkeiKFEsmX469F5JtJQI=,sWCvy6dIEMibT01VvSfJ9+ydB98=
12,-8,qFZ0JJ0jkeiKFEsmX469F5JtJQI=,sWCvy6dIEMibT01VvSfJ9+ydB98=
15,-9,qFZ0JJ0jkeiKFEsmX469F5JtJQI=,LCX2U9O1OwxKw27vY7sFD5LWksA=
11,-8,qFZ0JJ0jkeiKFEsmX469F5JtJQI=,S64fwocJkNjn28xzOhmQK2H1BFU=
12,-7,qFZ0JJ0jkeiKFEsmX469F5JtJQI=,sWCvy6dIEMibT01VvSfJ9+ydB98=
11,-9,qFZ0JJ0jkeiKFEsmX469F5JtJQI=,0jK5xJ4x/DKMqpsEfPhsLtmGKyk=
11,-7,qFZ0JJ0jkeiKFEsmX469F5JtJQI=,S64fwocJkNjn28xzOhmQK2H1BFU=
13,-9,qFZ0JJ0jkeiKFEsmX469F5JtJQI=,LCX2U9O1OwxKw27vY7sFD5LWksA=
14,-9,qFZ0JJ0jkeiKFEsmX469F5JtJQI=,LCX2U9O1OwxKw27vY7sFD5LWksA=
15,-8,qFZ0JJ0jkeiKFEsmX469F5JtJQI=,sWCvy6dIEMibT01VvSfJ9+ydB98=
14,-7,qFZ0JJ0jkeiKFEsmX469F5JtJQI=,sWCvy6dIEMibT01VvSfJ9+ydB98=
13,-7,qFZ0JJ0jkeiKFEsmX469F5JtJQI=,sWCvy6dIEMibT01VvSfJ9+ydB98=
14,-6,qFZ0JJ0jkeiKFEsmX469F5JtJQI=,sWCvy6dIEMibT01VvSfJ9+ydB98=
13,-8,qFZ0JJ0jkeiKFEsmX469F5JtJQI=,sWCvy6dIEMibT01VvSfJ9+ydB98=
11,-6,qFZ0JJ0jkeiKFEsmX469F5JtJQI=,S64fwocJkNjn28xzOhmQK2H1BFU=
15,-7,qFZ0JJ0jkeiKFEsmX469F5JtJQI=,sWCvy6dIEMibT01VvSfJ9+ydB98=
12,-9,o2/zvX+OoxvW17qYzGKC7iSWAXA=,LCX2U9O1OwxKw27vY7sFD5LWksA=
13,-6,o2/zvX+OoxvW17qYzGKC7iSWAXA=,sWCvy6dIEMibT01VvSfJ9+ydB98=
14,-8,o2/zvX+OoxvW17qYzGKC7iSWAXA=,sWCvy6dIEMibT01VvSfJ9+ydB98=
11,-15,o2/zvX+OoxvW17qYzGKC7iSWAXA=,oCQLU07ssbmto06Cjl96J8PHLCY=
12,-13,o2/zvX+OoxvW17qYzGKC7iSWAXA=,td14PuHfB5r8x5yjpEJyHyv+A5w=
15,-13,o2/zvX+OoxvW17qYzGKC7iSWAXA=,td14PuHfB5r8x5yjpEJyHyv+A5w=
11,-12,o2/zvX+OoxvW17qYzGKC7iSWAXA=,0jK5xJ4x/DKMqpsEfPhsLtmGKyk=
14,-13,o2/zvX+OoxvW17qYzGKC7iSWAXA=,td14PuHfB5r8x5yjpEJyHyv+A5w=
13,-16,o2/zvX+OoxvW17qYzGKC7iSWAXA=,td14PuHfB5r8x5yjpEJyHyv+A5w=
13,-13,o2/zvX+OoxvW17qYzGKC7iSWAXA=,td14PuHfB5r8x5yjpEJyHyv+A5w=
15,-14,o2/zvX+OoxvW17qYzGKC7iSWAXA=,td14PuHfB5r8x5yjpEJyHyv+A5w=
15,-12,o2/zvX+OoxvW17qYzGKC7iSWAXA=,LCX2U9O1OwxKw27vY7sFD5LWksA=
12,-14,o2/zvX+OoxvW17qYzGKC7iSWAXA=,td14PuHfB5r8x5yjpEJyHyv+A5w=
14,-14,o2/zvX+OoxvW17qYzGKC7iSWAXA=,td14PuHfB5r8x5yjpEJyHyv+A5w=
11,-14,o2/zvX+OoxvW17qYzGKC7iSWAXA=,oCQLU07ssbmto06Cjl96J8PHLCY=
13,-14,o2/zvX+OoxvW17qYzGKC7iSWAXA=,td14PuHfB5r8x5yjpEJyHyv+A5w=
15,-15,o2/zvX+OoxvW17qYzGKC7iSWAXA=,td14PuHfB5r8x5yjpEJyHyv+A5w=
12,-12,o2/zvX+OoxvW17qYzGKC7iSWAXA=,LCX2U9O1OwxKw27vY7sFD5LWksA=
14,-15,o2/zvX+OoxvW17qYzGKC7iSWAXA=,td14PuHfB5r8x5yjpEJyHyv+A5w=
14,-16,o2/zvX+OoxvW17qYzGKC7iSWAXA=,td14PuHfB5r8x5yjpEJyHyv+A5w=
12,-15,o2/zvX+OoxvW17qYzGKC7iSWAXA=,td14PuHfB5r8x5yjpEJyHyv+A5w=
13,-15,o2/zvX+OoxvW17qYzGKC7iSWAXA=,td14PuHfB5r8x5yjpEJyHyv+A5w=
13,-12,o2/zvX+OoxvW17qYzGKC7iSWAXA=,LCX2U9O1OwxKw27vY7sFD5LWksA=
14,-12,o2/zvX+OoxvW17qYzGKC7iSWAXA=,LCX2U9O1OwxKw27vY7sFD5LWksA=
11,-13,o2/zvX+OoxvW17qYzGKC7iSWAXA=,oCQLU07ssbmto06Cjl96J8PHLCY=
9,-1,o2/zvX+OoxvW17qYzGKC7iSWAXA=,MpzWK8OB9D8v2gqh2VxsKTTqN04=
10,-1,o2/zvX+OoxvW17qYzGKC7iSWAXA=,MpzWK8OB9D8v2gqh2VxsKTTqN04=
15,-3,o2/zvX+OoxvW17qYzGKC7iSWAXA=,Z7WWdi1ojTMusHFhfx92ZCZSmVc=
15,-5,o2/zvX+OoxvW17qYzGKC7iSWAXA=,sWCvy6dIEMibT01VvSfJ9+ydB98=
14,-3,o2/zvX+OoxvW17qYzGKC7iSWAXA=,Z7WWdi1ojTMusHFhfx92ZCZSmVc=
14,-2,o2/zvX+OoxvW17qYzGKC7iSWAXA=,Z7WWdi1ojTMusHFhfx92ZCZSmVc=
11,-3,o2/zvX+OoxvW17qYzGKC7iSWAXA=,MpzWK8OB9D8v2gqh2VxsKTTqN04=
11,-2,o2/zvX+OoxvW17qYzGKC7iSWAXA=,MpzWK8OB9D8v2gqh2VxsKTTqN04=
12,-5,o2/zvX+OoxvW17qYzGKC7iSWAXA=,sWCvy6dIEMibT01VvSfJ9+ydB98=
13,-2,o2/zvX+OoxvW17qYzGKC7iSWAXA=,Z7WWdi1ojTMusHFhfx92ZCZSmVc=
14,-5,o2/zvX+OoxvW17qYzGKC7iSWAXA=,sWCvy6dIEMibT01VvSfJ9+ydB98=
14,-4,o2/zvX+OoxvW17qYzGKC7iSWAXA=,Z7WWdi1ojTMusHFhfx92ZCZSmVc=
12,-2,o2/zvX+OoxvW17qYzGKC7iSWAXA=,Z7WWdi1ojTMusHFhfx92ZCZSmVc=
15,-4,o2/zvX+OoxvW17qYzGKC7iSWAXA=,Z7WWdi1ojTMusHFhfx92ZCZSmVc=
11,-4,o2/zvX+OoxvW17qYzGKC7iSWAXA=,MpzWK8OB9D8v2gqh2VxsKTTqN04=
11,-1,o2/zvX+OoxvW17qYzGKC7iSWAXA=,MpzWK8OB9D8v2gqh2VxsKTTqN04=
13,-1,o2/zvX+OoxvW17qYzGKC7iSWAXA=,Z7WWdi1ojTMusHFhfx92ZCZSmVc=
14,-1,o2/zvX+OoxvW17qYzGKC7iSWAXA=,Z7WWdi1ojTMusHFhfx92ZCZSmVc=
12,-3,o2/zvX+OoxvW17qYzGKC7iSWAXA=,Z7WWdi1ojTMusHFhfx92ZCZSmVc=
13,-5,o2/zvX+OoxvW17qYzGKC7iSWAXA=,sWCvy6dIEMibT01VvSfJ9+ydB98=
15,-2,o2/zvX+OoxvW17qYzGKC7iSWAXA=,Z7WWdi1ojTMusHFhfx92ZCZSmVc=
13,-3,o2/zvX+OoxvW17qYzGKC7iSWAXA=,Z7WWdi1ojTMusHFhfx92ZCZSmVc=
12,-1,o2/zvX+OoxvW17qYzGKC7iSWAXA=,Z7WWdi1ojTMusHFhfx92ZCZSmVc=
11,-5,o2/zvX+OoxvW17qYzGKC7iSWAXA=,S64fwocJkNjn28xzOhmQK2H1BFU=
13,-4,o2/zvX+OoxvW17qYzGKC7iSWAXA=,Z7WWdi1ojTMusHFhfx92ZCZSmVc=
12,-4,o2/zvX+OoxvW17qYzGKC7iSWAXA=,Z7WWdi1ojTMusHFhfx92ZCZSmVc=
5,-1,o2/zvX+OoxvW17qYzGKC7iSWAXA=,bwHeYS8ZCEyjCGkCi8p0wfC0xXc=
7,-1,o2/zvX+OoxvW17qYzGKC7iSWAXA=,bwHeYS8ZCEyjCGkCi8p0wfC0xXc=
8,-1,o2/zvX+OoxvW17qYzGKC7iSWAXA=,MpzWK8OB9D8v2gqh2VxsKTTqN04=
6,-1,o2/zvX+OoxvW17qYzGKC7iSWAXA=,bwHeYS8ZCEyjCGkCi8p0wfC0xXc=
3,-1,o2/zvX+OoxvW17qYzGKC7iSWAXA=,bLNFvfaTpPHRqg1OL1Bty/wPl68=
1,-1,o2/zvX+OoxvW17qYzGKC7iSWAXA=,bLNFvfaTpPHRqg1OL1Bty/wPl68=
0,-5,o2/zvX+OoxvW17qYzGKC7iSWAXA=,qb4aSH/dD+Z9+1B+QVIoBPmKk88=
0,-6,o2/zvX+OoxvW17qYzGKC7iSWAXA=,qb4aSH/dD+Z9+1B+QVIoBPmKk88=
4,-1,o2/zvX+OoxvW17qYzGKC7iSWAXA=,bwHeYS8ZCEyjCGkCi8p0wfC0xXc=
2,-1,o2/zvX+OoxvW17qYzGKC7iSWAXA=,bLNFvfaTpPHRqg1OL1Bty/wPl68=
0,-7,o2/zvX+OoxvW17qYzGKC7iSWAXA=,qb4aSH/dD+Z9+1B+QVIoBPmKk88=
0,-4,o2/zvX+OoxvW17qYzGKC7iSWAXA=,bLNFvfaTpPHRqg1OL1Bty/wPl68=
0,-2,o2/zvX+OoxvW17qYzGKC7iSWAXA=,bLNFvfaTpPHRqg1OL1Bty/wPl68=
0,-3,o2/zvX+OoxvW17qYzGKC7iSWAXA=,bLNFvfaTpPHRqg1OL1Bty/wPl68=
1,-16,o2/zvX+OoxvW17qYzGKC7iSWAXA=,vezzvLsYTiyhOu4SH7kqOQuFfiA=
4,-16,o2/zvX+OoxvW17qYzGKC7iSWAXA=,ddXYLc2YevJI3g7tEJiy4/KGXUE=
2,-16,o2/zvX+OoxvW17qYzGKC7iSWAXA=,vezzvLsYTiyhOu4SH7kqOQuFfiA=
5,-16,o2/zvX+OoxvW17qYzGKC7iSWAXA=,ddXYLc2YevJI3g7tEJiy4/KGXUE=
3,-16,o2/zvX+OoxvW17qYzGKC7iSWAXA=,vezzvLsYTiyhOu4SH7kqOQuFfiA=
6,-16,o2/zvX+OoxvW17qYzGKC7iSWAXA=,ddXYLc2YevJI3g7tEJiy4/KGXUE=
0,-15,o2/zvX+OoxvW17qYzGKC7iSWAXA=,vezzvLsYTiyhOu4SH7kqOQuFfiA=
0,-14,o2/zvX+OoxvW17qYzGKC7iSWAXA=,vezzvLsYTiyhOu4SH7kqOQuFfiA=
0,-9,o2/zvX+OoxvW17qYzGKC7iSWAXA=,oX46LjRzarH2IV4fIn2Gg7RZRHg=
0,-8,o2/zvX+OoxvW17qYzGKC7iSWAXA=,qb4aSH/dD+Z9+1B+QVIoBPmKk88=
0,-10,o2/zvX+OoxvW17qYzGKC7iSWAXA=,oX46LjRzarH2IV4fIn2Gg7RZRHg=
0,-13,o2/zvX+OoxvW17qYzGKC7iSWAXA=,vezzvLsYTiyhOu4SH7kqOQuFfiA=
0,-12,o2/zvX+OoxvW17qYzGKC7iSWAXA=,oX46LjRzarH2IV4fIn2Gg7RZRHg=
0,-11,o2/zvX+OoxvW17qYzGKC7iSWAXA=,oX46LjRzarH2IV4fIn2Gg7RZRHg=
11,-16,o2/zvX+OoxvW17qYzGKC7iSWAXA=,oCQLU07ssbmto06Cjl96J8PHLCY=
9,-16,o2/zvX+OoxvW17qYzGKC7iSWAXA=,oCQLU07ssbmto06Cjl96J8PHLCY=
12,-16,o2/zvX+OoxvW17qYzGKC7iSWAXA=,td14PuHfB5r8x5yjpEJyHyv+A5w=
10,-16,o2/zvX+OoxvW17qYzGKC7iSWAXA=,oCQLU07ssbmto06Cjl96J8PHLCY=
8,-16,o2/zvX+OoxvW17qYzGKC7iSWAXA=,oCQLU07ssbmto06Cjl96J8PHLCY=
7,-16,o2/zvX+OoxvW17qYzGKC7iSWAXA=,ddXYLc2YevJI3g7tEJiy4/KGXUE=
15,-1,o2/zvX+OoxvW17qYzGKC7iSWAXA=,Z7WWdi1ojTMusHFhfx92ZCZSmVc=
15,-16,o2/zvX+OoxvW17qYzGKC7iSWAXA=,td14PuHfB5r8x5yjpEJyHyv+A5w=
0,-16,o2/zvX+OoxvW17qYzGKC7iSWAXA=,vezzvLsYTiyhOu4SH7kqOQuFfiA=
0,-1,o2/zvX+OoxvW17qYzGKC7iSWAXA=,bLNFvfaTpPHRqg1OL1Bty/wPl68=
