59,-3,vq7dwzdHENW0VvHHM4x8DI1m/88=,xGALS8lha1n1mSI0VpZdwfyW0mY=
62,-7,vq7dwzdHENW0VvHHM4x8DI1m/88=,xGALS8lha1n1mSI0VpZdwfyW0mY=
60,-4,vq7dwzdHENW0VvHHM4x8DI1m/88=,xGALS8lha1n1mSI0VpZdwfyW0mY=
59,-4,vq7dwzdHENW0VvHHM4x8DI1m/88=,xGALS8lha1n1mSI0VpZdwfyW0mY=
61,-4,vq7dwzdHENW0VvHHM4x8DI1m/88=,xGALS8lha1n1mSI0VpZdwfyW0mY=
58,-3,vq7dwzdHENW0VvHHM4x8DI1m/88=,xGALS8lha1n1mSI0VpZdwfyW0mY=
60,-3,vq7dwzdHENW0VvHHM4x8DI1m/88=,xGALS8lha1n1mSI0VpZdwfyW0mY=
57,-7,vq7dwzdHENW0VvHHM4x8DI1m/88=,xGALS8lha1n1mSI0VpZdwfyW0mY=
57,-3,vq7dwzdHENW0VvHHM4x8DI1m/88=,xGALS8lha1n1mSI0VpZdwfyW0mY=
61,-7,vq7dwzdHENW0VvHHM4x8DI1m/88=,xGALS8lha1n1mSI0VpZdwfyW0mY=
60,-2,vq7dwzdHENW0VvHHM4x8DI1m/88=,xGALS8lha1n1mSI0VpZdwfyW0mY=
61,-2,vq7dwzdHENW0VvHHM4x8DI1m/88=,xGALS8lha1n1mSI0VpZdwfyW0mY=
62,-2,vq7dwzdHENW0VvHHM4x8DI1m/88=,xGALS8lha1n1mSI0VpZdwfyW0mY=
59,-2,vq7dwzdHENW0VvHHM4x8DI1m/88=,xGALS8lha1n1mSI0VpZdwfyW0mY=
62,-5,vq7dwzdHENW0VvHHM4x8DI1m/88=,xGALS8lha1n1mSI0VpZdwfyW0mY=
58,-2,vq7dwzdHENW0VvHHM4x8DI1m/88=,xGALS8lha1n1mSI0VpZdwfyW0mY=
60,-7,vq7dwzdHENW0VvHHM4x8DI1m/88=,xGALS8lha1n1mSI0VpZdwfyW0mY=
58,-4,vq7dwzdHENW0VvHHM4x8DI1m/88=,xGALS8lha1n1mSI0VpZdwfyW0mY=
62,-4,vq7dwzdHENW0VvHHM4x8DI1m/88=,xGALS8lha1n1mSI0VpZdwfyW0mY=
61,-5,vq7dwzdHENW0VvHHM4x8DI1m/88=,xGALS8lha1n1mSI0VpZdwfyW0mY=
60,-5,vq7dwzdHENW0VvHHM4x8DI1m/88=,xGALS8lha1n1mSI0VpZdwfyW0mY=
59,-5,vq7dwzdHENW0VvHHM4x8DI1m/88=,xGALS8lha1n1mSI0VpZdwfyW0mY=
57,-2,vq7dwzdHENW0VvHHM4x8DI1m/88=,xGALS8lha1n1mSI0VpZdwfyW0mY=
62,-6,vq7dwzdHENW0VvHHM4x8DI1m/88=,xGALS8lha1n1mSI0VpZdwfyW0mY=
57,-6,vq7dwzdHENW0VvHHM4x8DI1m/88=,xGALS8lha1n1mSI0VpZdwfyW0mY=
61,-6,vq7dwzdHENW0VvHHM4x8DI1m/88=,xGALS8lha1n1mSI0VpZdwfyW0mY=
61,-3,vq7dwzdHENW0VvHHM4x8DI1m/88=,xGALS8lha1n1mSI0VpZdwfyW0mY=
58,-7,vq7dwzdHENW0VvHHM4x8DI1m/88=,xGALS8lha1n1mSI0VpZdwfyW0mY=
62,-3,vq7dwzdHENW0VvHHM4x8DI1m/88=,xGALS8lha1n1mSI0VpZdwfyW0mY=
57,-4,vq7dwzdHENW0VvHHM4x8DI1m/88=,xGALS8lha1n1mSI0VpZdwfyW0mY=
60,-6,vq7dwzdHENW0VvHHM4x8DI1m/88=,xGALS8lha1n1mSI0VpZdwfyW0mY=
58,-6,vq7dwzdHENW0VvHHM4x8DI1m/88=,xGALS8lha1n1mSI0VpZdwfyW0mY=
58,-5,vq7dwzdHENW0VvHHM4x8DI1m/88=,xGALS8lha1n1mSI0VpZdwfyW0mY=
57,-5,vq7dwzdHENW0VvHHM4x8DI1m/88=,xGALS8lha1n1mSI0VpZdwfyW0mY=
59,-6,vq7dwzdHENW0VvHHM4x8DI1m/88=,xGALS8lha1n1mSI0VpZdwfyW0mY=
59,-7,vq7dwzdHENW0VvHHM4x8DI1m/88=,xGALS8lha1n1mSI0VpZdwfyW0mY=
52,-5,Aa9OQVRqsUFfdVgDyksV4EhIEQg=,Zi8T7V3GlU4h7bgozGcrX5rEYNw=
55,-6,Aa9OQVRqsUFfdVgDyksV4EhIEQg=,Zi8T7V3GlU4h7bgozGcrX5rEYNw=
54,-6,Aa9OQVRqsUFfdVgDyksV4EhIEQg=,Zi8T7V3GlU4h7bgozGcrX5rEYNw=
53,-5,Aa9OQVRqsUFfdVgDyksV4EhIEQg=,Zi8T7V3GlU4h7bgozGcrX5rEYNw=
53,-6,Aa9OQVRqsUFfdVgDyksV4EhIEQg=,Zi8T7V3GlU4h7bgozGcrX5rEYNw=
50,-5,Aa9OQVRqsUFfdVgDyksV4EhIEQg=,Zi8T7V3GlU4h7bgozGcrX5rEYNw=
51,-6,Aa9OQVRqsUFfdVgDyksV4EhIEQg=,Zi8T7V3GlU4h7bgozGcrX5rEYNw=
52,-6,Aa9OQVRqsUFfdVgDyksV4EhIEQg=,Zi8T7V3GlU4h7bgozGcrX5rEYNw=
56,-6,Aa9OQVRqsUFfdVgDyksV4EhIEQg=,xGALS8lha1n1mSI0VpZdwfyW0mY=
49,-5,Aa9OQVRqsUFfdVgDyksV4EhIEQg=,Zi8T7V3GlU4h7bgozGcrX5rEYNw=
55,-7,Aa9OQVRqsUFfdVgDyksV4EhIEQg=,Zi8T7V3GlU4h7bgozGcrX5rEYNw=
54,-7,Aa9OQVRqsUFfdVgDyksV4EhIEQg=,Zi8T7V3GlU4h7bgozGcrX5rEYNw=
50,-6,Aa9OQVRqsUFfdVgDyksV4EhIEQg=,Zi8T7V3GlU4h7bgozGcrX5rEYNw=
53,-7,Aa9OQVRqsUFfdVgDyksV4EhIEQg=,Zi8T7V3GlU4h7bgozGcrX5rEYNw=
52,-7,Aa9OQVRqsUFfdVgDyksV4EhIEQg=,Zi8T7V3GlU4h7bgozGcrX5rEYNw=
51,-5,Aa9OQVRqsUFfdVgDyksV4EhIEQg=,Zi8T7V3GlU4h7bgozGcrX5rEYNw=
51,-7,Aa9OQVRqsUFfdVgDyksV4EhIEQg=,Zi8T7V3GlU4h7bgozGcrX5rEYNw=
49,-6,Aa9OQVRqsUFfdVgDyksV4EhIEQg=,Zi8T7V3GlU4h7bgozGcrX5rEYNw=
56,-7,Aa9OQVRqsUFfdVgDyksV4EhIEQg=,xGALS8lha1n1mSI0VpZdwfyW0mY=
54,-2,Aa9OQVRqsUFfdVgDyksV4EhIEQg=,Zi8T7V3GlU4h7bgozGcrX5rEYNw=
49,-7,Aa9OQVRqsUFfdVgDyksV4EhIEQg=,Zi8T7V3GlU4h7bgozGcrX5rEYNw=
54,-5,Aa9OQVRqsUFfdVgDyksV4EhIEQg=,Zi8T7V3GlU4h7bgozGcrX5rEYNw=
50,-7,Aa9OQVRqsUFfdVgDyksV4EhIEQg=,Zi8T7V3GlU4h7bgozGcrX5rEYNw=
56,-3,Aa9OQVRqsUFfdVgDyksV4EhIEQg=,xGALS8lha1n1mSI0VpZdwfyW0mY=
51,-2,Aa9OQVRqsUFfdVgDyksV4EhIEQg=,Zi8T7V3GlU4h7bgozGcrX5rEYNw=
55,-2,Aa9OQVRqsUFfdVgDyksV4EhIEQg=,Zi8T7V3GlU4h7bgozGcrX5rEYNw=
53,-2,Aa9OQVRqsUFfdVgDyksV4EhIEQg=,Zi8T7V3GlU4h7bgozGcrX5rEYNw=
52,-2,Aa9OQVRqsUFfdVgDyksV4EhIEQg=,Zi8T7V3GlU4h7bgozGcrX5rEYNw=
55,-5,Aa9OQVRqsUFfdVgDyksV4EhIEQg=,Zi8T7V3GlU4h7bgozGcrX5rEYNw=
55,-3,Aa9OQVRqsUFfdVgDyksV4EhIEQg=,Zi8T7V3GlU4h7bgozGcrX5rEYNw=
56,-4,Aa9OQVRqsUFfdVgDyksV4EhIEQg=,xGALS8lha1n1mSI0VpZdwfyW0mY=
54,-3,Aa9OQVRqsUFfdVgDyksV4EhIEQg=,Zi8T7V3GlU4h7bgozGcrX5rEYNw=
52,-3,Aa9OQVRqsUFfdVgDyksV4EhIEQg=,Zi8T7V3GlU4h7bgozGcrX5rEYNw=
50,-2,Aa9OQVRqsUFfdVgDyksV4EhIEQg=,Zi8T7V3GlU4h7bgozGcrX5rEYNw=
51,-3,Aa9OQVRqsUFfdVgDyksV4EhIEQg=,Zi8T7V3GlU4h7bgozGcrX5rEYNw=
56,-5,Aa9OQVRqsUFfdVgDyksV4EhIEQg=,xGALS8lha1n1mSI0VpZdwfyW0mY=
49,-2,Aa9OQVRqsUFfdVgDyksV4EhIEQg=,Zi8T7V3GlU4h7bgozGcrX5rEYNw=
56,-2,Aa9OQVRqsUFfdVgDyksV4EhIEQg=,xGALS8lha1n1mSI0VpZdwfyW0mY=
55,-4,Aa9OQVRqsUFfdVgDyksV4EhIEQg=,Zi8T7V3GlU4h7bgozGcrX5rEYNw=
50,-3,Aa9OQVRqsUFfdVgDyksV4EhIEQg=,Zi8T7V3GlU4h7bgozGcrX5rEYNw=
49,-4,Aa9OQVRqsUFfdVgDyksV4EhIEQg=,Zi8T7V3GlU4h7bgozGcrX5rEYNw=
49,-3,Aa9OQVRqsUFfdVgDyksV4EhIEQg=,Zi8T7V3GlU4h7bgozGcrX5rEYNw=
54,-4,Aa9OQVRqsUFfdVgDyksV4EhIEQg=,Zi8T7V3GlU4h7bgozGcrX5rEYNw=
53,-4,Aa9OQVRqsUFfdVgDyksV4EhIEQg=,Zi8T7V3GlU4h7bgozGcrX5rEYNw=
52,-4,Aa9OQVRqsUFfdVgDyksV4EhIEQg=,Zi8T7V3GlU4h7bgozGcrX5rEYNw=
53,-3,Aa9OQVRqsUFfdVgDyksV4EhIEQg=,Zi8T7V3GlU4h7bgozGcrX5rEYNw=
50,-4,Aa9OQVRqsUFfdVgDyksV4EhIEQg=,Zi8T7V3GlU4h7bgozGcrX5rEYNw=
51,-4,Aa9OQVRqsUFfdVgDyksV4EhIEQg=,Zi8T7V3GlU4h7bgozGcrX5rEYNw=
60,-13,Aa9OQVRqsUFfdVgDyksV4EhIEQg=,tSThFOeEndhFt88+jLPV6KBytfg=
61,-13,Aa9OQVRqsUFfdVgDyksV4EhIEQg=,tSThFOeEndhFt88+jLPV6KBytfg=
62,-13,vq7dwzdHENW0VvHHM4x8DI1m/88=,tSThFOeEndhFt88+jLPV6KBytfg=
62,-9,vq7dwzdHENW0VvHHM4x8DI1m/88=,tSThFOeEndhFt88+jLPV6KBytfg=
57,-8,vq7dwzdHENW0VvHHM4x8DI1m/88=,xGALS8lha1n1mSI0VpZdwfyW0mY=
61,-9,vq7dwzdHENW0VvHHM4x8DI1m/88=,tSThFOeEndhFt88+jLPV6KBytfg=
57,-9,vq7dwzdHENW0VvHHM4x8DI1m/88=,tSThFOeEndhFt88+jLPV6KBytfg=
59,-9,vq7dwzdHENW0VvHHM4x8DI1m/88=,tSThFOeEndhFt88+jLPV6KBytfg=
60,-9,vq7dwzdHENW0VvHHM4x8DI1m/88=,tSThFOeEndhFt88+jLPV6KBytfg=
57,-12,vq7dwzdHENW0VvHHM4x8DI1m/88=,tSThFOeEndhFt88+jLPV6KBytfg=
58,-9,vq7dwzdHENW0VvHHM4x8DI1m/88=,tSThFOeEndhFt88+jLPV6KBytfg=
59,-8,vq7dwzdHENW0VvHHM4x8DI1m/88=,xGALS8lha1n1mSI0VpZdwfyW0mY=
58,-12,vq7dwzdHENW0VvHHM4x8DI1m/88=,tSThFOeEndhFt88+jLPV6KBytfg=
58,-13,Aa9OQVRqsUFfdVgDyksV4EhIEQg=,tSThFOeEndhFt88+jLPV6KBytfg=
62,-10,vq7dwzdHENW0VvHHM4x8DI1m/88=,tSThFOeEndhFt88+jLPV6KBytfg=
57,-13,Aa9OQVRqsUFfdVgDyksV4EhIEQg=,tSThFOeEndhFt88+jLPV6KBytfg=
59,-12,vq7dwzdHENW0VvHHM4x8DI1m/88=,tSThFOeEndhFt88+jLPV6KBytfg=
59,-13,Aa9OQVRqsUFfdVgDyksV4EhIEQg=,tSThFOeEndhFt88+jLPV6KBytfg=
60,-12,vq7dwzdHENW0VvHHM4x8DI1m/88=,tSThFOeEndhFt88+jLPV6KBytfg=
60,-10,vq7dwzdHENW0VvHHM4x8DI1m/88=,tSThFOeEndhFt88+jLPV6KBytfg=
62,-14,Aa9OQVRqsUFfdVgDyksV4EhIEQg=,tSThFOeEndhFt88+jLPV6KBytfg=
61,-10,vq7dwzdHENW0VvHHM4x8DI1m/88=,tSThFOeEndhFt88+jLPV6KBytfg=
58,-8,vq7dwzdHENW0VvHHM4x8DI1m/88=,xGALS8lha1n1mSI0VpZdwfyW0mY=
58,-10,vq7dwzdHENW0VvHHM4x8DI1m/88=,tSThFOeEndhFt88+jLPV6KBytfg=
59,-10,vq7dwzdHENW0VvHHM4x8DI1m/88=,tSThFOeEndhFt88+jLPV6KBytfg=
60,-14,Aa9OQVRqsUFfdVgDyksV4EhIEQg=,tSThFOeEndhFt88+jLPV6KBytfg=
57,-14,Aa9OQVRqsUFfdVgDyksV4EhIEQg=,tSThFOeEndhFt88+jLPV6KBytfg=
59,-14,Aa9OQVRqsUFfdVgDyksV4EhIEQg=,tSThFOeEndhFt88+jLPV6KBytfg=
57,-10,vq7dwzdHENW0VvHHM4x8DI1m/88=,tSThFOeEndhFt88+jLPV6KBytfg=
58,-14,Aa9OQVRqsUFfdVgDyksV4EhIEQg=,tSThFOeEndhFt88+jLPV6KBytfg=
60,-15,Aa9OQVRqsUFfdVgDyksV4EhIEQg=,tSThFOeEndhFt88+jLPV6KBytfg=
59,-15,Aa9OQVRqsUFfdVgDyksV4EhIEQg=,tSThFOeEndhFt88+jLPV6KBytfg=
61,-15,Aa9OQVRqsUFfdVgDyksV4EhIEQg=,tSThFOeEndhFt88+jLPV6KBytfg=
58,-15,Aa9OQVRqsUFfdVgDyksV4EhIEQg=,tSThFOeEndhFt88+jLPV6KBytfg=
57,-15,Aa9OQVRqsUFfdVgDyksV4EhIEQg=,tSThFOeEndhFt88+jLPV6KBytfg=
62,-15,Aa9OQVRqsUFfdVgDyksV4EhIEQg=,tSThFOeEndhFt88+jLPV6KBytfg=
61,-11,vq7dwzdHENW0VvHHM4x8DI1m/88=,tSThFOeEndhFt88+jLPV6KBytfg=
62,-8,vq7dwzdHENW0VvHHM4x8DI1m/88=,xGALS8lha1n1mSI0VpZdwfyW0mY=
60,-11,vq7dwzdHENW0VvHHM4x8DI1m/88=,tSThFOeEndhFt88+jLPV6KBytfg=
59,-11,vq7dwzdHENW0VvHHM4x8DI1m/88=,tSThFOeEndhFt88+jLPV6KBytfg=
62,-11,vq7dwzdHENW0VvHHM4x8DI1m/88=,tSThFOeEndhFt88+jLPV6KBytfg=
60,-8,vq7dwzdHENW0VvHHM4x8DI1m/88=,xGALS8lha1n1mSI0VpZdwfyW0mY=
58,-11,vq7dwzdHENW0VvHHM4x8DI1m/88=,tSThFOeEndhFt88+jLPV6KBytfg=
61,-8,vq7dwzdHENW0VvHHM4x8DI1m/88=,xGALS8lha1n1mSI0VpZdwfyW0mY=
61,-14,Aa9OQVRqsUFfdVgDyksV4EhIEQg=,tSThFOeEndhFt88+jLPV6KBytfg=
57,-11,vq7dwzdHENW0VvHHM4x8DI1m/88=,tSThFOeEndhFt88+jLPV6KBytfg=
62,-12,vq7dwzdHENW0VvHHM4x8DI1m/88=,tSThFOeEndhFt88+jLPV6KBytfg=
61,-12,vq7dwzdHENW0VvHHM4x8DI1m/88=,tSThFOeEndhFt88+jLPV6KBytfg=
52,-11,Aa9OQVRqsUFfdVgDyksV4EhIEQg=,7S02250DBD0mdXdJtunote2FQG8=
51,-11,Aa9OQVRqsUFfdVgDyksV4EhIEQg=,7S02250DBD0mdXdJtunote2FQG8=
56,-12,Aa9OQVRqsUFfdVgDyksV4EhIEQg=,tSThFOeEndhFt88+jLPV6KBytfg=
53,-11,Aa9OQVRqsUFfdVgDyksV4EhIEQg=,7S02250DBD0mdXdJtunote2FQG8=
54,-11,Aa9OQVRqsUFfdVgDyksV4EhIEQg=,7S02250DBD0mdXdJtunote2FQG8=
49,-11,Aa9OQVRqsUFfdVgDyksV4EhIEQg=,7S02250DBD0mdXdJtunote2FQG8=
55,-11,Aa9OQVRqsUFfdVgDyksV4EhIEQg=,7S02250DBD0mdXdJtunote2FQG8=
50,-11,Aa9OQVRqsUFfdVgDyksV4EhIEQg=,7S02250DBD0mdXdJtunote2FQG8=
56,-8,Aa9OQVRqsUFfdVgDyksV4EhIEQg=,xGALS8lha1n1mSI0VpZdwfyW0mY=
56,-9,Aa9OQVRqsUFfdVgDyksV4EhIEQg=,tSThFOeEndhFt88+jLPV6KBytfg=
55,-12,Aa9OQVRqsUFfdVgDyksV4EhIEQg=,7S02250DBD0mdXdJtunote2FQG8=
56,-13,Aa9OQVRqsUFfdVgDyksV4EhIEQg=,tSThFOeEndhFt88+jLPV6KBytfg=
49,-10,Aa9OQVRqsUFfdVgDyksV4EhIEQg=,7S02250DBD0mdXdJtunote2FQG8=
54,-12,Aa9OQVRqsUFfdVgDyksV4EhIEQg=,7S02250DBD0mdXdJtunote2FQG8=
53,-12,Aa9OQVRqsUFfdVgDyksV4EhIEQg=,7S02250DBD0mdXdJtunote2FQG8=
52,-12,Aa9OQVRqsUFfdVgDyksV4EhIEQg=,7S02250DBD0mdXdJtunote2FQG8=
51,-12,Aa9OQVRqsUFfdVgDyksV4EhIEQg=,7S02250DBD0mdXdJtunote2FQG8=
56,-14,Aa9OQVRqsUFfdVgDyksV4EhIEQg=,tSThFOeEndhFt88+jLPV6KBytfg=
55,-8,Aa9OQVRqsUFfdVgDyksV4EhIEQg=,Zi8T7V3GlU4h7bgozGcrX5rEYNw=
54,-8,Aa9OQVRqsUFfdVgDyksV4EhIEQg=,Zi8T7V3GlU4h7bgozGcrX5rEYNw=
50,-10,Aa9OQVRqsUFfdVgDyksV4EhIEQg=,7S02250DBD0mdXdJtunote2FQG8=
53,-8,Aa9OQVRqsUFfdVgDyksV4EhIEQg=,Zi8T7V3GlU4h7bgozGcrX5rEYNw=
52,-8,Aa9OQVRqsUFfdVgDyksV4EhIEQg=,Zi8T7V3GlU4h7bgozGcrX5rEYNw=
51,-10,Aa9OQVRqsUFfdVgDyksV4EhIEQg=,7S02250DBD0mdXdJtunote2FQG8=
52,-10,Aa9OQVRqsUFfdVgDyksV4EhIEQg=,7S02250DBD0mdXdJtunote2FQG8=
50,-12,Aa9OQVRqsUFfdVgDyksV4EhIEQg=,7S02250DBD0mdXdJtunote2FQG8=
49,-8,Aa9OQVRqsUFfdVgDyksV4EhIEQg=,Zi8T7V3GlU4h7bgozGcrX5rEYNw=
50,-8,Aa9OQVRqsUFfdVgDyksV4EhIEQg=,Zi8T7V3GlU4h7bgozGcrX5rEYNw=
56,-11,Aa9OQVRqsUFfdVgDyksV4EhIEQg=,tSThFOeEndhFt88+jLPV6KBytfg=
56,-10,Aa9OQVRqsUFfdVgDyksV4EhIEQg=,tSThFOeEndhFt88+jLPV6KBytfg=
53,-10,Aa9OQVRqsUFfdVgDyksV4EhIEQg=,7S02250DBD0mdXdJtunote2FQG8=
56,-15,Aa9OQVRqsUFfdVgDyksV4EhIEQg=,tSThFOeEndhFt88+jLPV6KBytfg=
55,-9,Aa9OQVRqsUFfdVgDyksV4EhIEQg=,7S02250DBD0mdXdJtunote2FQG8=
49,-12,Aa9OQVRqsUFfdVgDyksV4EhIEQg=,7S02250DBD0mdXdJtunote2FQG8=
51,-8,Aa9OQVRqsUFfdVgDyksV4EhIEQg=,Zi8T7V3GlU4h7bgozGcrX5rEYNw=
54,-9,Aa9OQVRqsUFfdVgDyksV4EhIEQg=,7S02250DBD0mdXdJtunote2FQG8=
53,-9,Aa9OQVRqsUFfdVgDyksV4EhIEQg=,7S02250DBD0mdXdJtunote2FQG8=
53,-13,Aa9OQVRqsUFfdVgDyksV4EhIEQg=,7S02250DBD0mdXdJtunote2FQG8=
52,-13,Aa9OQVRqsUFfdVgDyksV4EhIEQg=,7S02250DBD0mdXdJtunote2FQG8=
51,-13,Aa9OQVRqsUFfdVgDyksV4EhIEQg=,7S02250DBD0mdXdJtunote2FQG8=
52,-9,Aa9OQVRqsUFfdVgDyksV4EhIEQg=,7S02250DBD0mdXdJtunote2FQG8=
55,-13,Aa9OQVRqsUFfdVgDyksV4EhIEQg=,7S02250DBD0mdXdJtunote2FQG8=
49,-15,Aa9OQVRqsUFfdVgDyksV4EhIEQg=,7S02250DBD0mdXdJtunote2FQG8=
51,-9,Aa9OQVRqsUFfdVgDyksV4EhIEQg=,7S02250DBD0mdXdJtunote2FQG8=
50,-13,Aa9OQVRqsUFfdVgDyksV4EhIEQg=,7S02250DBD0mdXdJtunote2FQG8=
49,-13,Aa9OQVRqsUFfdVgDyksV4EhIEQg=,7S02250DBD0mdXdJtunote2FQG8=
50,-9,Aa9OQVRqsUFfdVgDyksV4EhIEQg=,7S02250DBD0mdXdJtunote2FQG8=
50,-15,Aa9OQVRqsUFfdVgDyksV4EhIEQg=,7S02250DBD0mdXdJtunote2FQG8=
53,-14,Aa9OQVRqsUFfdVgDyksV4EhIEQg=,7S02250DBD0mdXdJtunote2FQG8=
54,-14,Aa9OQVRqsUFfdVgDyksV4EhIEQg=,7S02250DBD0mdXdJtunote2FQG8=
55,-14,Aa9OQVRqsUFfdVgDyksV4EhIEQg=,7S02250DBD0mdXdJtunote2FQG8=
49,-9,Aa9OQVRqsUFfdVgDyksV4EhIEQg=,7S02250DBD0mdXdJtunote2FQG8=
51,-14,Aa9OQVRqsUFfdVgDyksV4EhIEQg=,7S02250DBD0mdXdJtunote2FQG8=
52,-14,Aa9OQVRqsUFfdVgDyksV4EhIEQg=,7S02250DBD0mdXdJtunote2FQG8=
51,-15,Aa9OQVRqsUFfdVgDyksV4EhIEQg=,7S02250DBD0mdXdJtunote2FQG8=
55,-10,Aa9OQVRqsUFfdVgDyksV4EhIEQg=,7S02250DBD0mdXdJtunote2FQG8=
50,-14,Aa9OQVRqsUFfdVgDyksV4EhIEQg=,7S02250DBD0mdXdJtunote2FQG8=
54,-10,Aa9OQVRqsUFfdVgDyksV4EhIEQg=,7S02250DBD0mdXdJtunote2FQG8=
55,-15,Aa9OQVRqsUFfdVgDyksV4EhIEQg=,7S02250DBD0mdXdJtunote2FQG8=
54,-15,Aa9OQVRqsUFfdVgDyksV4EhIEQg=,7S02250DBD0mdXdJtunote2FQG8=
53,-15,Aa9OQVRqsUFfdVgDyksV4EhIEQg=,7S02250DBD0mdXdJtunote2FQG8=
54,-13,Aa9OQVRqsUFfdVgDyksV4EhIEQg=,7S02250DBD0mdXdJtunote2FQG8=
52,-15,Aa9OQVRqsUFfdVgDyksV4EhIEQg=,7S02250DBD0mdXdJtunote2FQG8=
49,-14,Aa9OQVRqsUFfdVgDyksV4EhIEQg=,7S02250DBD0mdXdJtunote2FQG8=
57,-1,Aa9OQVRqsUFfdVgDyksV4EhIEQg=,xGALS8lha1n1mSI0VpZdwfyW0mY=
62,-1,Aa9OQVRqsUFfdVgDyksV4EhIEQg=,xGALS8lha1n1mSI0VpZdwfyW0mY=
61,-1,Aa9OQVRqsUFfdVgDyksV4EhIEQg=,xGALS8lha1n1mSI0VpZdwfyW0mY=
59,-1,Aa9OQVRqsUFfdVgDyksV4EhIEQg=,xGALS8lha1n1mSI0VpZdwfyW0mY=
63,-10,vq7dwzdHENW0VvHHM4x8DI1m/88=,tSThFOeEndhFt88+jLPV6KBytfg=
58,-1,Aa9OQVRqsUFfdVgDyksV4EhIEQg=,xGALS8lha1n1mSI0VpZdwfyW0mY=
60,-1,Aa9OQVRqsUFfdVgDyksV4EhIEQg=,xGALS8lha1n1mSI0VpZdwfyW0mY=
56,-1,Aa9OQVRqsUFfdVgDyksV4EhIEQg=,xGALS8lha1n1mSI0VpZdwfyW0mY=
63,-13,vq7dwzdHENW0VvHHM4x8DI1m/88=,tSThFOeEndhFt88+jLPV6KBytfg=
63,-14,Aa9OQVRqsUFfdVgDyksV4EhIEQg=,tSThFOeEndhFt88+jLPV6KBytfg=
63,-11,vq7dwzdHENW0VvHHM4x8DI1m/88=,tSThFOeEndhFt88+jLPV6KBytfg=
63,-15,Aa9OQVRqsUFfdVgDyksV4EhIEQg=,tSThFOeEndhFt88+jLPV6KBytfg=
52,-1,Aa9OQVRqsUFfdVgDyksV4EhIEQg=,Zi8T7V3GlU4h7bgozGcrX5rEYNw=
53,-1,Aa9OQVRqsUFfdVgDyksV4EhIEQg=,Zi8T7V3GlU4h7bgozGcrX5rEYNw=
49,-1,Aa9OQVRqsUFfdVgDyksV4EhIEQg=,Zi8T7V3GlU4h7bgozGcrX5rEYNw=
55,-1,Aa9OQVRqsUFfdVgDyksV4EhIEQg=,Zi8T7V3GlU4h7bgozGcrX5rEYNw=
51,-1,Aa9OQVRqsUFfdVgDyksV4EhIEQg=,Zi8T7V3GlU4h7bgozGcrX5rEYNw=
63,-12,vq7dwzdHENW0VvHHM4x8DI1m/88=,tSThFOeEndhFt88+jLPV6KBytfg=
54,-1,Aa9OQVRqsUFfdVgDyksV4EhIEQg=,Zi8T7V3GlU4h7bgozGcrX5rEYNw=
63,-7,Aa9OQVRqsUFfdVgDyksV4EhIEQg=,xGALS8lha1n1mSI0VpZdwfyW0mY=
63,-2,Aa9OQVRqsUFfdVgDyksV4EhIEQg=,xGALS8lha1n1mSI0VpZdwfyW0mY=
50,-1,Aa9OQVRqsUFfdVgDyksV4EhIEQg=,Zi8T7V3GlU4h7bgozGcrX5rEYNw=
63,-3,Aa9OQVRqsUFfdVgDyksV4EhIEQg=,xGALS8lha1n1mSI0VpZdwfyW0mY=
63,-5,Aa9OQVRqsUFfdVgDyksV4EhIEQg=,xGALS8lha1n1mSI0VpZdwfyW0mY=
63,-6,Aa9OQVRqsUFfdVgDyksV4EhIEQg=,xGALS8lha1n1mSI0VpZdwfyW0mY=
63,-8,Aa9OQVRqsUFfdVgDyksV4EhIEQg=,xGALS8lha1n1mSI0VpZdwfyW0mY=
63,-9,Aa9OQVRqsUFfdVgDyksV4EhIEQg=,tSThFOeEndhFt88+jLPV6KBytfg=
63,-4,Aa9OQVRqsUFfdVgDyksV4EhIEQg=,xGALS8lha1n1mSI0VpZdwfyW0mY=
48,-4,Aa9OQVRqsUFfdVgDyksV4EhIEQg=,Zi8T7V3GlU4h7bgozGcrX5rEYNw=
48,-5,Aa9OQVRqsUFfdVgDyksV4EhIEQg=,Zi8T7V3GlU4h7bgozGcrX5rEYNw=
48,-7,Aa9OQVRqsUFfdVgDyksV4EhIEQg=,Zi8T7V3GlU4h7bgozGcrX5rEYNw=
48,-1,Aa9OQVRqsUFfdVgDyksV4EhIEQg=,Zi8T7V3GlU4h7bgozGcrX5rEYNw=
48,-2,Aa9OQVRqsUFfdVgDyksV4EhIEQg=,Zi8T7V3GlU4h7bgozGcrX5rEYNw=
48,-6,Aa9OQVRqsUFfdVgDyksV4EhIEQg=,Zi8T7V3GlU4h7bgozGcrX5rEYNw=
48,-3,Aa9OQVRqsUFfdVgDyksV4EhIEQg=,Zi8T7V3GlU4h7bgozGcrX5rEYNw=
48,-10,Aa9OQVRqsUFfdVgDyksV4EhIEQg=,7S02250DBD0mdXdJtunote2FQG8=
48,-8,Aa9OQVRqsUFfdVgDyksV4EhIEQg=,Zi8T7V3GlU4h7bgozGcrX5rEYNw=
48,-11,Aa9OQVRqsUFfdVgDyksV4EhIEQg=,7S02250DBD0mdXdJtunote2FQG8=
49,-16,Aa9OQVRqsUFfdVgDyksV4EhIEQg=,7S02250DBD0mdXdJtunote2FQG8=
48,-12,Aa9OQVRqsUFfdVgDyksV4EhIEQg=,7S02250DBD0mdXdJtunote2FQG8=
48,-13,Aa9OQVRqsUFfdVgDyksV4EhIEQg=,7S02250DBD0mdXdJtunote2FQG8=
48,-9,Aa9OQVRqsUFfdVgDyksV4EhIEQg=,7S02250DBD0mdXdJtunote2FQG8=
50,-16,Aa9OQVRqsUFfdVgDyksV4EhIEQg=,7S02250DBD0mdXdJtunote2FQG8=
48,-14,Aa9OQVRqsUFfdVgDyksV4EhIEQg=,7S02250DBD0mdXdJtunote2FQG8=
54,-16,Aa9OQVRqsUFfdVgDyksV4EhIEQg=,7S02250DBD0mdXdJtunote2FQG8=
48,-15,Aa9OQVRqsUFfdVgDyksV4EhIEQg=,7S02250DBD0mdXdJtunote2FQG8=
51,-16,Aa9OQVRqsUFfdVgDyksV4EhIEQg=,7S02250DBD0mdXdJtunote2FQG8=
52,-16,Aa9OQVRqsUFfdVgDyksV4EhIEQg=,7S02250DBD0mdXdJtunote2FQG8=
53,-16,Aa9OQVRqsUFfdVgDyksV4EhIEQg=,7S02250DBD0mdXdJtunote2FQG8=
60,-16,Aa9OQVRqsUFfdVgDyksV4EhIEQg=,tSThFOeEndhFt88+jLPV6KBytfg=
59,-16,Aa9OQVRqsUFfdVgDyksV4EhIEQg=,tSThFOeEndhFt88+jLPV6KBytfg=
55,-16,Aa9OQVRqsUFfdVgDyksV4EhIEQg=,7S02250DBD0mdXdJtunote2FQG8=
61,-16,Aa9OQVRqsUFfdVgDyksV4EhIEQg=,tSThFOeEndhFt88+jLPV6KBytfg=
58,-16,Aa9OQVRqsUFfdVgDyksV4EhIEQg=,tSThFOeEndhFt88+jLPV6KBytfg=
57,-16,Aa9OQVRqsUFfdVgDyksV4EhIEQg=,tSThFOeEndhFt88+jLPV6KBytfg=
62,-16,Aa9OQVRqsUFfdVgDyksV4EhIEQg=,tSThFOeEndhFt88+jLPV6KBytfg=
56,-16,Aa9OQVRqsUFfdVgDyksV4EhIEQg=,tSThFOeEndhFt88+jLPV6KBytfg=
63,-1,Aa9OQVRqsUFfdVgDyksV4EhIEQg=,xGALS8lha1n1mSI0VpZdwfyW0mY=
48,-16,Aa9OQVRqsUFfdVgDyksV4EhIEQg=,7S02250DBD0mdXdJtunote2FQG8=
63,-16,Aa9OQVRqsUFfdVgDyksV4EhIEQg=,tSThFOeEndhFt88+jLPV6KBytfg=
62,-26,HoJ3YrmHVfjc+H0ed0NOo8c6k6U=,UpJJVhA+hKMxYgWOcQqBi3q5l2o=
61,-26,mqGDK5Rl0BwNC4avNY44KgLMu/c=,UpJJVhA+hKMxYgWOcQqBi3q5l2o=
57,-31,mqGDK5Rl0BwNC4avNY44KgLMu/c=,UpJJVhA+hKMxYgWOcQqBi3q5l2o=
60,-26,mqGDK5Rl0BwNC4avNY44KgLMu/c=,UpJJVhA+hKMxYgWOcQqBi3q5l2o=
58,-26,mqGDK5Rl0BwNC4avNY44KgLMu/c=,UpJJVhA+hKMxYgWOcQqBi3q5l2o=
58,-31,mqGDK5Rl0BwNC4avNY44KgLMu/c=,UpJJVhA+hKMxYgWOcQqBi3q5l2o=
59,-31,mqGDK5Rl0BwNC4avNY44KgLMu/c=,UpJJVhA+hKMxYgWOcQqBi3q5l2o=
62,-27,mqGDK5Rl0BwNC4avNY44KgLMu/c=,UpJJVhA+hKMxYgWOcQqBi3q5l2o=
60,-31,mqGDK5Rl0BwNC4avNY44KgLMu/c=,UpJJVhA+hKMxYgWOcQqBi3q5l2o=
59,-26,mqGDK5Rl0BwNC4avNY44KgLMu/c=,UpJJVhA+hKMxYgWOcQqBi3q5l2o=
61,-27,mqGDK5Rl0BwNC4avNY44KgLMu/c=,UpJJVhA+hKMxYgWOcQqBi3q5l2o=
57,-26,mqGDK5Rl0BwNC4avNY44KgLMu/c=,UpJJVhA+hKMxYgWOcQqBi3q5l2o=
61,-31,mqGDK5Rl0BwNC4avNY44KgLMu/c=,UpJJVhA+hKMxYgWOcQqBi3q5l2o=
62,-31,mqGDK5Rl0BwNC4avNY44KgLMu/c=,UpJJVhA+hKMxYgWOcQqBi3q5l2o=
60,-27,mqGDK5Rl0BwNC4avNY44KgLMu/c=,UpJJVhA+hKMxYgWOcQqBi3q5l2o=
58,-27,mqGDK5Rl0BwNC4avNY44KgLMu/c=,UpJJVhA+hKMxYgWOcQqBi3q5l2o=
57,-27,mqGDK5Rl0BwNC4avNY44KgLMu/c=,UpJJVhA+hKMxYgWOcQqBi3q5l2o=
59,-27,mqGDK5Rl0BwNC4avNY44KgLMu/c=,UpJJVhA+hKMxYgWOcQqBi3q5l2o=
57,-30,mqGDK5Rl0BwNC4avNY44KgLMu/c=,UpJJVhA+hKMxYgWOcQqBi3q5l2o=
62,-28,mqGDK5Rl0BwNC4avNY44KgLMu/c=,UpJJVhA+hKMxYgWOcQqBi3q5l2o=
61,-28,mqGDK5Rl0BwNC4avNY44KgLMu/c=,UpJJVhA+hKMxYgWOcQqBi3q5l2o=
58,-30,mqGDK5Rl0BwNC4avNY44KgLMu/c=,UpJJVhA+hKMxYgWOcQqBi3q5l2o=
60,-28,mqGDK5Rl0BwNC4avNY44KgLMu/c=,UpJJVhA+hKMxYgWOcQqBi3q5l2o=
58,-28,mqGDK5Rl0BwNC4avNY44KgLMu/c=,UpJJVhA+hKMxYgWOcQqBi3q5l2o=
61,-29,mqGDK5Rl0BwNC4avNY44KgLMu/c=,UpJJVhA+hKMxYgWOcQqBi3q5l2o=
57,-28,mqGDK5Rl0BwNC4avNY44KgLMu/c=,UpJJVhA+hKMxYgWOcQqBi3q5l2o=
59,-30,mqGDK5Rl0BwNC4avNY44KgLMu/c=,UpJJVhA+hKMxYgWOcQqBi3q5l2o=
59,-28,mqGDK5Rl0BwNC4avNY44KgLMu/c=,UpJJVhA+hKMxYgWOcQqBi3q5l2o=
62,-29,mqGDK5Rl0BwNC4avNY44KgLMu/c=,UpJJVhA+hKMxYgWOcQqBi3q5l2o=
62,-30,mqGDK5Rl0BwNC4avNY44KgLMu/c=,UpJJVhA+hKMxYgWOcQqBi3q5l2o=
60,-30,mqGDK5Rl0BwNC4avNY44KgLMu/c=,UpJJVhA+hKMxYgWOcQqBi3q5l2o=
60,-29,mqGDK5Rl0BwNC4avNY44KgLMu/c=,UpJJVhA+hKMxYgWOcQqBi3q5l2o=
61,-30,mqGDK5Rl0BwNC4avNY44KgLMu/c=,UpJJVhA+hKMxYgWOcQqBi3q5l2o=
59,-29,mqGDK5Rl0BwNC4avNY44KgLMu/c=,UpJJVhA+hKMxYgWOcQqBi3q5l2o=
57,-29,mqGDK5Rl0BwNC4avNY44KgLMu/c=,UpJJVhA+hKMxYgWOcQqBi3q5l2o=
58,-29,mqGDK5Rl0BwNC4avNY44KgLMu/c=,UpJJVhA+hKMxYgWOcQqBi3q5l2o=
61,-18,mqGDK5Rl0BwNC4avNY44KgLMu/c=,BjeKD44AIWg3sDoHUrckaO6iY/I=
60,-25,mqGDK5Rl0BwNC4avNY44KgLMu/c=,UpJJVhA+hKMxYgWOcQqBi3q5l2o=
61,-19,/CD7vGa45wLM5wYG+3xHq1DFcdg=,BjeKD44AIWg3sDoHUrckaO6iY/I=
58,-25,mqGDK5Rl0BwNC4avNY44KgLMu/c=,UpJJVhA+hKMxYgWOcQqBi3q5l2o=
59,-25,mqGDK5Rl0BwNC4avNY44KgLMu/c=,UpJJVhA+hKMxYgWOcQqBi3q5l2o=
57,-21,mqGDK5Rl0BwNC4avNY44KgLMu/c=,BjeKD44AIWg3sDoHUrckaO6iY/I=
57,-19,mqGDK5Rl0BwNC4avNY44KgLMu/c=,BjeKD44AIWg3sDoHUrckaO6iY/I=
62,-20,/CD7vGa45wLM5wYG+3xHq1DFcdg=,BjeKD44AIWg3sDoHUrckaO6iY/I=
61,-20,/CD7vGa45wLM5wYG+3xHq1DFcdg=,BjeKD44AIWg3sDoHUrckaO6iY/I=
61,-21,/CD7vGa45wLM5wYG+3xHq1DFcdg=,BjeKD44AIWg3sDoHUrckaO6iY/I=
62,-21,/CD7vGa45wLM5wYG+3xHq1DFcdg=,BjeKD44AIWg3sDoHUrckaO6iY/I=
57,-25,mqGDK5Rl0BwNC4avNY44KgLMu/c=,UpJJVhA+hKMxYgWOcQqBi3q5l2o=
62,-18,mqGDK5Rl0BwNC4avNY44KgLMu/c=,BjeKD44AIWg3sDoHUrckaO6iY/I=
61,-25,mqGDK5Rl0BwNC4avNY44KgLMu/c=,UpJJVhA+hKMxYgWOcQqBi3q5l2o=
60,-20,/CD7vGa45wLM5wYG+3xHq1DFcdg=,BjeKD44AIWg3sDoHUrckaO6iY/I=
57,-22,/CD7vGa45wLM5wYG+3xHq1DFcdg=,BjeKD44AIWg3sDoHUrckaO6iY/I=
58,-24,mqGDK5Rl0BwNC4avNY44KgLMu/c=,BjeKD44AIWg3sDoHUrckaO6iY/I=
59,-20,/CD7vGa45wLM5wYG+3xHq1DFcdg=,BjeKD44AIWg3sDoHUrckaO6iY/I=
58,-20,/CD7vGa45wLM5wYG+3xHq1DFcdg=,BjeKD44AIWg3sDoHUrckaO6iY/I=
62,-25,/CD7vGa45wLM5wYG+3xHq1DFcdg=,UpJJVhA+hKMxYgWOcQqBi3q5l2o=
58,-23,/CD7vGa45wLM5wYG+3xHq1DFcdg=,BjeKD44AIWg3sDoHUrckaO6iY/I=
57,-23,mqGDK5Rl0BwNC4avNY44KgLMu/c=,BjeKD44AIWg3sDoHUrckaO6iY/I=
60,-21,/CD7vGa45wLM5wYG+3xHq1DFcdg=,BjeKD44AIWg3sDoHUrckaO6iY/I=
58,-21,mqGDK5Rl0BwNC4avNY44KgLMu/c=,BjeKD44AIWg3sDoHUrckaO6iY/I=
60,-24,/CD7vGa45wLM5wYG+3xHq1DFcdg=,BjeKD44AIWg3sDoHUrckaO6iY/I=
57,-24,/CD7vGa45wLM5wYG+3xHq1DFcdg=,BjeKD44AIWg3sDoHUrckaO6iY/I=
61,-24,/CD7vGa45wLM5wYG+3xHq1DFcdg=,BjeKD44AIWg3sDoHUrckaO6iY/I=
60,-18,mqGDK5Rl0BwNC4avNY44KgLMu/c=,BjeKD44AIWg3sDoHUrckaO6iY/I=
58,-22,/CD7vGa45wLM5wYG+3xHq1DFcdg=,BjeKD44AIWg3sDoHUrckaO6iY/I=
62,-24,/CD7vGa45wLM5wYG+3xHq1DFcdg=,BjeKD44AIWg3sDoHUrckaO6iY/I=
59,-18,/CD7vGa45wLM5wYG+3xHq1DFcdg=,BjeKD44AIWg3sDoHUrckaO6iY/I=
62,-22,/CD7vGa45wLM5wYG+3xHq1DFcdg=,BjeKD44AIWg3sDoHUrckaO6iY/I=
58,-18,/CD7vGa45wLM5wYG+3xHq1DFcdg=,BjeKD44AIWg3sDoHUrckaO6iY/I=
57,-18,/CD7vGa45wLM5wYG+3xHq1DFcdg=,BjeKD44AIWg3sDoHUrckaO6iY/I=
59,-23,/CD7vGa45wLM5wYG+3xHq1DFcdg=,BjeKD44AIWg3sDoHUrckaO6iY/I=
60,-19,/CD7vGa45wLM5wYG+3xHq1DFcdg=,BjeKD44AIWg3sDoHUrckaO6iY/I=
62,-19,/CD7vGa45wLM5wYG+3xHq1DFcdg=,BjeKD44AIWg3sDoHUrckaO6iY/I=
61,-22,/CD7vGa45wLM5wYG+3xHq1DFcdg=,BjeKD44AIWg3sDoHUrckaO6iY/I=
60,-23,/CD7vGa45wLM5wYG+3xHq1DFcdg=,BjeKD44AIWg3sDoHUrckaO6iY/I=
58,-19,/CD7vGa45wLM5wYG+3xHq1DFcdg=,BjeKD44AIWg3sDoHUrckaO6iY/I=
60,-22,mqGDK5Rl0BwNC4avNY44KgLMu/c=,BjeKD44AIWg3sDoHUrckaO6iY/I=
59,-21,mqGDK5Rl0BwNC4avNY44KgLMu/c=,BjeKD44AIWg3sDoHUrckaO6iY/I=
59,-19,/CD7vGa45wLM5wYG+3xHq1DFcdg=,BjeKD44AIWg3sDoHUrckaO6iY/I=
59,-22,/CD7vGa45wLM5wYG+3xHq1DFcdg=,BjeKD44AIWg3sDoHUrckaO6iY/I=
57,-20,/CD7vGa45wLM5wYG+3xHq1DFcdg=,BjeKD44AIWg3sDoHUrckaO6iY/I=
61,-23,/CD7vGa45wLM5wYG+3xHq1DFcdg=,BjeKD44AIWg3sDoHUrckaO6iY/I=
62,-23,/CD7vGa45wLM5wYG+3xHq1DFcdg=,BjeKD44AIWg3sDoHUrckaO6iY/I=
59,-24,/CD7vGa45wLM5wYG+3xHq1DFcdg=,BjeKD44AIWg3sDoHUrckaO6iY/I=
52,-21,/CD7vGa45wLM5wYG+3xHq1DFcdg=,VFyUWQY+FbC5kQLxcVQWY2py8s8=
49,-21,/CD7vGa45wLM5wYG+3xHq1DFcdg=,VFyUWQY+FbC5kQLxcVQWY2py8s8=
50,-21,/CD7vGa45wLM5wYG+3xHq1DFcdg=,VFyUWQY+FbC5kQLxcVQWY2py8s8=
51,-21,/CD7vGa45wLM5wYG+3xHq1DFcdg=,VFyUWQY+FbC5kQLxcVQWY2py8s8=
55,-22,/CD7vGa45wLM5wYG+3xHq1DFcdg=,VFyUWQY+FbC5kQLxcVQWY2py8s8=
53,-21,/CD7vGa45wLM5wYG+3xHq1DFcdg=,VFyUWQY+FbC5kQLxcVQWY2py8s8=
55,-18,/CD7vGa45wLM5wYG+3xHq1DFcdg=,VFyUWQY+FbC5kQLxcVQWY2py8s8=
54,-22,/CD7vGa45wLM5wYG+3xHq1DFcdg=,VFyUWQY+FbC5kQLxcVQWY2py8s8=
54,-18,/CD7vGa45wLM5wYG+3xHq1DFcdg=,VFyUWQY+FbC5kQLxcVQWY2py8s8=
53,-22,/CD7vGa45wLM5wYG+3xHq1DFcdg=,VFyUWQY+FbC5kQLxcVQWY2py8s8=
53,-18,/CD7vGa45wLM5wYG+3xHq1DFcdg=,VFyUWQY+FbC5kQLxcVQWY2py8s8=
51,-18,/CD7vGa45wLM5wYG+3xHq1DFcdg=,VFyUWQY+FbC5kQLxcVQWY2py8s8=
50,-18,/CD7vGa45wLM5wYG+3xHq1DFcdg=,VFyUWQY+FbC5kQLxcVQWY2py8s8=
49,-18,/CD7vGa45wLM5wYG+3xHq1DFcdg=,VFyUWQY+FbC5kQLxcVQWY2py8s8=
52,-18,/CD7vGa45wLM5wYG+3xHq1DFcdg=,VFyUWQY+FbC5kQLxcVQWY2py8s8=
52,-22,/CD7vGa45wLM5wYG+3xHq1DFcdg=,VFyUWQY+FbC5kQLxcVQWY2py8s8=
51,-22,/CD7vGa45wLM5wYG+3xHq1DFcdg=,VFyUWQY+FbC5kQLxcVQWY2py8s8=
50,-22,/CD7vGa45wLM5wYG+3xHq1DFcdg=,VFyUWQY+FbC5kQLxcVQWY2py8s8=
49,-22,/CD7vGa45wLM5wYG+3xHq1DFcdg=,VFyUWQY+FbC5kQLxcVQWY2py8s8=
55,-19,/CD7vGa45wLM5wYG+3xHq1DFcdg=,VFyUWQY+FbC5kQLxcVQWY2py8s8=
54,-19,/CD7vGa45wLM5wYG+3xHq1DFcdg=,VFyUWQY+FbC5kQLxcVQWY2py8s8=
56,-21,/CD7vGa45wLM5wYG+3xHq1DFcdg=,BjeKD44AIWg3sDoHUrckaO6iY/I=
53,-19,/CD7vGa45wLM5wYG+3xHq1DFcdg=,VFyUWQY+FbC5kQLxcVQWY2py8s8=
52,-19,/CD7vGa45wLM5wYG+3xHq1DFcdg=,VFyUWQY+FbC5kQLxcVQWY2py8s8=
51,-19,/CD7vGa45wLM5wYG+3xHq1DFcdg=,VFyUWQY+FbC5kQLxcVQWY2py8s8=
50,-19,/CD7vGa45wLM5wYG+3xHq1DFcdg=,VFyUWQY+FbC5kQLxcVQWY2py8s8=
55,-23,/CD7vGa45wLM5wYG+3xHq1DFcdg=,VFyUWQY+FbC5kQLxcVQWY2py8s8=
56,-23,/CD7vGa45wLM5wYG+3xHq1DFcdg=,BjeKD44AIWg3sDoHUrckaO6iY/I=
49,-19,/CD7vGa45wLM5wYG+3xHq1DFcdg=,VFyUWQY+FbC5kQLxcVQWY2py8s8=
55,-20,/CD7vGa45wLM5wYG+3xHq1DFcdg=,VFyUWQY+FbC5kQLxcVQWY2py8s8=
56,-18,/CD7vGa45wLM5wYG+3xHq1DFcdg=,BjeKD44AIWg3sDoHUrckaO6iY/I=
54,-23,/CD7vGa45wLM5wYG+3xHq1DFcdg=,VFyUWQY+FbC5kQLxcVQWY2py8s8=
54,-20,/CD7vGa45wLM5wYG+3xHq1DFcdg=,VFyUWQY+FbC5kQLxcVQWY2py8s8=
53,-20,/CD7vGa45wLM5wYG+3xHq1DFcdg=,VFyUWQY+FbC5kQLxcVQWY2py8s8=
53,-23,/CD7vGa45wLM5wYG+3xHq1DFcdg=,VFyUWQY+FbC5kQLxcVQWY2py8s8=
52,-23,/CD7vGa45wLM5wYG+3xHq1DFcdg=,VFyUWQY+FbC5kQLxcVQWY2py8s8=
51,-23,/CD7vGa45wLM5wYG+3xHq1DFcdg=,VFyUWQY+FbC5kQLxcVQWY2py8s8=
50,-23,/CD7vGa45wLM5wYG+3xHq1DFcdg=,VFyUWQY+FbC5kQLxcVQWY2py8s8=
49,-23,/CD7vGa45wLM5wYG+3xHq1DFcdg=,VFyUWQY+FbC5kQLxcVQWY2py8s8=
50,-20,/CD7vGa45wLM5wYG+3xHq1DFcdg=,VFyUWQY+FbC5kQLxcVQWY2py8s8=
51,-20,/CD7vGa45wLM5wYG+3xHq1DFcdg=,VFyUWQY+FbC5kQLxcVQWY2py8s8=
49,-20,/CD7vGa45wLM5wYG+3xHq1DFcdg=,VFyUWQY+FbC5kQLxcVQWY2py8s8=
56,-22,/CD7vGa45wLM5wYG+3xHq1DFcdg=,BjeKD44AIWg3sDoHUrckaO6iY/I=
56,-20,/CD7vGa45wLM5wYG+3xHq1DFcdg=,BjeKD44AIWg3sDoHUrckaO6iY/I=
52,-20,/CD7vGa45wLM5wYG+3xHq1DFcdg=,VFyUWQY+FbC5kQLxcVQWY2py8s8=
54,-21,/CD7vGa45wLM5wYG+3xHq1DFcdg=,VFyUWQY+FbC5kQLxcVQWY2py8s8=
55,-21,/CD7vGa45wLM5wYG+3xHq1DFcdg=,VFyUWQY+FbC5kQLxcVQWY2py8s8=
56,-19,/CD7vGa45wLM5wYG+3xHq1DFcdg=,BjeKD44AIWg3sDoHUrckaO6iY/I=
49,-27,/CD7vGa45wLM5wYG+3xHq1DFcdg=,IwPLzLr42F3glOpF2rXiBiDtcKQ=
52,-27,/CD7vGa45wLM5wYG+3xHq1DFcdg=,IwPLzLr42F3glOpF2rXiBiDtcKQ=
50,-27,/CD7vGa45wLM5wYG+3xHq1DFcdg=,IwPLzLr42F3glOpF2rXiBiDtcKQ=
51,-27,/CD7vGa45wLM5wYG+3xHq1DFcdg=,IwPLzLr42F3glOpF2rXiBiDtcKQ=
56,-26,/CD7vGa45wLM5wYG+3xHq1DFcdg=,UpJJVhA+hKMxYgWOcQqBi3q5l2o=
56,-25,/CD7vGa45wLM5wYG+3xHq1DFcdg=,UpJJVhA+hKMxYgWOcQqBi3q5l2o=
53,-27,/CD7vGa45wLM5wYG+3xHq1DFcdg=,IwPLzLr42F3glOpF2rXiBiDtcKQ=
55,-28,/CD7vGa45wLM5wYG+3xHq1DFcdg=,IwPLzLr42F3glOpF2rXiBiDtcKQ=
54,-28,/CD7vGa45wLM5wYG+3xHq1DFcdg=,IwPLzLr42F3glOpF2rXiBiDtcKQ=
56,-27,/CD7vGa45wLM5wYG+3xHq1DFcdg=,UpJJVhA+hKMxYgWOcQqBi3q5l2o=
53,-28,/CD7vGa45wLM5wYG+3xHq1DFcdg=,IwPLzLr42F3glOpF2rXiBiDtcKQ=
54,-27,/CD7vGa45wLM5wYG+3xHq1DFcdg=,IwPLzLr42F3glOpF2rXiBiDtcKQ=
56,-28,/CD7vGa45wLM5wYG+3xHq1DFcdg=,UpJJVhA+hKMxYgWOcQqBi3q5l2o=
51,-28,/CD7vGa45wLM5wYG+3xHq1DFcdg=,IwPLzLr42F3glOpF2rXiBiDtcKQ=
49,-28,/CD7vGa45wLM5wYG+3xHq1DFcdg=,IwPLzLr42F3glOpF2rXiBiDtcKQ=
55,-27,/CD7vGa45wLM5wYG+3xHq1DFcdg=,IwPLzLr42F3glOpF2rXiBiDtcKQ=
52,-28,/CD7vGa45wLM5wYG+3xHq1DFcdg=,IwPLzLr42F3glOpF2rXiBiDtcKQ=
50,-28,/CD7vGa45wLM5wYG+3xHq1DFcdg=,IwPLzLr42F3glOpF2rXiBiDtcKQ=
55,-29,/CD7vGa45wLM5wYG+3xHq1DFcdg=,IwPLzLr42F3glOpF2rXiBiDtcKQ=
54,-29,/CD7vGa45wLM5wYG+3xHq1DFcdg=,IwPLzLr42F3glOpF2rXiBiDtcKQ=
49,-26,/CD7vGa45wLM5wYG+3xHq1DFcdg=,IwPLzLr42F3glOpF2rXiBiDtcKQ=
53,-29,/CD7vGa45wLM5wYG+3xHq1DFcdg=,IwPLzLr42F3glOpF2rXiBiDtcKQ=
51,-29,/CD7vGa45wLM5wYG+3xHq1DFcdg=,IwPLzLr42F3glOpF2rXiBiDtcKQ=
50,-29,/CD7vGa45wLM5wYG+3xHq1DFcdg=,IwPLzLr42F3glOpF2rXiBiDtcKQ=
56,-29,/CD7vGa45wLM5wYG+3xHq1DFcdg=,UpJJVhA+hKMxYgWOcQqBi3q5l2o=
52,-29,/CD7vGa45wLM5wYG+3xHq1DFcdg=,IwPLzLr42F3glOpF2rXiBiDtcKQ=
50,-26,/CD7vGa45wLM5wYG+3xHq1DFcdg=,IwPLzLr42F3glOpF2rXiBiDtcKQ=
49,-29,/CD7vGa45wLM5wYG+3xHq1DFcdg=,IwPLzLr42F3glOpF2rXiBiDtcKQ=
55,-30,/CD7vGa45wLM5wYG+3xHq1DFcdg=,IwPLzLr42F3glOpF2rXiBiDtcKQ=
54,-30,/CD7vGa45wLM5wYG+3xHq1DFcdg=,IwPLzLr42F3glOpF2rXiBiDtcKQ=
53,-30,/CD7vGa45wLM5wYG+3xHq1DFcdg=,IwPLzLr42F3glOpF2rXiBiDtcKQ=
52,-30,/CD7vGa45wLM5wYG+3xHq1DFcdg=,IwPLzLr42F3glOpF2rXiBiDtcKQ=
51,-26,/CD7vGa45wLM5wYG+3xHq1DFcdg=,IwPLzLr42F3glOpF2rXiBiDtcKQ=
51,-30,/CD7vGa45wLM5wYG+3xHq1DFcdg=,IwPLzLr42F3glOpF2rXiBiDtcKQ=
50,-30,/CD7vGa45wLM5wYG+3xHq1DFcdg=,IwPLzLr42F3glOpF2rXiBiDtcKQ=
52,-26,/CD7vGa45wLM5wYG+3xHq1DFcdg=,IwPLzLr42F3glOpF2rXiBiDtcKQ=
53,-31,/CD7vGa45wLM5wYG+3xHq1DFcdg=,IwPLzLr42F3glOpF2rXiBiDtcKQ=
49,-30,/CD7vGa45wLM5wYG+3xHq1DFcdg=,IwPLzLr42F3glOpF2rXiBiDtcKQ=
53,-26,/CD7vGa45wLM5wYG+3xHq1DFcdg=,IwPLzLr42F3glOpF2rXiBiDtcKQ=
52,-31,/CD7vGa45wLM5wYG+3xHq1DFcdg=,IwPLzLr42F3glOpF2rXiBiDtcKQ=
56,-30,/CD7vGa45wLM5wYG+3xHq1DFcdg=,UpJJVhA+hKMxYgWOcQqBi3q5l2o=
51,-31,/CD7vGa45wLM5wYG+3xHq1DFcdg=,IwPLzLr42F3glOpF2rXiBiDtcKQ=
50,-31,/CD7vGa45wLM5wYG+3xHq1DFcdg=,IwPLzLr42F3glOpF2rXiBiDtcKQ=
54,-26,/CD7vGa45wLM5wYG+3xHq1DFcdg=,IwPLzLr42F3glOpF2rXiBiDtcKQ=
55,-31,/CD7vGa45wLM5wYG+3xHq1DFcdg=,IwPLzLr42F3glOpF2rXiBiDtcKQ=
54,-31,/CD7vGa45wLM5wYG+3xHq1DFcdg=,IwPLzLr42F3glOpF2rXiBiDtcKQ=
49,-31,/CD7vGa45wLM5wYG+3xHq1DFcdg=,IwPLzLr42F3glOpF2rXiBiDtcKQ=
54,-24,/CD7vGa45wLM5wYG+3xHq1DFcdg=,VFyUWQY+FbC5kQLxcVQWY2py8s8=
55,-26,/CD7vGa45wLM5wYG+3xHq1DFcdg=,IwPLzLr42F3glOpF2rXiBiDtcKQ=
53,-24,/CD7vGa45wLM5wYG+3xHq1DFcdg=,VFyUWQY+FbC5kQLxcVQWY2py8s8=
52,-24,/CD7vGa45wLM5wYG+3xHq1DFcdg=,VFyUWQY+FbC5kQLxcVQWY2py8s8=
55,-24,/CD7vGa45wLM5wYG+3xHq1DFcdg=,VFyUWQY+FbC5kQLxcVQWY2py8s8=
49,-24,/CD7vGa45wLM5wYG+3xHq1DFcdg=,VFyUWQY+FbC5kQLxcVQWY2py8s8=
49,-25,/CD7vGa45wLM5wYG+3xHq1DFcdg=,IwPLzLr42F3glOpF2rXiBiDtcKQ=
51,-24,/CD7vGa45wLM5wYG+3xHq1DFcdg=,VFyUWQY+FbC5kQLxcVQWY2py8s8=
50,-24,/CD7vGa45wLM5wYG+3xHq1DFcdg=,VFyUWQY+FbC5kQLxcVQWY2py8s8=
53,-25,/CD7vGa45wLM5wYG+3xHq1DFcdg=,IwPLzLr42F3glOpF2rXiBiDtcKQ=
50,-25,/CD7vGa45wLM5wYG+3xHq1DFcdg=,IwPLzLr42F3glOpF2rXiBiDtcKQ=
54,-25,/CD7vGa45wLM5wYG+3xHq1DFcdg=,IwPLzLr42F3glOpF2rXiBiDtcKQ=
56,-31,/CD7vGa45wLM5wYG+3xHq1DFcdg=,UpJJVhA+hKMxYgWOcQqBi3q5l2o=
56,-24,/CD7vGa45wLM5wYG+3xHq1DFcdg=,BjeKD44AIWg3sDoHUrckaO6iY/I=
51,-25,/CD7vGa45wLM5wYG+3xHq1DFcdg=,IwPLzLr42F3glOpF2rXiBiDtcKQ=
52,-25,/CD7vGa45wLM5wYG+3xHq1DFcdg=,IwPLzLr42F3glOpF2rXiBiDtcKQ=
55,-25,/CD7vGa45wLM5wYG+3xHq1DFcdg=,IwPLzLr42F3glOpF2rXiBiDtcKQ=
54,-17,/CD7vGa45wLM5wYG+3xHq1DFcdg=,VFyUWQY+FbC5kQLxcVQWY2py8s8=
49,-17,/CD7vGa45wLM5wYG+3xHq1DFcdg=,VFyUWQY+FbC5kQLxcVQWY2py8s8=
53,-17,/CD7vGa45wLM5wYG+3xHq1DFcdg=,VFyUWQY+FbC5kQLxcVQWY2py8s8=
51,-17,/CD7vGa45wLM5wYG+3xHq1DFcdg=,VFyUWQY+FbC5kQLxcVQWY2py8s8=
63,-23,/CD7vGa45wLM5wYG+3xHq1DFcdg=,BjeKD44AIWg3sDoHUrckaO6iY/I=
50,-17,/CD7vGa45wLM5wYG+3xHq1DFcdg=,VFyUWQY+FbC5kQLxcVQWY2py8s8=
63,-25,/CD7vGa45wLM5wYG+3xHq1DFcdg=,UpJJVhA+hKMxYgWOcQqBi3q5l2o=
63,-21,/CD7vGa45wLM5wYG+3xHq1DFcdg=,BjeKD44AIWg3sDoHUrckaO6iY/I=
52,-17,/CD7vGa45wLM5wYG+3xHq1DFcdg=,VFyUWQY+FbC5kQLxcVQWY2py8s8=
55,-17,/CD7vGa45wLM5wYG+3xHq1DFcdg=,VFyUWQY+FbC5kQLxcVQWY2py8s8=
63,-31,/CD7vGa45wLM5wYG+3xHq1DFcdg=,UpJJVhA+hKMxYgWOcQqBi3q5l2o=
59,-17,/CD7vGa45wLM5wYG+3xHq1DFcdg=,BjeKD44AIWg3sDoHUrckaO6iY/I=
60,-17,/CD7vGa45wLM5wYG+3xHq1DFcdg=,BjeKD44AIWg3sDoHUrckaO6iY/I=
63,-19,/CD7vGa45wLM5wYG+3xHq1DFcdg=,BjeKD44AIWg3sDoHUrckaO6iY/I=
63,-20,/CD7vGa45wLM5wYG+3xHq1DFcdg=,BjeKD44AIWg3sDoHUrckaO6iY/I=
63,-24,/CD7vGa45wLM5wYG+3xHq1DFcdg=,BjeKD44AIWg3sDoHUrckaO6iY/I=
58,-17,/CD7vGa45wLM5wYG+3xHq1DFcdg=,BjeKD44AIWg3sDoHUrckaO6iY/I=
63,-18,/CD7vGa45wLM5wYG+3xHq1DFcdg=,BjeKD44AIWg3sDoHUrckaO6iY/I=
63,-30,/CD7vGa45wLM5wYG+3xHq1DFcdg=,UpJJVhA+hKMxYgWOcQqBi3q5l2o=
63,-29,/CD7vGa45wLM5wYG+3xHq1DFcdg=,UpJJVhA+hKMxYgWOcQqBi3q5l2o=
57,-17,/CD7vGa45wLM5wYG+3xHq1DFcdg=,BjeKD44AIWg3sDoHUrckaO6iY/I=
61,-17,/CD7vGa45wLM5wYG+3xHq1DFcdg=,BjeKD44AIWg3sDoHUrckaO6iY/I=
63,-26,/CD7vGa45wLM5wYG+3xHq1DFcdg=,UpJJVhA+hKMxYgWOcQqBi3q5l2o=
63,-27,/CD7vGa45wLM5wYG+3xHq1DFcdg=,UpJJVhA+hKMxYgWOcQqBi3q5l2o=
63,-28,/CD7vGa45wLM5wYG+3xHq1DFcdg=,UpJJVhA+hKMxYgWOcQqBi3q5l2o=
56,-17,/CD7vGa45wLM5wYG+3xHq1DFcdg=,BjeKD44AIWg3sDoHUrckaO6iY/I=
63,-22,/CD7vGa45wLM5wYG+3xHq1DFcdg=,BjeKD44AIWg3sDoHUrckaO6iY/I=
62,-17,/CD7vGa45wLM5wYG+3xHq1DFcdg=,BjeKD44AIWg3sDoHUrckaO6iY/I=
48,-21,/CD7vGa45wLM5wYG+3xHq1DFcdg=,VFyUWQY+FbC5kQLxcVQWY2py8s8=
48,-20,/CD7vGa45wLM5wYG+3xHq1DFcdg=,VFyUWQY+FbC5kQLxcVQWY2py8s8=
48,-22,/CD7vGa45wLM5wYG+3xHq1DFcdg=,VFyUWQY+FbC5kQLxcVQWY2py8s8=
48,-26,/CD7vGa45wLM5wYG+3xHq1DFcdg=,IwPLzLr42F3glOpF2rXiBiDtcKQ=
48,-18,/CD7vGa45wLM5wYG+3xHq1DFcdg=,VFyUWQY+FbC5kQLxcVQWY2py8s8=
48,-17,/CD7vGa45wLM5wYG+3xHq1DFcdg=,VFyUWQY+FbC5kQLxcVQWY2py8s8=
48,-19,/CD7vGa45wLM5wYG+3xHq1DFcdg=,VFyUWQY+FbC5kQLxcVQWY2py8s8=
48,-25,/CD7vGa45wLM5wYG+3xHq1DFcdg=,IwPLzLr42F3glOpF2rXiBiDtcKQ=
48,-23,/CD7vGa45wLM5wYG+3xHq1DFcdg=,VFyUWQY+FbC5kQLxcVQWY2py8s8=
48,-27,/CD7vGa45wLM5wYG+3xHq1DFcdg=,IwPLzLr42F3glOpF2rXiBiDtcKQ=
48,-24,/CD7vGa45wLM5wYG+3xHq1DFcdg=,VFyUWQY+FbC5kQLxcVQWY2py8s8=
48,-28,/CD7vGa45wLM5wYG+3xHq1DFcdg=,IwPLzLr42F3glOpF2rXiBiDtcKQ=
48,-30,/CD7vGa45wLM5wYG+3xHq1DFcdg=,IwPLzLr42F3glOpF2rXiBiDtcKQ=
48,-31,/CD7vGa45wLM5wYG+3xHq1DFcdg=,IwPLzLr42F3glOpF2rXiBiDtcKQ=
53,-32,/CD7vGa45wLM5wYG+3xHq1DFcdg=,IwPLzLr42F3glOpF2rXiBiDtcKQ=
49,-32,/CD7vGa45wLM5wYG+3xHq1DFcdg=,IwPLzLr42F3glOpF2rXiBiDtcKQ=
52,-32,/CD7vGa45wLM5wYG+3xHq1DFcdg=,IwPLzLr42F3glOpF2rXiBiDtcKQ=
50,-32,/CD7vGa45wLM5wYG+3xHq1DFcdg=,IwPLzLr42F3glOpF2rXiBiDtcKQ=
54,-32,/CD7vGa45wLM5wYG+3xHq1DFcdg=,IwPLzLr42F3glOpF2rXiBiDtcKQ=
48,-29,/CD7vGa45wLM5wYG+3xHq1DFcdg=,IwPLzLr42F3glOpF2rXiBiDtcKQ=
51,-32,/CD7vGa45wLM5wYG+3xHq1DFcdg=,IwPLzLr42F3glOpF2rXiBiDtcKQ=
61,-32,/CD7vGa45wLM5wYG+3xHq1DFcdg=,UpJJVhA+hKMxYgWOcQqBi3q5l2o=
60,-32,/CD7vGa45wLM5wYG+3xHq1DFcdg=,UpJJVhA+hKMxYgWOcQqBi3q5l2o=
62,-32,/CD7vGa45wLM5wYG+3xHq1DFcdg=,UpJJVhA+hKMxYgWOcQqBi3q5l2o=
56,-32,/CD7vGa45wLM5wYG+3xHq1DFcdg=,UpJJVhA+hKMxYgWOcQqBi3q5l2o=
59,-32,/CD7vGa45wLM5wYG+3xHq1DFcdg=,UpJJVhA+hKMxYgWOcQqBi3q5l2o=
55,-32,/CD7vGa45wLM5wYG+3xHq1DFcdg=,IwPLzLr42F3glOpF2rXiBiDtcKQ=
58,-32,/CD7vGa45wLM5wYG+3xHq1DFcdg=,UpJJVhA+hKMxYgWOcQqBi3q5l2o=
57,-32,/CD7vGa45wLM5wYG+3xHq1DFcdg=,UpJJVhA+hKMxYgWOcQqBi3q5l2o=
63,-32,/CD7vGa45wLM5wYG+3xHq1DFcdg=,UpJJVhA+hKMxYgWOcQqBi3q5l2o=
48,-32,/CD7vGa45wLM5wYG+3xHq1DFcdg=,IwPLzLr42F3glOpF2rXiBiDtcKQ=
63,-17,/CD7vGa45wLM5wYG+3xHq1DFcdg=,BjeKD44AIWg3sDoHUrckaO6iY/I=
36,-21,DKNBSLw6aPdDe5pdtVKC1N3TfgM=,E4b9E7g5doOZJBbJBJL7qsYSLII=
35,-21,DKNBSLw6aPdDe5pdtVKC1N3TfgM=,E4b9E7g5doOZJBbJBJL7qsYSLII=
34,-21,DKNBSLw6aPdDe5pdtVKC1N3TfgM=,E4b9E7g5doOZJBbJBJL7qsYSLII=
38,-22,DKNBSLw6aPdDe5pdtVKC1N3TfgM=,E4b9E7g5doOZJBbJBJL7qsYSLII=
33,-21,DKNBSLw6aPdDe5pdtVKC1N3TfgM=,E4b9E7g5doOZJBbJBJL7qsYSLII=
36,-22,DKNBSLw6aPdDe5pdtVKC1N3TfgM=,E4b9E7g5doOZJBbJBJL7qsYSLII=
37,-22,DKNBSLw6aPdDe5pdtVKC1N3TfgM=,E4b9E7g5doOZJBbJBJL7qsYSLII=
35,-22,DKNBSLw6aPdDe5pdtVKC1N3TfgM=,E4b9E7g5doOZJBbJBJL7qsYSLII=
34,-22,DKNBSLw6aPdDe5pdtVKC1N3TfgM=,E4b9E7g5doOZJBbJBJL7qsYSLII=
33,-22,DKNBSLw6aPdDe5pdtVKC1N3TfgM=,E4b9E7g5doOZJBbJBJL7qsYSLII=
37,-18,DKNBSLw6aPdDe5pdtVKC1N3TfgM=,E4b9E7g5doOZJBbJBJL7qsYSLII=
36,-18,DKNBSLw6aPdDe5pdtVKC1N3TfgM=,E4b9E7g5doOZJBbJBJL7qsYSLII=
38,-18,DKNBSLw6aPdDe5pdtVKC1N3TfgM=,E4b9E7g5doOZJBbJBJL7qsYSLII=
35,-18,DKNBSLw6aPdDe5pdtVKC1N3TfgM=,E4b9E7g5doOZJBbJBJL7qsYSLII=
33,-18,DKNBSLw6aPdDe5pdtVKC1N3TfgM=,E4b9E7g5doOZJBbJBJL7qsYSLII=
34,-18,DKNBSLw6aPdDe5pdtVKC1N3TfgM=,E4b9E7g5doOZJBbJBJL7qsYSLII=
38,-19,DKNBSLw6aPdDe5pdtVKC1N3TfgM=,E4b9E7g5doOZJBbJBJL7qsYSLII=
38,-23,DKNBSLw6aPdDe5pdtVKC1N3TfgM=,E4b9E7g5doOZJBbJBJL7qsYSLII=
37,-23,DKNBSLw6aPdDe5pdtVKC1N3TfgM=,E4b9E7g5doOZJBbJBJL7qsYSLII=
37,-19,DKNBSLw6aPdDe5pdtVKC1N3TfgM=,E4b9E7g5doOZJBbJBJL7qsYSLII=
36,-19,DKNBSLw6aPdDe5pdtVKC1N3TfgM=,E4b9E7g5doOZJBbJBJL7qsYSLII=
36,-23,DKNBSLw6aPdDe5pdtVKC1N3TfgM=,E4b9E7g5doOZJBbJBJL7qsYSLII=
35,-23,DKNBSLw6aPdDe5pdtVKC1N3TfgM=,E4b9E7g5doOZJBbJBJL7qsYSLII=
35,-19,DKNBSLw6aPdDe5pdtVKC1N3TfgM=,E4b9E7g5doOZJBbJBJL7qsYSLII=
34,-23,DKNBSLw6aPdDe5pdtVKC1N3TfgM=,E4b9E7g5doOZJBbJBJL7qsYSLII=
38,-20,DKNBSLw6aPdDe5pdtVKC1N3TfgM=,E4b9E7g5doOZJBbJBJL7qsYSLII=
33,-19,DKNBSLw6aPdDe5pdtVKC1N3TfgM=,E4b9E7g5doOZJBbJBJL7qsYSLII=
37,-20,DKNBSLw6aPdDe5pdtVKC1N3TfgM=,E4b9E7g5doOZJBbJBJL7qsYSLII=
33,-23,DKNBSLw6aPdDe5pdtVKC1N3TfgM=,E4b9E7g5doOZJBbJBJL7qsYSLII=
36,-20,DKNBSLw6aPdDe5pdtVKC1N3TfgM=,E4b9E7g5doOZJBbJBJL7qsYSLII=
34,-19,DKNBSLw6aPdDe5pdtVKC1N3TfgM=,E4b9E7g5doOZJBbJBJL7qsYSLII=
34,-20,DKNBSLw6aPdDe5pdtVKC1N3TfgM=,E4b9E7g5doOZJBbJBJL7qsYSLII=
35,-20,DKNBSLw6aPdDe5pdtVKC1N3TfgM=,E4b9E7g5doOZJBbJBJL7qsYSLII=
38,-21,DKNBSLw6aPdDe5pdtVKC1N3TfgM=,E4b9E7g5doOZJBbJBJL7qsYSLII=
33,-20,DKNBSLw6aPdDe5pdtVKC1N3TfgM=,E4b9E7g5doOZJBbJBJL7qsYSLII=
37,-21,DKNBSLw6aPdDe5pdtVKC1N3TfgM=,E4b9E7g5doOZJBbJBJL7qsYSLII=
34,-27,qNshdvVr01jK819KhLXAYkZdJfc=,QWJrx1gOzBPhJy3OhSSCi/2N7hw=
35,-27,qNshdvVr01jK819KhLXAYkZdJfc=,QWJrx1gOzBPhJy3OhSSCi/2N7hw=
33,-27,qNshdvVr01jK819KhLXAYkZdJfc=,QWJrx1gOzBPhJy3OhSSCi/2N7hw=
36,-27,qNshdvVr01jK819KhLXAYkZdJfc=,QWJrx1gOzBPhJy3OhSSCi/2N7hw=
38,-28,qNshdvVr01jK819KhLXAYkZdJfc=,QWJrx1gOzBPhJy3OhSSCi/2N7hw=
37,-28,qNshdvVr01jK819KhLXAYkZdJfc=,QWJrx1gOzBPhJy3OhSSCi/2N7hw=
36,-28,qNshdvVr01jK819KhLXAYkZdJfc=,QWJrx1gOzBPhJy3OhSSCi/2N7hw=
37,-27,DKNBSLw6aPdDe5pdtVKC1N3TfgM=,QWJrx1gOzBPhJy3OhSSCi/2N7hw=
35,-28,qNshdvVr01jK819KhLXAYkZdJfc=,QWJrx1gOzBPhJy3OhSSCi/2N7hw=
33,-28,qNshdvVr01jK819KhLXAYkZdJfc=,QWJrx1gOzBPhJy3OhSSCi/2N7hw=
38,-27,DKNBSLw6aPdDe5pdtVKC1N3TfgM=,QWJrx1gOzBPhJy3OhSSCi/2N7hw=
34,-28,qNshdvVr01jK819KhLXAYkZdJfc=,QWJrx1gOzBPhJy3OhSSCi/2N7hw=
38,-29,qNshdvVr01jK819KhLXAYkZdJfc=,QWJrx1gOzBPhJy3OhSSCi/2N7hw=
37,-29,qNshdvVr01jK819KhLXAYkZdJfc=,QWJrx1gOzBPhJy3OhSSCi/2N7hw=
36,-29,qNshdvVr01jK819KhLXAYkZdJfc=,QWJrx1gOzBPhJy3OhSSCi/2N7hw=
33,-26,YA0cJxVvz23BtiKtxHZGPcmVu1M=,QWJrx1gOzBPhJy3OhSSCi/2N7hw=
33,-29,qNshdvVr01jK819KhLXAYkZdJfc=,QWJrx1gOzBPhJy3OhSSCi/2N7hw=
34,-26,YA0cJxVvz23BtiKtxHZGPcmVu1M=,QWJrx1gOzBPhJy3OhSSCi/2N7hw=
34,-29,qNshdvVr01jK819KhLXAYkZdJfc=,QWJrx1gOzBPhJy3OhSSCi/2N7hw=
35,-29,qNshdvVr01jK819KhLXAYkZdJfc=,QWJrx1gOzBPhJy3OhSSCi/2N7hw=
37,-30,qNshdvVr01jK819KhLXAYkZdJfc=,QWJrx1gOzBPhJy3OhSSCi/2N7hw=
38,-30,qNshdvVr01jK819KhLXAYkZdJfc=,QWJrx1gOzBPhJy3OhSSCi/2N7hw=
35,-26,YA0cJxVvz23BtiKtxHZGPcmVu1M=,QWJrx1gOzBPhJy3OhSSCi/2N7hw=
36,-30,qNshdvVr01jK819KhLXAYkZdJfc=,QWJrx1gOzBPhJy3OhSSCi/2N7hw=
35,-30,qNshdvVr01jK819KhLXAYkZdJfc=,QWJrx1gOzBPhJy3OhSSCi/2N7hw=
34,-30,YA0cJxVvz23BtiKtxHZGPcmVu1M=,QWJrx1gOzBPhJy3OhSSCi/2N7hw=
38,-31,YA0cJxVvz23BtiKtxHZGPcmVu1M=,QWJrx1gOzBPhJy3OhSSCi/2N7hw=
33,-30,YA0cJxVvz23BtiKtxHZGPcmVu1M=,QWJrx1gOzBPhJy3OhSSCi/2N7hw=
36,-26,YA0cJxVvz23BtiKtxHZGPcmVu1M=,QWJrx1gOzBPhJy3OhSSCi/2N7hw=
37,-31,YA0cJxVvz23BtiKtxHZGPcmVu1M=,QWJrx1gOzBPhJy3OhSSCi/2N7hw=
36,-31,YA0cJxVvz23BtiKtxHZGPcmVu1M=,QWJrx1gOzBPhJy3OhSSCi/2N7hw=
35,-31,YA0cJxVvz23BtiKtxHZGPcmVu1M=,QWJrx1gOzBPhJy3OhSSCi/2N7hw=
34,-31,YA0cJxVvz23BtiKtxHZGPcmVu1M=,QWJrx1gOzBPhJy3OhSSCi/2N7hw=
37,-26,YA0cJxVvz23BtiKtxHZGPcmVu1M=,QWJrx1gOzBPhJy3OhSSCi/2N7hw=
36,-24,DKNBSLw6aPdDe5pdtVKC1N3TfgM=,E4b9E7g5doOZJBbJBJL7qsYSLII=
38,-24,DKNBSLw6aPdDe5pdtVKC1N3TfgM=,E4b9E7g5doOZJBbJBJL7qsYSLII=
33,-31,YA0cJxVvz23BtiKtxHZGPcmVu1M=,QWJrx1gOzBPhJy3OhSSCi/2N7hw=
37,-24,DKNBSLw6aPdDe5pdtVKC1N3TfgM=,E4b9E7g5doOZJBbJBJL7qsYSLII=
35,-24,DKNBSLw6aPdDe5pdtVKC1N3TfgM=,E4b9E7g5doOZJBbJBJL7qsYSLII=
38,-26,YA0cJxVvz23BtiKtxHZGPcmVu1M=,QWJrx1gOzBPhJy3OhSSCi/2N7hw=
34,-24,DKNBSLw6aPdDe5pdtVKC1N3TfgM=,E4b9E7g5doOZJBbJBJL7qsYSLII=
38,-25,DKNBSLw6aPdDe5pdtVKC1N3TfgM=,QWJrx1gOzBPhJy3OhSSCi/2N7hw=
33,-25,DKNBSLw6aPdDe5pdtVKC1N3TfgM=,QWJrx1gOzBPhJy3OhSSCi/2N7hw=
33,-24,DKNBSLw6aPdDe5pdtVKC1N3TfgM=,E4b9E7g5doOZJBbJBJL7qsYSLII=
37,-25,DKNBSLw6aPdDe5pdtVKC1N3TfgM=,QWJrx1gOzBPhJy3OhSSCi/2N7hw=
35,-25,DKNBSLw6aPdDe5pdtVKC1N3TfgM=,QWJrx1gOzBPhJy3OhSSCi/2N7hw=
36,-25,DKNBSLw6aPdDe5pdtVKC1N3TfgM=,QWJrx1gOzBPhJy3OhSSCi/2N7hw=
34,-25,DKNBSLw6aPdDe5pdtVKC1N3TfgM=,QWJrx1gOzBPhJy3OhSSCi/2N7hw=
46,-19,DKNBSLw6aPdDe5pdtVKC1N3TfgM=,3sR0pUvNmczWRgFefIfWlnFybEU=
45,-18,DKNBSLw6aPdDe5pdtVKC1N3TfgM=,3sR0pUvNmczWRgFefIfWlnFybEU=
46,-20,DKNBSLw6aPdDe5pdtVKC1N3TfgM=,3sR0pUvNmczWRgFefIfWlnFybEU=
45,-20,DKNBSLw6aPdDe5pdtVKC1N3TfgM=,3sR0pUvNmczWRgFefIfWlnFybEU=
46,-18,DKNBSLw6aPdDe5pdtVKC1N3TfgM=,3sR0pUvNmczWRgFefIfWlnFybEU=
40,-18,DKNBSLw6aPdDe5pdtVKC1N3TfgM=,3sR0pUvNmczWRgFefIfWlnFybEU=
41,-21,DKNBSLw6aPdDe5pdtVKC1N3TfgM=,3sR0pUvNmczWRgFefIfWlnFybEU=
44,-20,DKNBSLw6aPdDe5pdtVKC1N3TfgM=,3sR0pUvNmczWRgFefIfWlnFybEU=
42,-21,DKNBSLw6aPdDe5pdtVKC1N3TfgM=,3sR0pUvNmczWRgFefIfWlnFybEU=
43,-20,DKNBSLw6aPdDe5pdtVKC1N3TfgM=,3sR0pUvNmczWRgFefIfWlnFybEU=
39,-21,DKNBSLw6aPdDe5pdtVKC1N3TfgM=,E4b9E7g5doOZJBbJBJL7qsYSLII=
44,-18,DKNBSLw6aPdDe5pdtVKC1N3TfgM=,3sR0pUvNmczWRgFefIfWlnFybEU=
39,-22,DKNBSLw6aPdDe5pdtVKC1N3TfgM=,E4b9E7g5doOZJBbJBJL7qsYSLII=
46,-21,DKNBSLw6aPdDe5pdtVKC1N3TfgM=,3sR0pUvNmczWRgFefIfWlnFybEU=
41,-18,DKNBSLw6aPdDe5pdtVKC1N3TfgM=,3sR0pUvNmczWRgFefIfWlnFybEU=
42,-20,DKNBSLw6aPdDe5pdtVKC1N3TfgM=,3sR0pUvNmczWRgFefIfWlnFybEU=
41,-20,DKNBSLw6aPdDe5pdtVKC1N3TfgM=,3sR0pUvNmczWRgFefIfWlnFybEU=
42,-22,DKNBSLw6aPdDe5pdtVKC1N3TfgM=,3sR0pUvNmczWRgFefIfWlnFybEU=
40,-21,DKNBSLw6aPdDe5pdtVKC1N3TfgM=,3sR0pUvNmczWRgFefIfWlnFybEU=
41,-22,DKNBSLw6aPdDe5pdtVKC1N3TfgM=,3sR0pUvNmczWRgFefIfWlnFybEU=
40,-20,DKNBSLw6aPdDe5pdtVKC1N3TfgM=,3sR0pUvNmczWRgFefIfWlnFybEU=
45,-21,DKNBSLw6aPdDe5pdtVKC1N3TfgM=,3sR0pUvNmczWRgFefIfWlnFybEU=
44,-21,DKNBSLw6aPdDe5pdtVKC1N3TfgM=,3sR0pUvNmczWRgFefIfWlnFybEU=
46,-22,DKNBSLw6aPdDe5pdtVKC1N3TfgM=,3sR0pUvNmczWRgFefIfWlnFybEU=
40,-19,DKNBSLw6aPdDe5pdtVKC1N3TfgM=,3sR0pUvNmczWRgFefIfWlnFybEU=
39,-18,DKNBSLw6aPdDe5pdtVKC1N3TfgM=,E4b9E7g5doOZJBbJBJL7qsYSLII=
45,-22,DKNBSLw6aPdDe5pdtVKC1N3TfgM=,3sR0pUvNmczWRgFefIfWlnFybEU=
42,-23,DKNBSLw6aPdDe5pdtVKC1N3TfgM=,3sR0pUvNmczWRgFefIfWlnFybEU=
42,-18,DKNBSLw6aPdDe5pdtVKC1N3TfgM=,3sR0pUvNmczWRgFefIfWlnFybEU=
39,-23,DKNBSLw6aPdDe5pdtVKC1N3TfgM=,E4b9E7g5doOZJBbJBJL7qsYSLII=
41,-19,DKNBSLw6aPdDe5pdtVKC1N3TfgM=,3sR0pUvNmczWRgFefIfWlnFybEU=
40,-22,DKNBSLw6aPdDe5pdtVKC1N3TfgM=,3sR0pUvNmczWRgFefIfWlnFybEU=
39,-19,DKNBSLw6aPdDe5pdtVKC1N3TfgM=,E4b9E7g5doOZJBbJBJL7qsYSLII=
46,-23,DKNBSLw6aPdDe5pdtVKC1N3TfgM=,3sR0pUvNmczWRgFefIfWlnFybEU=
42,-19,DKNBSLw6aPdDe5pdtVKC1N3TfgM=,3sR0pUvNmczWRgFefIfWlnFybEU=
45,-23,DKNBSLw6aPdDe5pdtVKC1N3TfgM=,3sR0pUvNmczWRgFefIfWlnFybEU=
44,-23,DKNBSLw6aPdDe5pdtVKC1N3TfgM=,3sR0pUvNmczWRgFefIfWlnFybEU=
43,-21,DKNBSLw6aPdDe5pdtVKC1N3TfgM=,3sR0pUvNmczWRgFefIfWlnFybEU=
43,-19,DKNBSLw6aPdDe5pdtVKC1N3TfgM=,3sR0pUvNmczWRgFefIfWlnFybEU=
43,-23,DKNBSLw6aPdDe5pdtVKC1N3TfgM=,3sR0pUvNmczWRgFefIfWlnFybEU=
44,-22,DKNBSLw6aPdDe5pdtVKC1N3TfgM=,3sR0pUvNmczWRgFefIfWlnFybEU=
44,-19,DKNBSLw6aPdDe5pdtVKC1N3TfgM=,3sR0pUvNmczWRgFefIfWlnFybEU=
41,-23,DKNBSLw6aPdDe5pdtVKC1N3TfgM=,3sR0pUvNmczWRgFefIfWlnFybEU=
45,-19,DKNBSLw6aPdDe5pdtVKC1N3TfgM=,3sR0pUvNmczWRgFefIfWlnFybEU=
40,-23,DKNBSLw6aPdDe5pdtVKC1N3TfgM=,3sR0pUvNmczWRgFefIfWlnFybEU=
43,-22,DKNBSLw6aPdDe5pdtVKC1N3TfgM=,3sR0pUvNmczWRgFefIfWlnFybEU=
39,-20,DKNBSLw6aPdDe5pdtVKC1N3TfgM=,E4b9E7g5doOZJBbJBJL7qsYSLII=
43,-18,DKNBSLw6aPdDe5pdtVKC1N3TfgM=,3sR0pUvNmczWRgFefIfWlnFybEU=
44,-25,DKNBSLw6aPdDe5pdtVKC1N3TfgM=,auZla3GgKcO70WAtKFNlU1ctskY=
39,-27,DKNBSLw6aPdDe5pdtVKC1N3TfgM=,QWJrx1gOzBPhJy3OhSSCi/2N7hw=
45,-25,DKNBSLw6aPdDe5pdtVKC1N3TfgM=,auZla3GgKcO70WAtKFNlU1ctskY=
46,-25,DKNBSLw6aPdDe5pdtVKC1N3TfgM=,auZla3GgKcO70WAtKFNlU1ctskY=
43,-25,DKNBSLw6aPdDe5pdtVKC1N3TfgM=,auZla3GgKcO70WAtKFNlU1ctskY=
39,-26,DKNBSLw6aPdDe5pdtVKC1N3TfgM=,QWJrx1gOzBPhJy3OhSSCi/2N7hw=
42,-25,DKNBSLw6aPdDe5pdtVKC1N3TfgM=,auZla3GgKcO70WAtKFNlU1ctskY=
39,-25,DKNBSLw6aPdDe5pdtVKC1N3TfgM=,QWJrx1gOzBPhJy3OhSSCi/2N7hw=
41,-25,DKNBSLw6aPdDe5pdtVKC1N3TfgM=,auZla3GgKcO70WAtKFNlU1ctskY=
40,-31,DKNBSLw6aPdDe5pdtVKC1N3TfgM=,auZla3GgKcO70WAtKFNlU1ctskY=
40,-25,DKNBSLw6aPdDe5pdtVKC1N3TfgM=,auZla3GgKcO70WAtKFNlU1ctskY=
40,-24,DKNBSLw6aPdDe5pdtVKC1N3TfgM=,3sR0pUvNmczWRgFefIfWlnFybEU=
46,-26,DKNBSLw6aPdDe5pdtVKC1N3TfgM=,auZla3GgKcO70WAtKFNlU1ctskY=
45,-26,DKNBSLw6aPdDe5pdtVKC1N3TfgM=,auZla3GgKcO70WAtKFNlU1ctskY=
41,-31,DKNBSLw6aPdDe5pdtVKC1N3TfgM=,auZla3GgKcO70WAtKFNlU1ctskY=
44,-26,DKNBSLw6aPdDe5pdtVKC1N3TfgM=,auZla3GgKcO70WAtKFNlU1ctskY=
43,-24,DKNBSLw6aPdDe5pdtVKC1N3TfgM=,3sR0pUvNmczWRgFefIfWlnFybEU=
43,-26,DKNBSLw6aPdDe5pdtVKC1N3TfgM=,auZla3GgKcO70WAtKFNlU1ctskY=
39,-24,DKNBSLw6aPdDe5pdtVKC1N3TfgM=,E4b9E7g5doOZJBbJBJL7qsYSLII=
42,-26,DKNBSLw6aPdDe5pdtVKC1N3TfgM=,auZla3GgKcO70WAtKFNlU1ctskY=
42,-31,DKNBSLw6aPdDe5pdtVKC1N3TfgM=,auZla3GgKcO70WAtKFNlU1ctskY=
41,-26,DKNBSLw6aPdDe5pdtVKC1N3TfgM=,auZla3GgKcO70WAtKFNlU1ctskY=
44,-24,DKNBSLw6aPdDe5pdtVKC1N3TfgM=,3sR0pUvNmczWRgFefIfWlnFybEU=
40,-26,DKNBSLw6aPdDe5pdtVKC1N3TfgM=,auZla3GgKcO70WAtKFNlU1ctskY=
46,-27,DKNBSLw6aPdDe5pdtVKC1N3TfgM=,auZla3GgKcO70WAtKFNlU1ctskY=
39,-28,DKNBSLw6aPdDe5pdtVKC1N3TfgM=,QWJrx1gOzBPhJy3OhSSCi/2N7hw=
43,-31,DKNBSLw6aPdDe5pdtVKC1N3TfgM=,auZla3GgKcO70WAtKFNlU1ctskY=
45,-27,DKNBSLw6aPdDe5pdtVKC1N3TfgM=,auZla3GgKcO70WAtKFNlU1ctskY=
44,-27,DKNBSLw6aPdDe5pdtVKC1N3TfgM=,auZla3GgKcO70WAtKFNlU1ctskY=
45,-24,DKNBSLw6aPdDe5pdtVKC1N3TfgM=,3sR0pUvNmczWRgFefIfWlnFybEU=
43,-27,DKNBSLw6aPdDe5pdtVKC1N3TfgM=,auZla3GgKcO70WAtKFNlU1ctskY=
42,-27,DKNBSLw6aPdDe5pdtVKC1N3TfgM=,auZla3GgKcO70WAtKFNlU1ctskY=
41,-24,DKNBSLw6aPdDe5pdtVKC1N3TfgM=,3sR0pUvNmczWRgFefIfWlnFybEU=
40,-27,DKNBSLw6aPdDe5pdtVKC1N3TfgM=,auZla3GgKcO70WAtKFNlU1ctskY=
41,-27,DKNBSLw6aPdDe5pdtVKC1N3TfgM=,auZla3GgKcO70WAtKFNlU1ctskY=
46,-24,DKNBSLw6aPdDe5pdtVKC1N3TfgM=,3sR0pUvNmczWRgFefIfWlnFybEU=
45,-28,DKNBSLw6aPdDe5pdtVKC1N3TfgM=,auZla3GgKcO70WAtKFNlU1ctskY=
46,-28,DKNBSLw6aPdDe5pdtVKC1N3TfgM=,auZla3GgKcO70WAtKFNlU1ctskY=
42,-24,DKNBSLw6aPdDe5pdtVKC1N3TfgM=,3sR0pUvNmczWRgFefIfWlnFybEU=
44,-28,DKNBSLw6aPdDe5pdtVKC1N3TfgM=,auZla3GgKcO70WAtKFNlU1ctskY=
39,-29,DKNBSLw6aPdDe5pdtVKC1N3TfgM=,QWJrx1gOzBPhJy3OhSSCi/2N7hw=
43,-28,DKNBSLw6aPdDe5pdtVKC1N3TfgM=,auZla3GgKcO70WAtKFNlU1ctskY=
44,-31,DKNBSLw6aPdDe5pdtVKC1N3TfgM=,auZla3GgKcO70WAtKFNlU1ctskY=
42,-28,DKNBSLw6aPdDe5pdtVKC1N3TfgM=,auZla3GgKcO70WAtKFNlU1ctskY=
41,-28,DKNBSLw6aPdDe5pdtVKC1N3TfgM=,auZla3GgKcO70WAtKFNlU1ctskY=
45,-31,DKNBSLw6aPdDe5pdtVKC1N3TfgM=,auZla3GgKcO70WAtKFNlU1ctskY=
40,-28,DKNBSLw6aPdDe5pdtVKC1N3TfgM=,auZla3GgKcO70WAtKFNlU1ctskY=
46,-29,DKNBSLw6aPdDe5pdtVKC1N3TfgM=,auZla3GgKcO70WAtKFNlU1ctskY=
44,-29,DKNBSLw6aPdDe5pdtVKC1N3TfgM=,auZla3GgKcO70WAtKFNlU1ctskY=
46,-31,DKNBSLw6aPdDe5pdtVKC1N3TfgM=,auZla3GgKcO70WAtKFNlU1ctskY=
45,-29,DKNBSLw6aPdDe5pdtVKC1N3TfgM=,auZla3GgKcO70WAtKFNlU1ctskY=
40,-30,DKNBSLw6aPdDe5pdtVKC1N3TfgM=,auZla3GgKcO70WAtKFNlU1ctskY=
43,-29,DKNBSLw6aPdDe5pdtVKC1N3TfgM=,auZla3GgKcO70WAtKFNlU1ctskY=
42,-29,DKNBSLw6aPdDe5pdtVKC1N3TfgM=,auZla3GgKcO70WAtKFNlU1ctskY=
41,-30,DKNBSLw6aPdDe5pdtVKC1N3TfgM=,auZla3GgKcO70WAtKFNlU1ctskY=
41,-29,DKNBSLw6aPdDe5pdtVKC1N3TfgM=,auZla3GgKcO70WAtKFNlU1ctskY=
40,-29,DKNBSLw6aPdDe5pdtVKC1N3TfgM=,auZla3GgKcO70WAtKFNlU1ctskY=
42,-30,DKNBSLw6aPdDe5pdtVKC1N3TfgM=,auZla3GgKcO70WAtKFNlU1ctskY=
46,-30,DKNBSLw6aPdDe5pdtVKC1N3TfgM=,auZla3GgKcO70WAtKFNlU1ctskY=
39,-30,DKNBSLw6aPdDe5pdtVKC1N3TfgM=,QWJrx1gOzBPhJy3OhSSCi/2N7hw=
43,-30,DKNBSLw6aPdDe5pdtVKC1N3TfgM=,auZla3GgKcO70WAtKFNlU1ctskY=
39,-31,DKNBSLw6aPdDe5pdtVKC1N3TfgM=,QWJrx1gOzBPhJy3OhSSCi/2N7hw=
44,-30,DKNBSLw6aPdDe5pdtVKC1N3TfgM=,auZla3GgKcO70WAtKFNlU1ctskY=
45,-30,DKNBSLw6aPdDe5pdtVKC1N3TfgM=,auZla3GgKcO70WAtKFNlU1ctskY=
47,-21,DKNBSLw6aPdDe5pdtVKC1N3TfgM=,3sR0pUvNmczWRgFefIfWlnFybEU=
47,-20,DKNBSLw6aPdDe5pdtVKC1N3TfgM=,3sR0pUvNmczWRgFefIfWlnFybEU=
47,-27,DKNBSLw6aPdDe5pdtVKC1N3TfgM=,auZla3GgKcO70WAtKFNlU1ctskY=
47,-26,DKNBSLw6aPdDe5pdtVKC1N3TfgM=,auZla3GgKcO70WAtKFNlU1ctskY=
47,-25,DKNBSLw6aPdDe5pdtVKC1N3TfgM=,auZla3GgKcO70WAtKFNlU1ctskY=
47,-19,DKNBSLw6aPdDe5pdtVKC1N3TfgM=,3sR0pUvNmczWRgFefIfWlnFybEU=
47,-24,DKNBSLw6aPdDe5pdtVKC1N3TfgM=,3sR0pUvNmczWRgFefIfWlnFybEU=
47,-22,DKNBSLw6aPdDe5pdtVKC1N3TfgM=,3sR0pUvNmczWRgFefIfWlnFybEU=
47,-18,DKNBSLw6aPdDe5pdtVKC1N3TfgM=,3sR0pUvNmczWRgFefIfWlnFybEU=
39,-17,DKNBSLw6aPdDe5pdtVKC1N3TfgM=,E4b9E7g5doOZJBbJBJL7qsYSLII=
45,-17,DKNBSLw6aPdDe5pdtVKC1N3TfgM=,3sR0pUvNmczWRgFefIfWlnFybEU=
38,-17,DKNBSLw6aPdDe5pdtVKC1N3TfgM=,E4b9E7g5doOZJBbJBJL7qsYSLII=
47,-31,DKNBSLw6aPdDe5pdtVKC1N3TfgM=,auZla3GgKcO70WAtKFNlU1ctskY=
47,-28,DKNBSLw6aPdDe5pdtVKC1N3TfgM=,auZla3GgKcO70WAtKFNlU1ctskY=
43,-17,DKNBSLw6aPdDe5pdtVKC1N3TfgM=,3sR0pUvNmczWRgFefIfWlnFybEU=
46,-17,DKNBSLw6aPdDe5pdtVKC1N3TfgM=,3sR0pUvNmczWRgFefIfWlnFybEU=
47,-29,DKNBSLw6aPdDe5pdtVKC1N3TfgM=,auZla3GgKcO70WAtKFNlU1ctskY=
47,-23,DKNBSLw6aPdDe5pdtVKC1N3TfgM=,3sR0pUvNmczWRgFefIfWlnFybEU=
47,-30,DKNBSLw6aPdDe5pdtVKC1N3TfgM=,auZla3GgKcO70WAtKFNlU1ctskY=
36,-17,DKNBSLw6aPdDe5pdtVKC1N3TfgM=,E4b9E7g5doOZJBbJBJL7qsYSLII=
37,-17,DKNBSLw6aPdDe5pdtVKC1N3TfgM=,E4b9E7g5doOZJBbJBJL7qsYSLII=
35,-17,DKNBSLw6aPdDe5pdtVKC1N3TfgM=,E4b9E7g5doOZJBbJBJL7qsYSLII=
42,-17,DKNBSLw6aPdDe5pdtVKC1N3TfgM=,3sR0pUvNmczWRgFefIfWlnFybEU=
33,-17,DKNBSLw6aPdDe5pdtVKC1N3TfgM=,E4b9E7g5doOZJBbJBJL7qsYSLII=
40,-17,DKNBSLw6aPdDe5pdtVKC1N3TfgM=,3sR0pUvNmczWRgFefIfWlnFybEU=
44,-17,DKNBSLw6aPdDe5pdtVKC1N3TfgM=,3sR0pUvNmczWRgFefIfWlnFybEU=
34,-17,DKNBSLw6aPdDe5pdtVKC1N3TfgM=,E4b9E7g5doOZJBbJBJL7qsYSLII=
41,-17,DKNBSLw6aPdDe5pdtVKC1N3TfgM=,3sR0pUvNmczWRgFefIfWlnFybEU=
32,-21,DKNBSLw6aPdDe5pdtVKC1N3TfgM=,E4b9E7g5doOZJBbJBJL7qsYSLII=
32,-20,DKNBSLw6aPdDe5pdtVKC1N3TfgM=,E4b9E7g5doOZJBbJBJL7qsYSLII=
32,-22,DKNBSLw6aPdDe5pdtVKC1N3TfgM=,E4b9E7g5doOZJBbJBJL7qsYSLII=
32,-19,DKNBSLw6aPdDe5pdtVKC1N3TfgM=,E4b9E7g5doOZJBbJBJL7qsYSLII=
32,-27,DKNBSLw6aPdDe5pdtVKC1N3TfgM=,QWJrx1gOzBPhJy3OhSSCi/2N7hw=
32,-18,DKNBSLw6aPdDe5pdtVKC1N3TfgM=,E4b9E7g5doOZJBbJBJL7qsYSLII=
32,-26,DKNBSLw6aPdDe5pdtVKC1N3TfgM=,QWJrx1gOzBPhJy3OhSSCi/2N7hw=
32,-23,DKNBSLw6aPdDe5pdtVKC1N3TfgM=,E4b9E7g5doOZJBbJBJL7qsYSLII=
32,-17,DKNBSLw6aPdDe5pdtVKC1N3TfgM=,E4b9E7g5doOZJBbJBJL7qsYSLII=
36,-32,DKNBSLw6aPdDe5pdtVKC1N3TfgM=,QWJrx1gOzBPhJy3OhSSCi/2N7hw=
37,-32,DKNBSLw6aPdDe5pdtVKC1N3TfgM=,QWJrx1gOzBPhJy3OhSSCi/2N7hw=
35,-32,DKNBSLw6aPdDe5pdtVKC1N3TfgM=,QWJrx1gOzBPhJy3OhSSCi/2N7hw=
38,-32,DKNBSLw6aPdDe5pdtVKC1N3TfgM=,QWJrx1gOzBPhJy3OhSSCi/2N7hw=
40,-32,DKNBSLw6aPdDe5pdtVKC1N3TfgM=,auZla3GgKcO70WAtKFNlU1ctskY=
33,-32,DKNBSLw6aPdDe5pdtVKC1N3TfgM=,QWJrx1gOzBPhJy3OhSSCi/2N7hw=
46,-32,DKNBSLw6aPdDe5pdtVKC1N3TfgM=,auZla3GgKcO70WAtKFNlU1ctskY=
45,-32,DKNBSLw6aPdDe5pdtVKC1N3TfgM=,auZla3GgKcO70WAtKFNlU1ctskY=
32,-25,DKNBSLw6aPdDe5pdtVKC1N3TfgM=,QWJrx1gOzBPhJy3OhSSCi/2N7hw=
34,-32,DKNBSLw6aPdDe5pdtVKC1N3TfgM=,QWJrx1gOzBPhJy3OhSSCi/2N7hw=
41,-32,DKNBSLw6aPdDe5pdtVKC1N3TfgM=,auZla3GgKcO70WAtKFNlU1ctskY=
39,-32,DKNBSLw6aPdDe5pdtVKC1N3TfgM=,QWJrx1gOzBPhJy3OhSSCi/2N7hw=
44,-32,DKNBSLw6aPdDe5pdtVKC1N3TfgM=,auZla3GgKcO70WAtKFNlU1ctskY=
32,-29,DKNBSLw6aPdDe5pdtVKC1N3TfgM=,QWJrx1gOzBPhJy3OhSSCi/2N7hw=
42,-32,DKNBSLw6aPdDe5pdtVKC1N3TfgM=,auZla3GgKcO70WAtKFNlU1ctskY=
32,-24,DKNBSLw6aPdDe5pdtVKC1N3TfgM=,E4b9E7g5doOZJBbJBJL7qsYSLII=
43,-32,DKNBSLw6aPdDe5pdtVKC1N3TfgM=,auZla3GgKcO70WAtKFNlU1ctskY=
32,-30,DKNBSLw6aPdDe5pdtVKC1N3TfgM=,QWJrx1gOzBPhJy3OhSSCi/2N7hw=
32,-31,DKNBSLw6aPdDe5pdtVKC1N3TfgM=,QWJrx1gOzBPhJy3OhSSCi/2N7hw=
32,-28,DKNBSLw6aPdDe5pdtVKC1N3TfgM=,QWJrx1gOzBPhJy3OhSSCi/2N7hw=
47,-17,DKNBSLw6aPdDe5pdtVKC1N3TfgM=,3sR0pUvNmczWRgFefIfWlnFybEU=
32,-32,DKNBSLw6aPdDe5pdtVKC1N3TfgM=,QWJrx1gOzBPhJy3OhSSCi/2N7hw=
47,-32,DKNBSLw6aPdDe5pdtVKC1N3TfgM=,auZla3GgKcO70WAtKFNlU1ctskY=
38,-12,eYQl55CKxF9YDWc54N/bplg20UE=,bIZd4U0hQNty06Dcb/w4iaJTbn0=
36,-11,eYQl55CKxF9YDWc54N/bplg20UE=,bIZd4U0hQNty06Dcb/w4iaJTbn0=
36,-12,eYQl55CKxF9YDWc54N/bplg20UE=,bIZd4U0hQNty06Dcb/w4iaJTbn0=
35,-11,eYQl55CKxF9YDWc54N/bplg20UE=,bIZd4U0hQNty06Dcb/w4iaJTbn0=
34,-11,eYQl55CKxF9YDWc54N/bplg20UE=,bIZd4U0hQNty06Dcb/w4iaJTbn0=
37,-12,eYQl55CKxF9YDWc54N/bplg20UE=,bIZd4U0hQNty06Dcb/w4iaJTbn0=
33,-12,eYQl55CKxF9YDWc54N/bplg20UE=,bIZd4U0hQNty06Dcb/w4iaJTbn0=
35,-12,eYQl55CKxF9YDWc54N/bplg20UE=,bIZd4U0hQNty06Dcb/w4iaJTbn0=
34,-12,eYQl55CKxF9YDWc54N/bplg20UE=,bIZd4U0hQNty06Dcb/w4iaJTbn0=
33,-11,eYQl55CKxF9YDWc54N/bplg20UE=,bIZd4U0hQNty06Dcb/w4iaJTbn0=
36,-13,eYQl55CKxF9YDWc54N/bplg20UE=,bIZd4U0hQNty06Dcb/w4iaJTbn0=
38,-13,eYQl55CKxF9YDWc54N/bplg20UE=,bIZd4U0hQNty06Dcb/w4iaJTbn0=
34,-13,eYQl55CKxF9YDWc54N/bplg20UE=,bIZd4U0hQNty06Dcb/w4iaJTbn0=
35,-13,eYQl55CKxF9YDWc54N/bplg20UE=,bIZd4U0hQNty06Dcb/w4iaJTbn0=
37,-13,eYQl55CKxF9YDWc54N/bplg20UE=,bIZd4U0hQNty06Dcb/w4iaJTbn0=
37,-14,eYQl55CKxF9YDWc54N/bplg20UE=,bIZd4U0hQNty06Dcb/w4iaJTbn0=
35,-14,eYQl55CKxF9YDWc54N/bplg20UE=,bIZd4U0hQNty06Dcb/w4iaJTbn0=
36,-14,eYQl55CKxF9YDWc54N/bplg20UE=,bIZd4U0hQNty06Dcb/w4iaJTbn0=
33,-13,eYQl55CKxF9YDWc54N/bplg20UE=,bIZd4U0hQNty06Dcb/w4iaJTbn0=
34,-14,eYQl55CKxF9YDWc54N/bplg20UE=,bIZd4U0hQNty06Dcb/w4iaJTbn0=
38,-14,eYQl55CKxF9YDWc54N/bplg20UE=,bIZd4U0hQNty06Dcb/w4iaJTbn0=
38,-10,eYQl55CKxF9YDWc54N/bplg20UE=,bIZd4U0hQNty06Dcb/w4iaJTbn0=
37,-10,eYQl55CKxF9YDWc54N/bplg20UE=,bIZd4U0hQNty06Dcb/w4iaJTbn0=
36,-10,eYQl55CKxF9YDWc54N/bplg20UE=,bIZd4U0hQNty06Dcb/w4iaJTbn0=
35,-10,eYQl55CKxF9YDWc54N/bplg20UE=,bIZd4U0hQNty06Dcb/w4iaJTbn0=
34,-10,eYQl55CKxF9YDWc54N/bplg20UE=,bIZd4U0hQNty06Dcb/w4iaJTbn0=
33,-14,eYQl55CKxF9YDWc54N/bplg20UE=,bIZd4U0hQNty06Dcb/w4iaJTbn0=
33,-10,eYQl55CKxF9YDWc54N/bplg20UE=,bIZd4U0hQNty06Dcb/w4iaJTbn0=
37,-15,eYQl55CKxF9YDWc54N/bplg20UE=,bIZd4U0hQNty06Dcb/w4iaJTbn0=
38,-11,eYQl55CKxF9YDWc54N/bplg20UE=,bIZd4U0hQNty06Dcb/w4iaJTbn0=
34,-15,eYQl55CKxF9YDWc54N/bplg20UE=,bIZd4U0hQNty06Dcb/w4iaJTbn0=
38,-15,eYQl55CKxF9YDWc54N/bplg20UE=,bIZd4U0hQNty06Dcb/w4iaJTbn0=
37,-11,eYQl55CKxF9YDWc54N/bplg20UE=,bIZd4U0hQNty06Dcb/w4iaJTbn0=
35,-15,eYQl55CKxF9YDWc54N/bplg20UE=,bIZd4U0hQNty06Dcb/w4iaJTbn0=
36,-15,eYQl55CKxF9YDWc54N/bplg20UE=,bIZd4U0hQNty06Dcb/w4iaJTbn0=
40,-15,8nDRYoJV4nd9zvAiSRHxwbysDVE=,aO+i8DiMWNoqK3KCf/wgFWs27Lw=
42,-15,8nDRYoJV4nd9zvAiSRHxwbysDVE=,aO+i8DiMWNoqK3KCf/wgFWs27Lw=
41,-15,8nDRYoJV4nd9zvAiSRHxwbysDVE=,aO+i8DiMWNoqK3KCf/wgFWs27Lw=
46,-10,eYQl55CKxF9YDWc54N/bplg20UE=,aO+i8DiMWNoqK3KCf/wgFWs27Lw=
33,-15,eYQl55CKxF9YDWc54N/bplg20UE=,bIZd4U0hQNty06Dcb/w4iaJTbn0=
45,-10,cI2QKkgWpLDIFNdjMQpQhaQUKRU=,aO+i8DiMWNoqK3KCf/wgFWs27Lw=
43,-10,cI2QKkgWpLDIFNdjMQpQhaQUKRU=,aO+i8DiMWNoqK3KCf/wgFWs27Lw=
44,-10,cI2QKkgWpLDIFNdjMQpQhaQUKRU=,aO+i8DiMWNoqK3KCf/wgFWs27Lw=
41,-10,cI2QKkgWpLDIFNdjMQpQhaQUKRU=,aO+i8DiMWNoqK3KCf/wgFWs27Lw=
43,-15,8nDRYoJV4nd9zvAiSRHxwbysDVE=,aO+i8DiMWNoqK3KCf/wgFWs27Lw=
40,-10,cI2QKkgWpLDIFNdjMQpQhaQUKRU=,aO+i8DiMWNoqK3KCf/wgFWs27Lw=
39,-12,cI2QKkgWpLDIFNdjMQpQhaQUKRU=,bIZd4U0hQNty06Dcb/w4iaJTbn0=
42,-10,cI2QKkgWpLDIFNdjMQpQhaQUKRU=,aO+i8DiMWNoqK3KCf/wgFWs27Lw=
45,-11,cI2QKkgWpLDIFNdjMQpQhaQUKRU=,aO+i8DiMWNoqK3KCf/wgFWs27Lw=
44,-11,cI2QKkgWpLDIFNdjMQpQhaQUKRU=,aO+i8DiMWNoqK3KCf/wgFWs27Lw=
46,-11,cI2QKkgWpLDIFNdjMQpQhaQUKRU=,aO+i8DiMWNoqK3KCf/wgFWs27Lw=
45,-15,8nDRYoJV4nd9zvAiSRHxwbysDVE=,aO+i8DiMWNoqK3KCf/wgFWs27Lw=
44,-15,8nDRYoJV4nd9zvAiSRHxwbysDVE=,aO+i8DiMWNoqK3KCf/wgFWs27Lw=
40,-11,cI2QKkgWpLDIFNdjMQpQhaQUKRU=,aO+i8DiMWNoqK3KCf/wgFWs27Lw=
46,-12,cI2QKkgWpLDIFNdjMQpQhaQUKRU=,aO+i8DiMWNoqK3KCf/wgFWs27Lw=
42,-11,cI2QKkgWpLDIFNdjMQpQhaQUKRU=,aO+i8DiMWNoqK3KCf/wgFWs27Lw=
41,-11,cI2QKkgWpLDIFNdjMQpQhaQUKRU=,aO+i8DiMWNoqK3KCf/wgFWs27Lw=
45,-12,cI2QKkgWpLDIFNdjMQpQhaQUKRU=,aO+i8DiMWNoqK3KCf/wgFWs27Lw=
43,-11,cI2QKkgWpLDIFNdjMQpQhaQUKRU=,aO+i8DiMWNoqK3KCf/wgFWs27Lw=
44,-12,cI2QKkgWpLDIFNdjMQpQhaQUKRU=,aO+i8DiMWNoqK3KCf/wgFWs27Lw=
43,-12,cI2QKkgWpLDIFNdjMQpQhaQUKRU=,aO+i8DiMWNoqK3KCf/wgFWs27Lw=
40,-12,cI2QKkgWpLDIFNdjMQpQhaQUKRU=,aO+i8DiMWNoqK3KCf/wgFWs27Lw=
46,-15,8nDRYoJV4nd9zvAiSRHxwbysDVE=,aO+i8DiMWNoqK3KCf/wgFWs27Lw=
40,-14,8nDRYoJV4nd9zvAiSRHxwbysDVE=,aO+i8DiMWNoqK3KCf/wgFWs27Lw=
41,-12,cI2QKkgWpLDIFNdjMQpQhaQUKRU=,aO+i8DiMWNoqK3KCf/wgFWs27Lw=
42,-12,cI2QKkgWpLDIFNdjMQpQhaQUKRU=,aO+i8DiMWNoqK3KCf/wgFWs27Lw=
39,-13,cI2QKkgWpLDIFNdjMQpQhaQUKRU=,bIZd4U0hQNty06Dcb/w4iaJTbn0=
41,-14,8nDRYoJV4nd9zvAiSRHxwbysDVE=,aO+i8DiMWNoqK3KCf/wgFWs27Lw=
39,-14,cI2QKkgWpLDIFNdjMQpQhaQUKRU=,bIZd4U0hQNty06Dcb/w4iaJTbn0=
43,-13,cI2QKkgWpLDIFNdjMQpQhaQUKRU=,aO+i8DiMWNoqK3KCf/wgFWs27Lw=
46,-13,cI2QKkgWpLDIFNdjMQpQhaQUKRU=,aO+i8DiMWNoqK3KCf/wgFWs27Lw=
45,-13,cI2QKkgWpLDIFNdjMQpQhaQUKRU=,aO+i8DiMWNoqK3KCf/wgFWs27Lw=
42,-14,8nDRYoJV4nd9zvAiSRHxwbysDVE=,aO+i8DiMWNoqK3KCf/wgFWs27Lw=
44,-13,cI2QKkgWpLDIFNdjMQpQhaQUKRU=,aO+i8DiMWNoqK3KCf/wgFWs27Lw=
40,-13,8nDRYoJV4nd9zvAiSRHxwbysDVE=,aO+i8DiMWNoqK3KCf/wgFWs27Lw=
42,-13,8nDRYoJV4nd9zvAiSRHxwbysDVE=,aO+i8DiMWNoqK3KCf/wgFWs27Lw=
41,-13,8nDRYoJV4nd9zvAiSRHxwbysDVE=,aO+i8DiMWNoqK3KCf/wgFWs27Lw=
39,-10,8nDRYoJV4nd9zvAiSRHxwbysDVE=,bIZd4U0hQNty06Dcb/w4iaJTbn0=
39,-15,8nDRYoJV4nd9zvAiSRHxwbysDVE=,bIZd4U0hQNty06Dcb/w4iaJTbn0=
43,-14,8nDRYoJV4nd9zvAiSRHxwbysDVE=,aO+i8DiMWNoqK3KCf/wgFWs27Lw=
46,-14,8nDRYoJV4nd9zvAiSRHxwbysDVE=,aO+i8DiMWNoqK3KCf/wgFWs27Lw=
45,-14,8nDRYoJV4nd9zvAiSRHxwbysDVE=,aO+i8DiMWNoqK3KCf/wgFWs27Lw=
44,-14,8nDRYoJV4nd9zvAiSRHxwbysDVE=,aO+i8DiMWNoqK3KCf/wgFWs27Lw=
46,-3,8nDRYoJV4nd9zvAiSRHxwbysDVE=,VRuxr9n7W97iIm9WnzMGIyEr76s=
39,-11,eYQl55CKxF9YDWc54N/bplg20UE=,bIZd4U0hQNty06Dcb/w4iaJTbn0=
45,-2,8nDRYoJV4nd9zvAiSRHxwbysDVE=,VRuxr9n7W97iIm9WnzMGIyEr76s=
44,-9,8nDRYoJV4nd9zvAiSRHxwbysDVE=,aO+i8DiMWNoqK3KCf/wgFWs27Lw=
44,-3,8nDRYoJV4nd9zvAiSRHxwbysDVE=,VRuxr9n7W97iIm9WnzMGIyEr76s=
46,-4,8nDRYoJV4nd9zvAiSRHxwbysDVE=,VRuxr9n7W97iIm9WnzMGIyEr76s=
41,-9,8nDRYoJV4nd9zvAiSRHxwbysDVE=,aO+i8DiMWNoqK3KCf/wgFWs27Lw=
41,-5,8nDRYoJV4nd9zvAiSRHxwbysDVE=,VRuxr9n7W97iIm9WnzMGIyEr76s=
45,-9,8nDRYoJV4nd9zvAiSRHxwbysDVE=,aO+i8DiMWNoqK3KCf/wgFWs27Lw=
45,-4,8nDRYoJV4nd9zvAiSRHxwbysDVE=,VRuxr9n7W97iIm9WnzMGIyEr76s=
46,-2,8nDRYoJV4nd9zvAiSRHxwbysDVE=,VRuxr9n7W97iIm9WnzMGIyEr76s=
44,-4,8nDRYoJV4nd9zvAiSRHxwbysDVE=,VRuxr9n7W97iIm9WnzMGIyEr76s=
44,-2,8nDRYoJV4nd9zvAiSRHxwbysDVE=,VRuxr9n7W97iIm9WnzMGIyEr76s=
43,-3,8nDRYoJV4nd9zvAiSRHxwbysDVE=,VRuxr9n7W97iIm9WnzMGIyEr76s=
41,-6,8nDRYoJV4nd9zvAiSRHxwbysDVE=,VRuxr9n7W97iIm9WnzMGIyEr76s=
43,-4,8nDRYoJV4nd9zvAiSRHxwbysDVE=,VRuxr9n7W97iIm9WnzMGIyEr76s=
46,-9,8nDRYoJV4nd9zvAiSRHxwbysDVE=,aO+i8DiMWNoqK3KCf/wgFWs27Lw=
46,-5,8nDRYoJV4nd9zvAiSRHxwbysDVE=,VRuxr9n7W97iIm9WnzMGIyEr76s=
46,-6,8nDRYoJV4nd9zvAiSRHxwbysDVE=,VRuxr9n7W97iIm9WnzMGIyEr76s=
43,-2,8nDRYoJV4nd9zvAiSRHxwbysDVE=,VRuxr9n7W97iIm9WnzMGIyEr76s=
42,-2,8nDRYoJV4nd9zvAiSRHxwbysDVE=,VRuxr9n7W97iIm9WnzMGIyEr76s=
42,-6,8nDRYoJV4nd9zvAiSRHxwbysDVE=,VRuxr9n7W97iIm9WnzMGIyEr76s=
45,-5,8nDRYoJV4nd9zvAiSRHxwbysDVE=,VRuxr9n7W97iIm9WnzMGIyEr76s=
42,-4,8nDRYoJV4nd9zvAiSRHxwbysDVE=,VRuxr9n7W97iIm9WnzMGIyEr76s=
42,-3,8nDRYoJV4nd9zvAiSRHxwbysDVE=,VRuxr9n7W97iIm9WnzMGIyEr76s=
41,-4,8nDRYoJV4nd9zvAiSRHxwbysDVE=,VRuxr9n7W97iIm9WnzMGIyEr76s=
41,-2,8nDRYoJV4nd9zvAiSRHxwbysDVE=,VRuxr9n7W97iIm9WnzMGIyEr76s=
42,-7,8nDRYoJV4nd9zvAiSRHxwbysDVE=,VRuxr9n7W97iIm9WnzMGIyEr76s=
45,-6,8nDRYoJV4nd9zvAiSRHxwbysDVE=,VRuxr9n7W97iIm9WnzMGIyEr76s=
43,-8,8nDRYoJV4nd9zvAiSRHxwbysDVE=,VRuxr9n7W97iIm9WnzMGIyEr76s=
41,-3,8nDRYoJV4nd9zvAiSRHxwbysDVE=,VRuxr9n7W97iIm9WnzMGIyEr76s=
43,-5,8nDRYoJV4nd9zvAiSRHxwbysDVE=,VRuxr9n7W97iIm9WnzMGIyEr76s=
44,-5,8nDRYoJV4nd9zvAiSRHxwbysDVE=,VRuxr9n7W97iIm9WnzMGIyEr76s=
46,-7,8nDRYoJV4nd9zvAiSRHxwbysDVE=,VRuxr9n7W97iIm9WnzMGIyEr76s=
42,-8,8nDRYoJV4nd9zvAiSRHxwbysDVE=,VRuxr9n7W97iIm9WnzMGIyEr76s=
41,-7,8nDRYoJV4nd9zvAiSRHxwbysDVE=,VRuxr9n7W97iIm9WnzMGIyEr76s=
45,-7,8nDRYoJV4nd9zvAiSRHxwbysDVE=,VRuxr9n7W97iIm9WnzMGIyEr76s=
44,-8,8nDRYoJV4nd9zvAiSRHxwbysDVE=,VRuxr9n7W97iIm9WnzMGIyEr76s=
44,-7,8nDRYoJV4nd9zvAiSRHxwbysDVE=,VRuxr9n7W97iIm9WnzMGIyEr76s=
43,-7,8nDRYoJV4nd9zvAiSRHxwbysDVE=,VRuxr9n7W97iIm9WnzMGIyEr76s=
41,-8,8nDRYoJV4nd9zvAiSRHxwbysDVE=,VRuxr9n7W97iIm9WnzMGIyEr76s=
42,-5,8nDRYoJV4nd9zvAiSRHxwbysDVE=,VRuxr9n7W97iIm9WnzMGIyEr76s=
44,-6,8nDRYoJV4nd9zvAiSRHxwbysDVE=,VRuxr9n7W97iIm9WnzMGIyEr76s=
45,-3,8nDRYoJV4nd9zvAiSRHxwbysDVE=,VRuxr9n7W97iIm9WnzMGIyEr76s=
46,-8,8nDRYoJV4nd9zvAiSRHxwbysDVE=,VRuxr9n7W97iIm9WnzMGIyEr76s=
43,-9,8nDRYoJV4nd9zvAiSRHxwbysDVE=,aO+i8DiMWNoqK3KCf/wgFWs27Lw=
45,-8,8nDRYoJV4nd9zvAiSRHxwbysDVE=,VRuxr9n7W97iIm9WnzMGIyEr76s=
42,-9,8nDRYoJV4nd9zvAiSRHxwbysDVE=,aO+i8DiMWNoqK3KCf/wgFWs27Lw=
43,-6,8nDRYoJV4nd9zvAiSRHxwbysDVE=,VRuxr9n7W97iIm9WnzMGIyEr76s=
35,-5,8nDRYoJV4nd9zvAiSRHxwbysDVE=,qmH9ytfyPzoCjZhO6sjAdTY3ob0=
36,-5,8nDRYoJV4nd9zvAiSRHxwbysDVE=,qmH9ytfyPzoCjZhO6sjAdTY3ob0=
40,-9,8nDRYoJV4nd9zvAiSRHxwbysDVE=,aO+i8DiMWNoqK3KCf/wgFWs27Lw=
39,-6,8nDRYoJV4nd9zvAiSRHxwbysDVE=,qmH9ytfyPzoCjZhO6sjAdTY3ob0=
34,-5,8nDRYoJV4nd9zvAiSRHxwbysDVE=,qmH9ytfyPzoCjZhO6sjAdTY3ob0=
33,-5,8nDRYoJV4nd9zvAiSRHxwbysDVE=,qmH9ytfyPzoCjZhO6sjAdTY3ob0=
40,-2,8nDRYoJV4nd9zvAiSRHxwbysDVE=,VRuxr9n7W97iIm9WnzMGIyEr76s=
36,-6,8nDRYoJV4nd9zvAiSRHxwbysDVE=,qmH9ytfyPzoCjZhO6sjAdTY3ob0=
38,-6,8nDRYoJV4nd9zvAiSRHxwbysDVE=,qmH9ytfyPzoCjZhO6sjAdTY3ob0=
37,-6,8nDRYoJV4nd9zvAiSRHxwbysDVE=,qmH9ytfyPzoCjZhO6sjAdTY3ob0=
35,-6,8nDRYoJV4nd9zvAiSRHxwbysDVE=,qmH9ytfyPzoCjZhO6sjAdTY3ob0=
34,-6,8nDRYoJV4nd9zvAiSRHxwbysDVE=,qmH9ytfyPzoCjZhO6sjAdTY3ob0=
37,-2,8nDRYoJV4nd9zvAiSRHxwbysDVE=,qmH9ytfyPzoCjZhO6sjAdTY3ob0=
38,-2,8nDRYoJV4nd9zvAiSRHxwbysDVE=,qmH9ytfyPzoCjZhO6sjAdTY3ob0=
39,-2,8nDRYoJV4nd9zvAiSRHxwbysDVE=,qmH9ytfyPzoCjZhO6sjAdTY3ob0=
37,-5,8nDRYoJV4nd9zvAiSRHxwbysDVE=,qmH9ytfyPzoCjZhO6sjAdTY3ob0=
33,-6,8nDRYoJV4nd9zvAiSRHxwbysDVE=,qmH9ytfyPzoCjZhO6sjAdTY3ob0=
39,-7,8nDRYoJV4nd9zvAiSRHxwbysDVE=,qmH9ytfyPzoCjZhO6sjAdTY3ob0=
38,-7,8nDRYoJV4nd9zvAiSRHxwbysDVE=,qmH9ytfyPzoCjZhO6sjAdTY3ob0=
40,-8,8nDRYoJV4nd9zvAiSRHxwbysDVE=,VRuxr9n7W97iIm9WnzMGIyEr76s=
36,-7,8nDRYoJV4nd9zvAiSRHxwbysDVE=,qmH9ytfyPzoCjZhO6sjAdTY3ob0=
37,-7,8nDRYoJV4nd9zvAiSRHxwbysDVE=,qmH9ytfyPzoCjZhO6sjAdTY3ob0=
35,-7,8nDRYoJV4nd9zvAiSRHxwbysDVE=,qmH9ytfyPzoCjZhO6sjAdTY3ob0=
40,-5,8nDRYoJV4nd9zvAiSRHxwbysDVE=,VRuxr9n7W97iIm9WnzMGIyEr76s=
40,-4,8nDRYoJV4nd9zvAiSRHxwbysDVE=,VRuxr9n7W97iIm9WnzMGIyEr76s=
39,-8,8nDRYoJV4nd9zvAiSRHxwbysDVE=,qmH9ytfyPzoCjZhO6sjAdTY3ob0=
38,-8,8nDRYoJV4nd9zvAiSRHxwbysDVE=,qmH9ytfyPzoCjZhO6sjAdTY3ob0=
40,-3,8nDRYoJV4nd9zvAiSRHxwbysDVE=,VRuxr9n7W97iIm9WnzMGIyEr76s=
36,-2,8nDRYoJV4nd9zvAiSRHxwbysDVE=,qmH9ytfyPzoCjZhO6sjAdTY3ob0=
33,-7,8nDRYoJV4nd9zvAiSRHxwbysDVE=,qmH9ytfyPzoCjZhO6sjAdTY3ob0=
36,-8,8nDRYoJV4nd9zvAiSRHxwbysDVE=,qmH9ytfyPzoCjZhO6sjAdTY3ob0=
37,-8,8nDRYoJV4nd9zvAiSRHxwbysDVE=,qmH9ytfyPzoCjZhO6sjAdTY3ob0=
35,-8,8nDRYoJV4nd9zvAiSRHxwbysDVE=,qmH9ytfyPzoCjZhO6sjAdTY3ob0=
38,-5,8nDRYoJV4nd9zvAiSRHxwbysDVE=,qmH9ytfyPzoCjZhO6sjAdTY3ob0=
35,-2,8nDRYoJV4nd9zvAiSRHxwbysDVE=,qmH9ytfyPzoCjZhO6sjAdTY3ob0=
33,-8,8nDRYoJV4nd9zvAiSRHxwbysDVE=,qmH9ytfyPzoCjZhO6sjAdTY3ob0=
34,-7,8nDRYoJV4nd9zvAiSRHxwbysDVE=,qmH9ytfyPzoCjZhO6sjAdTY3ob0=
34,-8,8nDRYoJV4nd9zvAiSRHxwbysDVE=,qmH9ytfyPzoCjZhO6sjAdTY3ob0=
37,-9,8nDRYoJV4nd9zvAiSRHxwbysDVE=,bIZd4U0hQNty06Dcb/w4iaJTbn0=
38,-9,8nDRYoJV4nd9zvAiSRHxwbysDVE=,bIZd4U0hQNty06Dcb/w4iaJTbn0=
36,-9,8nDRYoJV4nd9zvAiSRHxwbysDVE=,bIZd4U0hQNty06Dcb/w4iaJTbn0=
40,-7,8nDRYoJV4nd9zvAiSRHxwbysDVE=,VRuxr9n7W97iIm9WnzMGIyEr76s=
33,-2,8nDRYoJV4nd9zvAiSRHxwbysDVE=,qmH9ytfyPzoCjZhO6sjAdTY3ob0=
39,-9,8nDRYoJV4nd9zvAiSRHxwbysDVE=,bIZd4U0hQNty06Dcb/w4iaJTbn0=
34,-9,8nDRYoJV4nd9zvAiSRHxwbysDVE=,bIZd4U0hQNty06Dcb/w4iaJTbn0=
35,-9,8nDRYoJV4nd9zvAiSRHxwbysDVE=,bIZd4U0hQNty06Dcb/w4iaJTbn0=
34,-2,8nDRYoJV4nd9zvAiSRHxwbysDVE=,qmH9ytfyPzoCjZhO6sjAdTY3ob0=
33,-9,8nDRYoJV4nd9zvAiSRHxwbysDVE=,bIZd4U0hQNty06Dcb/w4iaJTbn0=
39,-5,8nDRYoJV4nd9zvAiSRHxwbysDVE=,qmH9ytfyPzoCjZhO6sjAdTY3ob0=
39,-3,8nDRYoJV4nd9zvAiSRHxwbysDVE=,qmH9ytfyPzoCjZhO6sjAdTY3ob0=
38,-3,8nDRYoJV4nd9zvAiSRHxwbysDVE=,qmH9ytfyPzoCjZhO6sjAdTY3ob0=
37,-3,8nDRYoJV4nd9zvAiSRHxwbysDVE=,qmH9ytfyPzoCjZhO6sjAdTY3ob0=
35,-3,8nDRYoJV4nd9zvAiSRHxwbysDVE=,qmH9ytfyPzoCjZhO6sjAdTY3ob0=
36,-3,8nDRYoJV4nd9zvAiSRHxwbysDVE=,qmH9ytfyPzoCjZhO6sjAdTY3ob0=
34,-3,8nDRYoJV4nd9zvAiSRHxwbysDVE=,qmH9ytfyPzoCjZhO6sjAdTY3ob0=
39,-4,8nDRYoJV4nd9zvAiSRHxwbysDVE=,qmH9ytfyPzoCjZhO6sjAdTY3ob0=
40,-6,8nDRYoJV4nd9zvAiSRHxwbysDVE=,VRuxr9n7W97iIm9WnzMGIyEr76s=
33,-4,8nDRYoJV4nd9zvAiSRHxwbysDVE=,qmH9ytfyPzoCjZhO6sjAdTY3ob0=
33,-3,8nDRYoJV4nd9zvAiSRHxwbysDVE=,qmH9ytfyPzoCjZhO6sjAdTY3ob0=
38,-4,8nDRYoJV4nd9zvAiSRHxwbysDVE=,qmH9ytfyPzoCjZhO6sjAdTY3ob0=
37,-4,8nDRYoJV4nd9zvAiSRHxwbysDVE=,qmH9ytfyPzoCjZhO6sjAdTY3ob0=
36,-4,8nDRYoJV4nd9zvAiSRHxwbysDVE=,qmH9ytfyPzoCjZhO6sjAdTY3ob0=
34,-4,8nDRYoJV4nd9zvAiSRHxwbysDVE=,qmH9ytfyPzoCjZhO6sjAdTY3ob0=
35,-4,8nDRYoJV4nd9zvAiSRHxwbysDVE=,qmH9ytfyPzoCjZhO6sjAdTY3ob0=
47,-4,8nDRYoJV4nd9zvAiSRHxwbysDVE=,VRuxr9n7W97iIm9WnzMGIyEr76s=
47,-2,8nDRYoJV4nd9zvAiSRHxwbysDVE=,VRuxr9n7W97iIm9WnzMGIyEr76s=
47,-5,8nDRYoJV4nd9zvAiSRHxwbysDVE=,VRuxr9n7W97iIm9WnzMGIyEr76s=
47,-6,8nDRYoJV4nd9zvAiSRHxwbysDVE=,VRuxr9n7W97iIm9WnzMGIyEr76s=
47,-3,8nDRYoJV4nd9zvAiSRHxwbysDVE=,VRuxr9n7W97iIm9WnzMGIyEr76s=
47,-9,8nDRYoJV4nd9zvAiSRHxwbysDVE=,aO+i8DiMWNoqK3KCf/wgFWs27Lw=
47,-10,8nDRYoJV4nd9zvAiSRHxwbysDVE=,aO+i8DiMWNoqK3KCf/wgFWs27Lw=
47,-11,8nDRYoJV4nd9zvAiSRHxwbysDVE=,aO+i8DiMWNoqK3KCf/wgFWs27Lw=
47,-7,8nDRYoJV4nd9zvAiSRHxwbysDVE=,VRuxr9n7W97iIm9WnzMGIyEr76s=
47,-12,8nDRYoJV4nd9zvAiSRHxwbysDVE=,aO+i8DiMWNoqK3KCf/wgFWs27Lw=
33,-1,8nDRYoJV4nd9zvAiSRHxwbysDVE=,qmH9ytfyPzoCjZhO6sjAdTY3ob0=
47,-13,8nDRYoJV4nd9zvAiSRHxwbysDVE=,aO+i8DiMWNoqK3KCf/wgFWs27Lw=
47,-8,8nDRYoJV4nd9zvAiSRHxwbysDVE=,VRuxr9n7W97iIm9WnzMGIyEr76s=
47,-15,8nDRYoJV4nd9zvAiSRHxwbysDVE=,aO+i8DiMWNoqK3KCf/wgFWs27Lw=
47,-14,8nDRYoJV4nd9zvAiSRHxwbysDVE=,aO+i8DiMWNoqK3KCf/wgFWs27Lw=
34,-1,8nDRYoJV4nd9zvAiSRHxwbysDVE=,qmH9ytfyPzoCjZhO6sjAdTY3ob0=
37,-1,8nDRYoJV4nd9zvAiSRHxwbysDVE=,qmH9ytfyPzoCjZhO6sjAdTY3ob0=
36,-1,8nDRYoJV4nd9zvAiSRHxwbysDVE=,qmH9ytfyPzoCjZhO6sjAdTY3ob0=
38,-1,8nDRYoJV4nd9zvAiSRHxwbysDVE=,qmH9ytfyPzoCjZhO6sjAdTY3ob0=
35,-1,8nDRYoJV4nd9zvAiSRHxwbysDVE=,qmH9ytfyPzoCjZhO6sjAdTY3ob0=
42,-1,8nDRYoJV4nd9zvAiSRHxwbysDVE=,VRuxr9n7W97iIm9WnzMGIyEr76s=
43,-1,8nDRYoJV4nd9zvAiSRHxwbysDVE=,VRuxr9n7W97iIm9WnzMGIyEr76s=
41,-1,8nDRYoJV4nd9zvAiSRHxwbysDVE=,VRuxr9n7W97iIm9WnzMGIyEr76s=
39,-1,8nDRYoJV4nd9zvAiSRHxwbysDVE=,qmH9ytfyPzoCjZhO6sjAdTY3ob0=
46,-1,8nDRYoJV4nd9zvAiSRHxwbysDVE=,VRuxr9n7W97iIm9WnzMGIyEr76s=
40,-1,8nDRYoJV4nd9zvAiSRHxwbysDVE=,VRuxr9n7W97iIm9WnzMGIyEr76s=
45,-1,8nDRYoJV4nd9zvAiSRHxwbysDVE=,VRuxr9n7W97iIm9WnzMGIyEr76s=
44,-1,8nDRYoJV4nd9zvAiSRHxwbysDVE=,VRuxr9n7W97iIm9WnzMGIyEr76s=
33,-16,8nDRYoJV4nd9zvAiSRHxwbysDVE=,bIZd4U0hQNty06Dcb/w4iaJTbn0=
38,-16,8nDRYoJV4nd9zvAiSRHxwbysDVE=,bIZd4U0hQNty06Dcb/w4iaJTbn0=
35,-16,8nDRYoJV4nd9zvAiSRHxwbysDVE=,bIZd4U0hQNty06Dcb/w4iaJTbn0=
36,-16,8nDRYoJV4nd9zvAiSRHxwbysDVE=,bIZd4U0hQNty06Dcb/w4iaJTbn0=
37,-16,8nDRYoJV4nd9zvAiSRHxwbysDVE=,bIZd4U0hQNty06Dcb/w4iaJTbn0=
32,-4,8nDRYoJV4nd9zvAiSRHxwbysDVE=,qmH9ytfyPzoCjZhO6sjAdTY3ob0=
34,-16,8nDRYoJV4nd9zvAiSRHxwbysDVE=,bIZd4U0hQNty06Dcb/w4iaJTbn0=
32,-1,8nDRYoJV4nd9zvAiSRHxwbysDVE=,qmH9ytfyPzoCjZhO6sjAdTY3ob0=
32,-5,8nDRYoJV4nd9zvAiSRHxwbysDVE=,qmH9ytfyPzoCjZhO6sjAdTY3ob0=
32,-7,8nDRYoJV4nd9zvAiSRHxwbysDVE=,qmH9ytfyPzoCjZhO6sjAdTY3ob0=
32,-3,8nDRYoJV4nd9zvAiSRHxwbysDVE=,qmH9ytfyPzoCjZhO6sjAdTY3ob0=
32,-15,8nDRYoJV4nd9zvAiSRHxwbysDVE=,bIZd4U0hQNty06Dcb/w4iaJTbn0=
32,-10,8nDRYoJV4nd9zvAiSRHxwbysDVE=,bIZd4U0hQNty06Dcb/w4iaJTbn0=
32,-2,8nDRYoJV4nd9zvAiSRHxwbysDVE=,qmH9ytfyPzoCjZhO6sjAdTY3ob0=
32,-11,8nDRYoJV4nd9zvAiSRHxwbysDVE=,bIZd4U0hQNty06Dcb/w4iaJTbn0=
32,-14,8nDRYoJV4nd9zvAiSRHxwbysDVE=,bIZd4U0hQNty06Dcb/w4iaJTbn0=
32,-8,8nDRYoJV4nd9zvAiSRHxwbysDVE=,qmH9ytfyPzoCjZhO6sjAdTY3ob0=
32,-12,8nDRYoJV4nd9zvAiSRHxwbysDVE=,bIZd4U0hQNty06Dcb/w4iaJTbn0=
32,-13,8nDRYoJV4nd9zvAiSRHxwbysDVE=,bIZd4U0hQNty06Dcb/w4iaJTbn0=
40,-16,8nDRYoJV4nd9zvAiSRHxwbysDVE=,aO+i8DiMWNoqK3KCf/wgFWs27Lw=
32,-9,8nDRYoJV4nd9zvAiSRHxwbysDVE=,bIZd4U0hQNty06Dcb/w4iaJTbn0=
39,-16,8nDRYoJV4nd9zvAiSRHxwbysDVE=,bIZd4U0hQNty06Dcb/w4iaJTbn0=
46,-16,8nDRYoJV4nd9zvAiSRHxwbysDVE=,aO+i8DiMWNoqK3KCf/wgFWs27Lw=
43,-16,8nDRYoJV4nd9zvAiSRHxwbysDVE=,aO+i8DiMWNoqK3KCf/wgFWs27Lw=
45,-16,8nDRYoJV4nd9zvAiSRHxwbysDVE=,aO+i8DiMWNoqK3KCf/wgFWs27Lw=
44,-16,8nDRYoJV4nd9zvAiSRHxwbysDVE=,aO+i8DiMWNoqK3KCf/wgFWs27Lw=
42,-16,8nDRYoJV4nd9zvAiSRHxwbysDVE=,aO+i8DiMWNoqK3KCf/wgFWs27Lw=
41,-16,8nDRYoJV4nd9zvAiSRHxwbysDVE=,aO+i8DiMWNoqK3KCf/wgFWs27Lw=
32,-6,8nDRYoJV4nd9zvAiSRHxwbysDVE=,qmH9ytfyPzoCjZhO6sjAdTY3ob0=
47,-1,8nDRYoJV4nd9zvAiSRHxwbysDVE=,VRuxr9n7W97iIm9WnzMGIyEr76s=
32,-16,8nDRYoJV4nd9zvAiSRHxwbysDVE=,bIZd4U0hQNty06Dcb/w4iaJTbn0=
47,-16,8nDRYoJV4nd9zvAiSRHxwbysDVE=,aO+i8DiMWNoqK3KCf/wgFWs27Lw=
