12,43,Brsy+hLxbyeRus/WF1OwM6z5Zn4=,XpGUDCNjKInHks3kHv8ro4DwlRM=
11,43,Brsy+hLxbyeRus/WF1OwM6z5Zn4=,XpGUDCNjKInHks3kHv8ro4DwlRM=
10,43,Brsy+hLxbyeRus/WF1OwM6z5Zn4=,XpGUDCNjKInHks3kHv8ro4DwlRM=
9,43,Brsy+hLxbyeRus/WF1OwM6z5Zn4=,XpGUDCNjKInHks3kHv8ro4DwlRM=
14,42,Brsy+hLxbyeRus/WF1OwM6z5Zn4=,XpGUDCNjKInHks3kHv8ro4DwlRM=
13,42,Brsy+hLxbyeRus/WF1OwM6z5Zn4=,XpGUDCNjKInHks3kHv8ro4DwlRM=
12,42,Brsy+hLxbyeRus/WF1OwM6z5Zn4=,XpGUDCNjKInHks3kHv8ro4DwlRM=
11,42,Brsy+hLxbyeRus/WF1OwM6z5Zn4=,XpGUDCNjKInHks3kHv8ro4DwlRM=
10,42,Brsy+hLxbyeRus/WF1OwM6z5Zn4=,XpGUDCNjKInHks3kHv8ro4DwlRM=
9,42,Brsy+hLxbyeRus/WF1OwM6z5Zn4=,XpGUDCNjKInHks3kHv8ro4DwlRM=
14,41,Brsy+hLxbyeRus/WF1OwM6z5Zn4=,XpGUDCNjKInHks3kHv8ro4DwlRM=
14,46,Brsy+hLxbyeRus/WF1OwM6z5Zn4=,XpGUDCNjKInHks3kHv8ro4DwlRM=
13,41,Brsy+hLxbyeRus/WF1OwM6z5Zn4=,XpGUDCNjKInHks3kHv8ro4DwlRM=
12,41,Brsy+hLxbyeRus/WF1OwM6z5Zn4=,XpGUDCNjKInHks3kHv8ro4DwlRM=
11,41,Brsy+hLxbyeRus/WF1OwM6z5Zn4=,XpGUDCNjKInHks3kHv8ro4DwlRM=
10,41,Brsy+hLxbyeRus/WF1OwM6z5Zn4=,XpGUDCNjKInHks3kHv8ro4DwlRM=
9,41,Brsy+hLxbyeRus/WF1OwM6z5Zn4=,XpGUDCNjKInHks3kHv8ro4DwlRM=
13,46,Brsy+hLxbyeRus/WF1OwM6z5Zn4=,XpGUDCNjKInHks3kHv8ro4DwlRM=
12,46,Brsy+hLxbyeRus/WF1OwM6z5Zn4=,XpGUDCNjKInHks3kHv8ro4DwlRM=
11,46,Brsy+hLxbyeRus/WF1OwM6z5Zn4=,XpGUDCNjKInHks3kHv8ro4DwlRM=
10,46,Brsy+hLxbyeRus/WF1OwM6z5Zn4=,XpGUDCNjKInHks3kHv8ro4DwlRM=
9,46,Brsy+hLxbyeRus/WF1OwM6z5Zn4=,XpGUDCNjKInHks3kHv8ro4DwlRM=
14,45,Brsy+hLxbyeRus/WF1OwM6z5Zn4=,XpGUDCNjKInHks3kHv8ro4DwlRM=
13,45,Brsy+hLxbyeRus/WF1OwM6z5Zn4=,XpGUDCNjKInHks3kHv8ro4DwlRM=
12,45,Brsy+hLxbyeRus/WF1OwM6z5Zn4=,XpGUDCNjKInHks3kHv8ro4DwlRM=
11,45,Brsy+hLxbyeRus/WF1OwM6z5Zn4=,XpGUDCNjKInHks3kHv8ro4DwlRM=
10,45,Brsy+hLxbyeRus/WF1OwM6z5Zn4=,XpGUDCNjKInHks3kHv8ro4DwlRM=
9,45,Brsy+hLxbyeRus/WF1OwM6z5Zn4=,XpGUDCNjKInHks3kHv8ro4DwlRM=
14,44,Brsy+hLxbyeRus/WF1OwM6z5Zn4=,XpGUDCNjKInHks3kHv8ro4DwlRM=
13,44,Brsy+hLxbyeRus/WF1OwM6z5Zn4=,XpGUDCNjKInHks3kHv8ro4DwlRM=
12,44,Brsy+hLxbyeRus/WF1OwM6z5Zn4=,XpGUDCNjKInHks3kHv8ro4DwlRM=
11,44,Brsy+hLxbyeRus/WF1OwM6z5Zn4=,XpGUDCNjKInHks3kHv8ro4DwlRM=
10,44,Brsy+hLxbyeRus/WF1OwM6z5Zn4=,XpGUDCNjKInHks3kHv8ro4DwlRM=
9,44,Brsy+hLxbyeRus/WF1OwM6z5Zn4=,XpGUDCNjKInHks3kHv8ro4DwlRM=
14,43,Brsy+hLxbyeRus/WF1OwM6z5Zn4=,XpGUDCNjKInHks3kHv8ro4DwlRM=
13,43,Brsy+hLxbyeRus/WF1OwM6z5Zn4=,XpGUDCNjKInHks3kHv8ro4DwlRM=
3,33,Brsy+hLxbyeRus/WF1OwM6z5Zn4=,NznwxEx5+VYCEe371q3Zo0kf1JQ=
4,33,Brsy+hLxbyeRus/WF1OwM6z5Zn4=,NznwxEx5+VYCEe371q3Zo0kf1JQ=
1,34,Brsy+hLxbyeRus/WF1OwM6z5Zn4=,NznwxEx5+VYCEe371q3Zo0kf1JQ=
1,35,Brsy+hLxbyeRus/WF1OwM6z5Zn4=,NznwxEx5+VYCEe371q3Zo0kf1JQ=
2,34,Brsy+hLxbyeRus/WF1OwM6z5Zn4=,NznwxEx5+VYCEe371q3Zo0kf1JQ=
3,34,Brsy+hLxbyeRus/WF1OwM6z5Zn4=,NznwxEx5+VYCEe371q3Zo0kf1JQ=
2,35,Brsy+hLxbyeRus/WF1OwM6z5Zn4=,NznwxEx5+VYCEe371q3Zo0kf1JQ=
1,36,Brsy+hLxbyeRus/WF1OwM6z5Zn4=,NznwxEx5+VYCEe371q3Zo0kf1JQ=
2,36,Brsy+hLxbyeRus/WF1OwM6z5Zn4=,NznwxEx5+VYCEe371q3Zo0kf1JQ=
4,34,Brsy+hLxbyeRus/WF1OwM6z5Zn4=,NznwxEx5+VYCEe371q3Zo0kf1JQ=
5,33,Brsy+hLxbyeRus/WF1OwM6z5Zn4=,NznwxEx5+VYCEe371q3Zo0kf1JQ=
1,33,Brsy+hLxbyeRus/WF1OwM6z5Zn4=,NznwxEx5+VYCEe371q3Zo0kf1JQ=
5,37,Brsy+hLxbyeRus/WF1OwM6z5Zn4=,NznwxEx5+VYCEe371q3Zo0kf1JQ=
3,35,Brsy+hLxbyeRus/WF1OwM6z5Zn4=,NznwxEx5+VYCEe371q3Zo0kf1JQ=
5,34,Brsy+hLxbyeRus/WF1OwM6z5Zn4=,NznwxEx5+VYCEe371q3Zo0kf1JQ=
3,36,Brsy+hLxbyeRus/WF1OwM6z5Zn4=,NznwxEx5+VYCEe371q3Zo0kf1JQ=
4,35,Brsy+hLxbyeRus/WF1OwM6z5Zn4=,NznwxEx5+VYCEe371q3Zo0kf1JQ=
4,36,Brsy+hLxbyeRus/WF1OwM6z5Zn4=,NznwxEx5+VYCEe371q3Zo0kf1JQ=
6,37,Brsy+hLxbyeRus/WF1OwM6z5Zn4=,NznwxEx5+VYCEe371q3Zo0kf1JQ=
2,33,Brsy+hLxbyeRus/WF1OwM6z5Zn4=,NznwxEx5+VYCEe371q3Zo0kf1JQ=
1,38,Brsy+hLxbyeRus/WF1OwM6z5Zn4=,NznwxEx5+VYCEe371q3Zo0kf1JQ=
5,35,Brsy+hLxbyeRus/WF1OwM6z5Zn4=,NznwxEx5+VYCEe371q3Zo0kf1JQ=
6,34,Brsy+hLxbyeRus/WF1OwM6z5Zn4=,NznwxEx5+VYCEe371q3Zo0kf1JQ=
6,35,Brsy+hLxbyeRus/WF1OwM6z5Zn4=,NznwxEx5+VYCEe371q3Zo0kf1JQ=
6,33,Brsy+hLxbyeRus/WF1OwM6z5Zn4=,NznwxEx5+VYCEe371q3Zo0kf1JQ=
3,38,Brsy+hLxbyeRus/WF1OwM6z5Zn4=,NznwxEx5+VYCEe371q3Zo0kf1JQ=
2,38,Brsy+hLxbyeRus/WF1OwM6z5Zn4=,NznwxEx5+VYCEe371q3Zo0kf1JQ=
5,36,Brsy+hLxbyeRus/WF1OwM6z5Zn4=,NznwxEx5+VYCEe371q3Zo0kf1JQ=
4,38,Brsy+hLxbyeRus/WF1OwM6z5Zn4=,NznwxEx5+VYCEe371q3Zo0kf1JQ=
1,37,Brsy+hLxbyeRus/WF1OwM6z5Zn4=,NznwxEx5+VYCEe371q3Zo0kf1JQ=
4,37,Brsy+hLxbyeRus/WF1OwM6z5Zn4=,NznwxEx5+VYCEe371q3Zo0kf1JQ=
3,37,Brsy+hLxbyeRus/WF1OwM6z5Zn4=,NznwxEx5+VYCEe371q3Zo0kf1JQ=
5,38,Brsy+hLxbyeRus/WF1OwM6z5Zn4=,NznwxEx5+VYCEe371q3Zo0kf1JQ=
2,37,Brsy+hLxbyeRus/WF1OwM6z5Zn4=,NznwxEx5+VYCEe371q3Zo0kf1JQ=
6,36,Brsy+hLxbyeRus/WF1OwM6z5Zn4=,NznwxEx5+VYCEe371q3Zo0kf1JQ=
6,38,Brsy+hLxbyeRus/WF1OwM6z5Zn4=,NznwxEx5+VYCEe371q3Zo0kf1JQ=
8,44,Brsy+hLxbyeRus/WF1OwM6z5Zn4=,XpGUDCNjKInHks3kHv8ro4DwlRM=
5,45,Brsy+hLxbyeRus/WF1OwM6z5Zn4=,HERHYU1n7ov0g26DmUO/1c7HrKo=
4,39,Brsy+hLxbyeRus/WF1OwM6z5Zn4=,NznwxEx5+VYCEe371q3Zo0kf1JQ=
4,45,Brsy+hLxbyeRus/WF1OwM6z5Zn4=,HERHYU1n7ov0g26DmUO/1c7HrKo=
5,39,Brsy+hLxbyeRus/WF1OwM6z5Zn4=,NznwxEx5+VYCEe371q3Zo0kf1JQ=
3,45,Brsy+hLxbyeRus/WF1OwM6z5Zn4=,HERHYU1n7ov0g26DmUO/1c7HrKo=
2,45,Brsy+hLxbyeRus/WF1OwM6z5Zn4=,HERHYU1n7ov0g26DmUO/1c7HrKo=
1,45,Brsy+hLxbyeRus/WF1OwM6z5Zn4=,HERHYU1n7ov0g26DmUO/1c7HrKo=
8,45,Brsy+hLxbyeRus/WF1OwM6z5Zn4=,XpGUDCNjKInHks3kHv8ro4DwlRM=
6,39,Brsy+hLxbyeRus/WF1OwM6z5Zn4=,NznwxEx5+VYCEe371q3Zo0kf1JQ=
1,40,Brsy+hLxbyeRus/WF1OwM6z5Zn4=,HERHYU1n7ov0g26DmUO/1c7HrKo=
2,40,Brsy+hLxbyeRus/WF1OwM6z5Zn4=,HERHYU1n7ov0g26DmUO/1c7HrKo=
6,45,Brsy+hLxbyeRus/WF1OwM6z5Zn4=,HERHYU1n7ov0g26DmUO/1c7HrKo=
3,40,Brsy+hLxbyeRus/WF1OwM6z5Zn4=,HERHYU1n7ov0g26DmUO/1c7HrKo=
4,40,Brsy+hLxbyeRus/WF1OwM6z5Zn4=,HERHYU1n7ov0g26DmUO/1c7HrKo=
8,43,Brsy+hLxbyeRus/WF1OwM6z5Zn4=,XpGUDCNjKInHks3kHv8ro4DwlRM=
7,44,Brsy+hLxbyeRus/WF1OwM6z5Zn4=,HERHYU1n7ov0g26DmUO/1c7HrKo=
6,44,Brsy+hLxbyeRus/WF1OwM6z5Zn4=,HERHYU1n7ov0g26DmUO/1c7HrKo=
5,44,Brsy+hLxbyeRus/WF1OwM6z5Zn4=,HERHYU1n7ov0g26DmUO/1c7HrKo=
3,39,Brsy+hLxbyeRus/WF1OwM6z5Zn4=,NznwxEx5+VYCEe371q3Zo0kf1JQ=
4,44,Brsy+hLxbyeRus/WF1OwM6z5Zn4=,HERHYU1n7ov0g26DmUO/1c7HrKo=
2,39,Brsy+hLxbyeRus/WF1OwM6z5Zn4=,NznwxEx5+VYCEe371q3Zo0kf1JQ=
1,39,Brsy+hLxbyeRus/WF1OwM6z5Zn4=,NznwxEx5+VYCEe371q3Zo0kf1JQ=
8,42,Brsy+hLxbyeRus/WF1OwM6z5Zn4=,XpGUDCNjKInHks3kHv8ro4DwlRM=
5,40,Brsy+hLxbyeRus/WF1OwM6z5Zn4=,HERHYU1n7ov0g26DmUO/1c7HrKo=
3,44,Brsy+hLxbyeRus/WF1OwM6z5Zn4=,HERHYU1n7ov0g26DmUO/1c7HrKo=
7,43,Brsy+hLxbyeRus/WF1OwM6z5Zn4=,HERHYU1n7ov0g26DmUO/1c7HrKo=
2,44,Brsy+hLxbyeRus/WF1OwM6z5Zn4=,HERHYU1n7ov0g26DmUO/1c7HrKo=
6,43,Brsy+hLxbyeRus/WF1OwM6z5Zn4=,HERHYU1n7ov0g26DmUO/1c7HrKo=
6,40,Brsy+hLxbyeRus/WF1OwM6z5Zn4=,HERHYU1n7ov0g26DmUO/1c7HrKo=
7,45,Brsy+hLxbyeRus/WF1OwM6z5Zn4=,HERHYU1n7ov0g26DmUO/1c7HrKo=
1,44,Brsy+hLxbyeRus/WF1OwM6z5Zn4=,HERHYU1n7ov0g26DmUO/1c7HrKo=
1,46,Brsy+hLxbyeRus/WF1OwM6z5Zn4=,HERHYU1n7ov0g26DmUO/1c7HrKo=
2,46,Brsy+hLxbyeRus/WF1OwM6z5Zn4=,HERHYU1n7ov0g26DmUO/1c7HrKo=
3,46,Brsy+hLxbyeRus/WF1OwM6z5Zn4=,HERHYU1n7ov0g26DmUO/1c7HrKo=
4,46,Brsy+hLxbyeRus/WF1OwM6z5Zn4=,HERHYU1n7ov0g26DmUO/1c7HrKo=
1,41,Brsy+hLxbyeRus/WF1OwM6z5Zn4=,HERHYU1n7ov0g26DmUO/1c7HrKo=
5,46,Brsy+hLxbyeRus/WF1OwM6z5Zn4=,HERHYU1n7ov0g26DmUO/1c7HrKo=
2,41,Brsy+hLxbyeRus/WF1OwM6z5Zn4=,HERHYU1n7ov0g26DmUO/1c7HrKo=
6,46,Brsy+hLxbyeRus/WF1OwM6z5Zn4=,HERHYU1n7ov0g26DmUO/1c7HrKo=
7,46,Brsy+hLxbyeRus/WF1OwM6z5Zn4=,HERHYU1n7ov0g26DmUO/1c7HrKo=
3,41,Brsy+hLxbyeRus/WF1OwM6z5Zn4=,HERHYU1n7ov0g26DmUO/1c7HrKo=
4,41,Brsy+hLxbyeRus/WF1OwM6z5Zn4=,HERHYU1n7ov0g26DmUO/1c7HrKo=
5,43,Brsy+hLxbyeRus/WF1OwM6z5Zn4=,HERHYU1n7ov0g26DmUO/1c7HrKo=
4,43,Brsy+hLxbyeRus/WF1OwM6z5Zn4=,HERHYU1n7ov0g26DmUO/1c7HrKo=
8,41,Brsy+hLxbyeRus/WF1OwM6z5Zn4=,XpGUDCNjKInHks3kHv8ro4DwlRM=
7,42,Brsy+hLxbyeRus/WF1OwM6z5Zn4=,HERHYU1n7ov0g26DmUO/1c7HrKo=
1,43,Brsy+hLxbyeRus/WF1OwM6z5Zn4=,HERHYU1n7ov0g26DmUO/1c7HrKo=
5,41,Brsy+hLxbyeRus/WF1OwM6z5Zn4=,HERHYU1n7ov0g26DmUO/1c7HrKo=
3,43,Brsy+hLxbyeRus/WF1OwM6z5Zn4=,HERHYU1n7ov0g26DmUO/1c7HrKo=
2,43,Brsy+hLxbyeRus/WF1OwM6z5Zn4=,HERHYU1n7ov0g26DmUO/1c7HrKo=
6,41,Brsy+hLxbyeRus/WF1OwM6z5Zn4=,HERHYU1n7ov0g26DmUO/1c7HrKo=
1,42,Brsy+hLxbyeRus/WF1OwM6z5Zn4=,HERHYU1n7ov0g26DmUO/1c7HrKo=
8,46,Brsy+hLxbyeRus/WF1OwM6z5Zn4=,XpGUDCNjKInHks3kHv8ro4DwlRM=
7,41,Brsy+hLxbyeRus/WF1OwM6z5Zn4=,HERHYU1n7ov0g26DmUO/1c7HrKo=
3,42,Brsy+hLxbyeRus/WF1OwM6z5Zn4=,HERHYU1n7ov0g26DmUO/1c7HrKo=
2,42,Brsy+hLxbyeRus/WF1OwM6z5Zn4=,HERHYU1n7ov0g26DmUO/1c7HrKo=
5,42,Brsy+hLxbyeRus/WF1OwM6z5Zn4=,HERHYU1n7ov0g26DmUO/1c7HrKo=
6,42,Brsy+hLxbyeRus/WF1OwM6z5Zn4=,HERHYU1n7ov0g26DmUO/1c7HrKo=
4,42,Brsy+hLxbyeRus/WF1OwM6z5Zn4=,HERHYU1n7ov0g26DmUO/1c7HrKo=
14,39,Brsy+hLxbyeRus/WF1OwM6z5Zn4=,Jc6aAzcDqUh7/C85oPHS6Q5pILY=
11,35,Brsy+hLxbyeRus/WF1OwM6z5Zn4=,Jc6aAzcDqUh7/C85oPHS6Q5pILY=
11,33,Brsy+hLxbyeRus/WF1OwM6z5Zn4=,Jc6aAzcDqUh7/C85oPHS6Q5pILY=
10,35,Brsy+hLxbyeRus/WF1OwM6z5Zn4=,Jc6aAzcDqUh7/C85oPHS6Q5pILY=
9,35,Brsy+hLxbyeRus/WF1OwM6z5Zn4=,Jc6aAzcDqUh7/C85oPHS6Q5pILY=
11,34,Brsy+hLxbyeRus/WF1OwM6z5Zn4=,Jc6aAzcDqUh7/C85oPHS6Q5pILY=
8,35,Brsy+hLxbyeRus/WF1OwM6z5Zn4=,Jc6aAzcDqUh7/C85oPHS6Q5pILY=
10,34,Brsy+hLxbyeRus/WF1OwM6z5Zn4=,Jc6aAzcDqUh7/C85oPHS6Q5pILY=
10,33,Brsy+hLxbyeRus/WF1OwM6z5Zn4=,Jc6aAzcDqUh7/C85oPHS6Q5pILY=
7,33,Brsy+hLxbyeRus/WF1OwM6z5Zn4=,NznwxEx5+VYCEe371q3Zo0kf1JQ=
9,33,Brsy+hLxbyeRus/WF1OwM6z5Zn4=,Jc6aAzcDqUh7/C85oPHS6Q5pILY=
9,34,Brsy+hLxbyeRus/WF1OwM6z5Zn4=,Jc6aAzcDqUh7/C85oPHS6Q5pILY=
8,34,Brsy+hLxbyeRus/WF1OwM6z5Zn4=,Jc6aAzcDqUh7/C85oPHS6Q5pILY=
8,33,Brsy+hLxbyeRus/WF1OwM6z5Zn4=,Jc6aAzcDqUh7/C85oPHS6Q5pILY=
13,39,Brsy+hLxbyeRus/WF1OwM6z5Zn4=,Jc6aAzcDqUh7/C85oPHS6Q5pILY=
13,34,Brsy+hLxbyeRus/WF1OwM6z5Zn4=,Jc6aAzcDqUh7/C85oPHS6Q5pILY=
14,35,Brsy+hLxbyeRus/WF1OwM6z5Zn4=,Jc6aAzcDqUh7/C85oPHS6Q5pILY=
14,40,Brsy+hLxbyeRus/WF1OwM6z5Zn4=,XpGUDCNjKInHks3kHv8ro4DwlRM=
13,40,Brsy+hLxbyeRus/WF1OwM6z5Zn4=,XpGUDCNjKInHks3kHv8ro4DwlRM=
7,38,Brsy+hLxbyeRus/WF1OwM6z5Zn4=,NznwxEx5+VYCEe371q3Zo0kf1JQ=
12,40,Brsy+hLxbyeRus/WF1OwM6z5Zn4=,XpGUDCNjKInHks3kHv8ro4DwlRM=
7,36,Brsy+hLxbyeRus/WF1OwM6z5Zn4=,NznwxEx5+VYCEe371q3Zo0kf1JQ=
7,35,Brsy+hLxbyeRus/WF1OwM6z5Zn4=,NznwxEx5+VYCEe371q3Zo0kf1JQ=
10,40,Brsy+hLxbyeRus/WF1OwM6z5Zn4=,XpGUDCNjKInHks3kHv8ro4DwlRM=
9,40,Brsy+hLxbyeRus/WF1OwM6z5Zn4=,XpGUDCNjKInHks3kHv8ro4DwlRM=
8,40,Brsy+hLxbyeRus/WF1OwM6z5Zn4=,XpGUDCNjKInHks3kHv8ro4DwlRM=
7,34,Brsy+hLxbyeRus/WF1OwM6z5Zn4=,NznwxEx5+VYCEe371q3Zo0kf1JQ=
12,39,Brsy+hLxbyeRus/WF1OwM6z5Zn4=,Jc6aAzcDqUh7/C85oPHS6Q5pILY=
11,40,Brsy+hLxbyeRus/WF1OwM6z5Zn4=,XpGUDCNjKInHks3kHv8ro4DwlRM=
14,33,Brsy+hLxbyeRus/WF1OwM6z5Zn4=,Jc6aAzcDqUh7/C85oPHS6Q5pILY=
12,33,Brsy+hLxbyeRus/WF1OwM6z5Zn4=,Jc6aAzcDqUh7/C85oPHS6Q5pILY=
14,34,Brsy+hLxbyeRus/WF1OwM6z5Zn4=,Jc6aAzcDqUh7/C85oPHS6Q5pILY=
12,35,Brsy+hLxbyeRus/WF1OwM6z5Zn4=,Jc6aAzcDqUh7/C85oPHS6Q5pILY=
12,34,Brsy+hLxbyeRus/WF1OwM6z5Zn4=,Jc6aAzcDqUh7/C85oPHS6Q5pILY=
13,33,Brsy+hLxbyeRus/WF1OwM6z5Zn4=,Jc6aAzcDqUh7/C85oPHS6Q5pILY=
7,40,Brsy+hLxbyeRus/WF1OwM6z5Zn4=,HERHYU1n7ov0g26DmUO/1c7HrKo=
13,35,Brsy+hLxbyeRus/WF1OwM6z5Zn4=,Jc6aAzcDqUh7/C85oPHS6Q5pILY=
7,37,Brsy+hLxbyeRus/WF1OwM6z5Zn4=,NznwxEx5+VYCEe371q3Zo0kf1JQ=
11,36,Brsy+hLxbyeRus/WF1OwM6z5Zn4=,Jc6aAzcDqUh7/C85oPHS6Q5pILY=
12,36,Brsy+hLxbyeRus/WF1OwM6z5Zn4=,Jc6aAzcDqUh7/C85oPHS6Q5pILY=
10,36,Brsy+hLxbyeRus/WF1OwM6z5Zn4=,Jc6aAzcDqUh7/C85oPHS6Q5pILY=
8,36,Brsy+hLxbyeRus/WF1OwM6z5Zn4=,Jc6aAzcDqUh7/C85oPHS6Q5pILY=
11,39,Brsy+hLxbyeRus/WF1OwM6z5Zn4=,Jc6aAzcDqUh7/C85oPHS6Q5pILY=
9,36,Brsy+hLxbyeRus/WF1OwM6z5Zn4=,Jc6aAzcDqUh7/C85oPHS6Q5pILY=
14,36,Brsy+hLxbyeRus/WF1OwM6z5Zn4=,Jc6aAzcDqUh7/C85oPHS6Q5pILY=
13,36,Brsy+hLxbyeRus/WF1OwM6z5Zn4=,Jc6aAzcDqUh7/C85oPHS6Q5pILY=
8,37,Brsy+hLxbyeRus/WF1OwM6z5Zn4=,Jc6aAzcDqUh7/C85oPHS6Q5pILY=
11,37,Brsy+hLxbyeRus/WF1OwM6z5Zn4=,Jc6aAzcDqUh7/C85oPHS6Q5pILY=
10,39,Brsy+hLxbyeRus/WF1OwM6z5Zn4=,Jc6aAzcDqUh7/C85oPHS6Q5pILY=
9,39,Brsy+hLxbyeRus/WF1OwM6z5Zn4=,Jc6aAzcDqUh7/C85oPHS6Q5pILY=
8,39,Brsy+hLxbyeRus/WF1OwM6z5Zn4=,Jc6aAzcDqUh7/C85oPHS6Q5pILY=
9,37,Brsy+hLxbyeRus/WF1OwM6z5Zn4=,Jc6aAzcDqUh7/C85oPHS6Q5pILY=
12,37,Brsy+hLxbyeRus/WF1OwM6z5Zn4=,Jc6aAzcDqUh7/C85oPHS6Q5pILY=
13,37,Brsy+hLxbyeRus/WF1OwM6z5Zn4=,Jc6aAzcDqUh7/C85oPHS6Q5pILY=
14,37,Brsy+hLxbyeRus/WF1OwM6z5Zn4=,Jc6aAzcDqUh7/C85oPHS6Q5pILY=
10,37,Brsy+hLxbyeRus/WF1OwM6z5Zn4=,Jc6aAzcDqUh7/C85oPHS6Q5pILY=
14,38,Brsy+hLxbyeRus/WF1OwM6z5Zn4=,Jc6aAzcDqUh7/C85oPHS6Q5pILY=
15,43,Brsy+hLxbyeRus/WF1OwM6z5Zn4=,XpGUDCNjKInHks3kHv8ro4DwlRM=
15,45,Brsy+hLxbyeRus/WF1OwM6z5Zn4=,XpGUDCNjKInHks3kHv8ro4DwlRM=
15,44,Brsy+hLxbyeRus/WF1OwM6z5Zn4=,XpGUDCNjKInHks3kHv8ro4DwlRM=
8,38,Brsy+hLxbyeRus/WF1OwM6z5Zn4=,Jc6aAzcDqUh7/C85oPHS6Q5pILY=
15,41,Brsy+hLxbyeRus/WF1OwM6z5Zn4=,XpGUDCNjKInHks3kHv8ro4DwlRM=
15,46,Brsy+hLxbyeRus/WF1OwM6z5Zn4=,XpGUDCNjKInHks3kHv8ro4DwlRM=
9,38,Brsy+hLxbyeRus/WF1OwM6z5Zn4=,Jc6aAzcDqUh7/C85oPHS6Q5pILY=
7,39,Brsy+hLxbyeRus/WF1OwM6z5Zn4=,NznwxEx5+VYCEe371q3Zo0kf1JQ=
15,42,Brsy+hLxbyeRus/WF1OwM6z5Zn4=,XpGUDCNjKInHks3kHv8ro4DwlRM=
11,38,Brsy+hLxbyeRus/WF1OwM6z5Zn4=,Jc6aAzcDqUh7/C85oPHS6Q5pILY=
10,38,Brsy+hLxbyeRus/WF1OwM6z5Zn4=,Jc6aAzcDqUh7/C85oPHS6Q5pILY=
13,38,Brsy+hLxbyeRus/WF1OwM6z5Zn4=,Jc6aAzcDqUh7/C85oPHS6Q5pILY=
12,38,Brsy+hLxbyeRus/WF1OwM6z5Zn4=,Jc6aAzcDqUh7/C85oPHS6Q5pILY=
9,47,Brsy+hLxbyeRus/WF1OwM6z5Zn4=,XpGUDCNjKInHks3kHv8ro4DwlRM=
14,47,Brsy+hLxbyeRus/WF1OwM6z5Zn4=,XpGUDCNjKInHks3kHv8ro4DwlRM=
13,47,Brsy+hLxbyeRus/WF1OwM6z5Zn4=,XpGUDCNjKInHks3kHv8ro4DwlRM=
11,47,Brsy+hLxbyeRus/WF1OwM6z5Zn4=,XpGUDCNjKInHks3kHv8ro4DwlRM=
10,47,Brsy+hLxbyeRus/WF1OwM6z5Zn4=,XpGUDCNjKInHks3kHv8ro4DwlRM=
12,47,Brsy+hLxbyeRus/WF1OwM6z5Zn4=,XpGUDCNjKInHks3kHv8ro4DwlRM=
15,47,Brsy+hLxbyeRus/WF1OwM6z5Zn4=,XpGUDCNjKInHks3kHv8ro4DwlRM=
0,33,Brsy+hLxbyeRus/WF1OwM6z5Zn4=,NznwxEx5+VYCEe371q3Zo0kf1JQ=
0,37,Brsy+hLxbyeRus/WF1OwM6z5Zn4=,NznwxEx5+VYCEe371q3Zo0kf1JQ=
0,36,Brsy+hLxbyeRus/WF1OwM6z5Zn4=,NznwxEx5+VYCEe371q3Zo0kf1JQ=
0,34,Brsy+hLxbyeRus/WF1OwM6z5Zn4=,NznwxEx5+VYCEe371q3Zo0kf1JQ=
0,35,Brsy+hLxbyeRus/WF1OwM6z5Zn4=,NznwxEx5+VYCEe371q3Zo0kf1JQ=
0,40,Brsy+hLxbyeRus/WF1OwM6z5Zn4=,HERHYU1n7ov0g26DmUO/1c7HrKo=
0,38,Brsy+hLxbyeRus/WF1OwM6z5Zn4=,NznwxEx5+VYCEe371q3Zo0kf1JQ=
0,39,Brsy+hLxbyeRus/WF1OwM6z5Zn4=,NznwxEx5+VYCEe371q3Zo0kf1JQ=
0,42,Brsy+hLxbyeRus/WF1OwM6z5Zn4=,HERHYU1n7ov0g26DmUO/1c7HrKo=
0,41,Brsy+hLxbyeRus/WF1OwM6z5Zn4=,HERHYU1n7ov0g26DmUO/1c7HrKo=
1,47,Brsy+hLxbyeRus/WF1OwM6z5Zn4=,HERHYU1n7ov0g26DmUO/1c7HrKo=
4,47,Brsy+hLxbyeRus/WF1OwM6z5Zn4=,HERHYU1n7ov0g26DmUO/1c7HrKo=
3,47,Brsy+hLxbyeRus/WF1OwM6z5Zn4=,HERHYU1n7ov0g26DmUO/1c7HrKo=
2,47,Brsy+hLxbyeRus/WF1OwM6z5Zn4=,HERHYU1n7ov0g26DmUO/1c7HrKo=
5,47,Brsy+hLxbyeRus/WF1OwM6z5Zn4=,HERHYU1n7ov0g26DmUO/1c7HrKo=
7,47,Brsy+hLxbyeRus/WF1OwM6z5Zn4=,HERHYU1n7ov0g26DmUO/1c7HrKo=
6,47,Brsy+hLxbyeRus/WF1OwM6z5Zn4=,HERHYU1n7ov0g26DmUO/1c7HrKo=
8,47,Brsy+hLxbyeRus/WF1OwM6z5Zn4=,XpGUDCNjKInHks3kHv8ro4DwlRM=
0,43,Brsy+hLxbyeRus/WF1OwM6z5Zn4=,HERHYU1n7ov0g26DmUO/1c7HrKo=
0,45,Brsy+hLxbyeRus/WF1OwM6z5Zn4=,HERHYU1n7ov0g26DmUO/1c7HrKo=
0,44,Brsy+hLxbyeRus/WF1OwM6z5Zn4=,HERHYU1n7ov0g26DmUO/1c7HrKo=
0,46,Brsy+hLxbyeRus/WF1OwM6z5Zn4=,HERHYU1n7ov0g26DmUO/1c7HrKo=
15,39,Brsy+hLxbyeRus/WF1OwM6z5Zn4=,Jc6aAzcDqUh7/C85oPHS6Q5pILY=
15,40,Brsy+hLxbyeRus/WF1OwM6z5Zn4=,XpGUDCNjKInHks3kHv8ro4DwlRM=
15,38,Brsy+hLxbyeRus/WF1OwM6z5Zn4=,Jc6aAzcDqUh7/C85oPHS6Q5pILY=
15,36,Brsy+hLxbyeRus/WF1OwM6z5Zn4=,Jc6aAzcDqUh7/C85oPHS6Q5pILY=
15,34,Brsy+hLxbyeRus/WF1OwM6z5Zn4=,Jc6aAzcDqUh7/C85oPHS6Q5pILY=
15,37,Brsy+hLxbyeRus/WF1OwM6z5Zn4=,Jc6aAzcDqUh7/C85oPHS6Q5pILY=
15,33,Brsy+hLxbyeRus/WF1OwM6z5Zn4=,Jc6aAzcDqUh7/C85oPHS6Q5pILY=
15,35,Brsy+hLxbyeRus/WF1OwM6z5Zn4=,Jc6aAzcDqUh7/C85oPHS6Q5pILY=
11,32,Brsy+hLxbyeRus/WF1OwM6z5Zn4=,Jc6aAzcDqUh7/C85oPHS6Q5pILY=
12,32,Brsy+hLxbyeRus/WF1OwM6z5Zn4=,Jc6aAzcDqUh7/C85oPHS6Q5pILY=
9,32,Brsy+hLxbyeRus/WF1OwM6z5Zn4=,Jc6aAzcDqUh7/C85oPHS6Q5pILY=
10,32,Brsy+hLxbyeRus/WF1OwM6z5Zn4=,Jc6aAzcDqUh7/C85oPHS6Q5pILY=
13,32,Brsy+hLxbyeRus/WF1OwM6z5Zn4=,Jc6aAzcDqUh7/C85oPHS6Q5pILY=
8,32,Brsy+hLxbyeRus/WF1OwM6z5Zn4=,Jc6aAzcDqUh7/C85oPHS6Q5pILY=
14,32,Brsy+hLxbyeRus/WF1OwM6z5Zn4=,Jc6aAzcDqUh7/C85oPHS6Q5pILY=
0,32,Brsy+hLxbyeRus/WF1OwM6z5Zn4=,NznwxEx5+VYCEe371q3Zo0kf1JQ=
1,32,Brsy+hLxbyeRus/WF1OwM6z5Zn4=,NznwxEx5+VYCEe371q3Zo0kf1JQ=
5,32,Brsy+hLxbyeRus/WF1OwM6z5Zn4=,NznwxEx5+VYCEe371q3Zo0kf1JQ=
6,32,Brsy+hLxbyeRus/WF1OwM6z5Zn4=,NznwxEx5+VYCEe371q3Zo0kf1JQ=
2,32,Brsy+hLxbyeRus/WF1OwM6z5Zn4=,NznwxEx5+VYCEe371q3Zo0kf1JQ=
7,32,Brsy+hLxbyeRus/WF1OwM6z5Zn4=,NznwxEx5+VYCEe371q3Zo0kf1JQ=
4,32,Brsy+hLxbyeRus/WF1OwM6z5Zn4=,NznwxEx5+VYCEe371q3Zo0kf1JQ=
3,32,Brsy+hLxbyeRus/WF1OwM6z5Zn4=,NznwxEx5+VYCEe371q3Zo0kf1JQ=
0,47,Brsy+hLxbyeRus/WF1OwM6z5Zn4=,HERHYU1n7ov0g26DmUO/1c7HrKo=
15,32,Brsy+hLxbyeRus/WF1OwM6z5Zn4=,Jc6aAzcDqUh7/C85oPHS6Q5pILY=
7,53,Brsy+hLxbyeRus/WF1OwM6z5Zn4=,2KIuyDMGZC4+WJ0FgWh30Vg6f9U=
3,54,Brsy+hLxbyeRus/WF1OwM6z5Zn4=,2KIuyDMGZC4+WJ0FgWh30Vg6f9U=
1,50,Brsy+hLxbyeRus/WF1OwM6z5Zn4=,2KIuyDMGZC4+WJ0FgWh30Vg6f9U=
2,54,Brsy+hLxbyeRus/WF1OwM6z5Zn4=,2KIuyDMGZC4+WJ0FgWh30Vg6f9U=
5,54,Brsy+hLxbyeRus/WF1OwM6z5Zn4=,2KIuyDMGZC4+WJ0FgWh30Vg6f9U=
1,54,WVM9F7BOyVAedXv5rcVNEl87S9Y=,2KIuyDMGZC4+WJ0FgWh30Vg6f9U=
4,54,WVM9F7BOyVAedXv5rcVNEl87S9Y=,2KIuyDMGZC4+WJ0FgWh30Vg6f9U=
0,53,WVM9F7BOyVAedXv5rcVNEl87S9Y=,2KIuyDMGZC4+WJ0FgWh30Vg6f9U=
6,53,WVM9F7BOyVAedXv5rcVNEl87S9Y=,2KIuyDMGZC4+WJ0FgWh30Vg6f9U=
2,49,WVM9F7BOyVAedXv5rcVNEl87S9Y=,2KIuyDMGZC4+WJ0FgWh30Vg6f9U=
0,54,WVM9F7BOyVAedXv5rcVNEl87S9Y=,2KIuyDMGZC4+WJ0FgWh30Vg6f9U=
7,50,WVM9F7BOyVAedXv5rcVNEl87S9Y=,2KIuyDMGZC4+WJ0FgWh30Vg6f9U=
7,52,WVM9F7BOyVAedXv5rcVNEl87S9Y=,2KIuyDMGZC4+WJ0FgWh30Vg6f9U=
6,52,WVM9F7BOyVAedXv5rcVNEl87S9Y=,2KIuyDMGZC4+WJ0FgWh30Vg6f9U=
0,50,WVM9F7BOyVAedXv5rcVNEl87S9Y=,2KIuyDMGZC4+WJ0FgWh30Vg6f9U=
1,48,WVM9F7BOyVAedXv5rcVNEl87S9Y=,2KIuyDMGZC4+WJ0FgWh30Vg6f9U=
5,53,WVM9F7BOyVAedXv5rcVNEl87S9Y=,2KIuyDMGZC4+WJ0FgWh30Vg6f9U=
6,50,WVM9F7BOyVAedXv5rcVNEl87S9Y=,2KIuyDMGZC4+WJ0FgWh30Vg6f9U=
7,49,WVM9F7BOyVAedXv5rcVNEl87S9Y=,2KIuyDMGZC4+WJ0FgWh30Vg6f9U=
5,50,WVM9F7BOyVAedXv5rcVNEl87S9Y=,2KIuyDMGZC4+WJ0FgWh30Vg6f9U=
4,53,WVM9F7BOyVAedXv5rcVNEl87S9Y=,2KIuyDMGZC4+WJ0FgWh30Vg6f9U=
3,53,WVM9F7BOyVAedXv5rcVNEl87S9Y=,2KIuyDMGZC4+WJ0FgWh30Vg6f9U=
5,52,WVM9F7BOyVAedXv5rcVNEl87S9Y=,2KIuyDMGZC4+WJ0FgWh30Vg6f9U=
1,49,WVM9F7BOyVAedXv5rcVNEl87S9Y=,2KIuyDMGZC4+WJ0FgWh30Vg6f9U=
7,51,WVM9F7BOyVAedXv5rcVNEl87S9Y=,2KIuyDMGZC4+WJ0FgWh30Vg6f9U=
6,51,WVM9F7BOyVAedXv5rcVNEl87S9Y=,2KIuyDMGZC4+WJ0FgWh30Vg6f9U=
0,52,WVM9F7BOyVAedXv5rcVNEl87S9Y=,2KIuyDMGZC4+WJ0FgWh30Vg6f9U=
5,51,WVM9F7BOyVAedXv5rcVNEl87S9Y=,2KIuyDMGZC4+WJ0FgWh30Vg6f9U=
4,51,WVM9F7BOyVAedXv5rcVNEl87S9Y=,2KIuyDMGZC4+WJ0FgWh30Vg6f9U=
1,53,WVM9F7BOyVAedXv5rcVNEl87S9Y=,2KIuyDMGZC4+WJ0FgWh30Vg6f9U=
2,53,WVM9F7BOyVAedXv5rcVNEl87S9Y=,2KIuyDMGZC4+WJ0FgWh30Vg6f9U=
0,49,WVM9F7BOyVAedXv5rcVNEl87S9Y=,2KIuyDMGZC4+WJ0FgWh30Vg6f9U=
4,52,WVM9F7BOyVAedXv5rcVNEl87S9Y=,2KIuyDMGZC4+WJ0FgWh30Vg6f9U=
3,51,WVM9F7BOyVAedXv5rcVNEl87S9Y=,2KIuyDMGZC4+WJ0FgWh30Vg6f9U=
0,51,WVM9F7BOyVAedXv5rcVNEl87S9Y=,2KIuyDMGZC4+WJ0FgWh30Vg6f9U=
7,48,WVM9F7BOyVAedXv5rcVNEl87S9Y=,2KIuyDMGZC4+WJ0FgWh30Vg6f9U=
6,48,WVM9F7BOyVAedXv5rcVNEl87S9Y=,2KIuyDMGZC4+WJ0FgWh30Vg6f9U=
2,51,WVM9F7BOyVAedXv5rcVNEl87S9Y=,2KIuyDMGZC4+WJ0FgWh30Vg6f9U=
5,48,WVM9F7BOyVAedXv5rcVNEl87S9Y=,2KIuyDMGZC4+WJ0FgWh30Vg6f9U=
1,51,WVM9F7BOyVAedXv5rcVNEl87S9Y=,2KIuyDMGZC4+WJ0FgWh30Vg6f9U=
0,48,WVM9F7BOyVAedXv5rcVNEl87S9Y=,2KIuyDMGZC4+WJ0FgWh30Vg6f9U=
4,48,WVM9F7BOyVAedXv5rcVNEl87S9Y=,2KIuyDMGZC4+WJ0FgWh30Vg6f9U=
3,52,WVM9F7BOyVAedXv5rcVNEl87S9Y=,2KIuyDMGZC4+WJ0FgWh30Vg6f9U=
2,52,WVM9F7BOyVAedXv5rcVNEl87S9Y=,2KIuyDMGZC4+WJ0FgWh30Vg6f9U=
1,52,WVM9F7BOyVAedXv5rcVNEl87S9Y=,2KIuyDMGZC4+WJ0FgWh30Vg6f9U=
6,49,WVM9F7BOyVAedXv5rcVNEl87S9Y=,2KIuyDMGZC4+WJ0FgWh30Vg6f9U=
2,48,WVM9F7BOyVAedXv5rcVNEl87S9Y=,2KIuyDMGZC4+WJ0FgWh30Vg6f9U=
5,49,WVM9F7BOyVAedXv5rcVNEl87S9Y=,2KIuyDMGZC4+WJ0FgWh30Vg6f9U=
3,49,WVM9F7BOyVAedXv5rcVNEl87S9Y=,2KIuyDMGZC4+WJ0FgWh30Vg6f9U=
3,48,WVM9F7BOyVAedXv5rcVNEl87S9Y=,2KIuyDMGZC4+WJ0FgWh30Vg6f9U=
7,54,WVM9F7BOyVAedXv5rcVNEl87S9Y=,2KIuyDMGZC4+WJ0FgWh30Vg6f9U=
4,49,WVM9F7BOyVAedXv5rcVNEl87S9Y=,2KIuyDMGZC4+WJ0FgWh30Vg6f9U=
6,54,WVM9F7BOyVAedXv5rcVNEl87S9Y=,2KIuyDMGZC4+WJ0FgWh30Vg6f9U=
4,50,WVM9F7BOyVAedXv5rcVNEl87S9Y=,2KIuyDMGZC4+WJ0FgWh30Vg6f9U=
3,50,WVM9F7BOyVAedXv5rcVNEl87S9Y=,2KIuyDMGZC4+WJ0FgWh30Vg6f9U=
2,50,WVM9F7BOyVAedXv5rcVNEl87S9Y=,2KIuyDMGZC4+WJ0FgWh30Vg6f9U=
3,63,WVM9F7BOyVAedXv5rcVNEl87S9Y=,S63Ab5Q0KGEIIIy31vc+k7OcQVY=
3,55,WVM9F7BOyVAedXv5rcVNEl87S9Y=,2KIuyDMGZC4+WJ0FgWh30Vg6f9U=
4,55,WVM9F7BOyVAedXv5rcVNEl87S9Y=,2KIuyDMGZC4+WJ0FgWh30Vg6f9U=
2,63,WVM9F7BOyVAedXv5rcVNEl87S9Y=,S63Ab5Q0KGEIIIy31vc+k7OcQVY=
2,55,WVM9F7BOyVAedXv5rcVNEl87S9Y=,2KIuyDMGZC4+WJ0FgWh30Vg6f9U=
1,63,WVM9F7BOyVAedXv5rcVNEl87S9Y=,S63Ab5Q0KGEIIIy31vc+k7OcQVY=
5,55,WVM9F7BOyVAedXv5rcVNEl87S9Y=,2KIuyDMGZC4+WJ0FgWh30Vg6f9U=
0,63,WVM9F7BOyVAedXv5rcVNEl87S9Y=,S63Ab5Q0KGEIIIy31vc+k7OcQVY=
6,62,WVM9F7BOyVAedXv5rcVNEl87S9Y=,S63Ab5Q0KGEIIIy31vc+k7OcQVY=
6,55,WVM9F7BOyVAedXv5rcVNEl87S9Y=,2KIuyDMGZC4+WJ0FgWh30Vg6f9U=
5,62,WVM9F7BOyVAedXv5rcVNEl87S9Y=,S63Ab5Q0KGEIIIy31vc+k7OcQVY=
7,62,WVM9F7BOyVAedXv5rcVNEl87S9Y=,S63Ab5Q0KGEIIIy31vc+k7OcQVY=
7,55,WVM9F7BOyVAedXv5rcVNEl87S9Y=,2KIuyDMGZC4+WJ0FgWh30Vg6f9U=
1,55,WVM9F7BOyVAedXv5rcVNEl87S9Y=,2KIuyDMGZC4+WJ0FgWh30Vg6f9U=
4,62,WVM9F7BOyVAedXv5rcVNEl87S9Y=,S63Ab5Q0KGEIIIy31vc+k7OcQVY=
4,63,WVM9F7BOyVAedXv5rcVNEl87S9Y=,S63Ab5Q0KGEIIIy31vc+k7OcQVY=
3,62,WVM9F7BOyVAedXv5rcVNEl87S9Y=,S63Ab5Q0KGEIIIy31vc+k7OcQVY=
1,62,WVM9F7BOyVAedXv5rcVNEl87S9Y=,S63Ab5Q0KGEIIIy31vc+k7OcQVY=
2,62,WVM9F7BOyVAedXv5rcVNEl87S9Y=,S63Ab5Q0KGEIIIy31vc+k7OcQVY=
0,62,WVM9F7BOyVAedXv5rcVNEl87S9Y=,S63Ab5Q0KGEIIIy31vc+k7OcQVY=
6,61,WVM9F7BOyVAedXv5rcVNEl87S9Y=,S63Ab5Q0KGEIIIy31vc+k7OcQVY=
7,61,WVM9F7BOyVAedXv5rcVNEl87S9Y=,S63Ab5Q0KGEIIIy31vc+k7OcQVY=
3,61,WVM9F7BOyVAedXv5rcVNEl87S9Y=,S63Ab5Q0KGEIIIy31vc+k7OcQVY=
4,61,WVM9F7BOyVAedXv5rcVNEl87S9Y=,S63Ab5Q0KGEIIIy31vc+k7OcQVY=
5,63,WVM9F7BOyVAedXv5rcVNEl87S9Y=,S63Ab5Q0KGEIIIy31vc+k7OcQVY=
2,61,WVM9F7BOyVAedXv5rcVNEl87S9Y=,S63Ab5Q0KGEIIIy31vc+k7OcQVY=
0,61,WVM9F7BOyVAedXv5rcVNEl87S9Y=,S63Ab5Q0KGEIIIy31vc+k7OcQVY=
1,61,WVM9F7BOyVAedXv5rcVNEl87S9Y=,S63Ab5Q0KGEIIIy31vc+k7OcQVY=
7,60,WVM9F7BOyVAedXv5rcVNEl87S9Y=,S63Ab5Q0KGEIIIy31vc+k7OcQVY=
6,60,WVM9F7BOyVAedXv5rcVNEl87S9Y=,S63Ab5Q0KGEIIIy31vc+k7OcQVY=
5,60,WVM9F7BOyVAedXv5rcVNEl87S9Y=,S63Ab5Q0KGEIIIy31vc+k7OcQVY=
6,63,WVM9F7BOyVAedXv5rcVNEl87S9Y=,S63Ab5Q0KGEIIIy31vc+k7OcQVY=
4,60,WVM9F7BOyVAedXv5rcVNEl87S9Y=,S63Ab5Q0KGEIIIy31vc+k7OcQVY=
3,60,WVM9F7BOyVAedXv5rcVNEl87S9Y=,S63Ab5Q0KGEIIIy31vc+k7OcQVY=
2,60,WVM9F7BOyVAedXv5rcVNEl87S9Y=,S63Ab5Q0KGEIIIy31vc+k7OcQVY=
0,56,WVM9F7BOyVAedXv5rcVNEl87S9Y=,S63Ab5Q0KGEIIIy31vc+k7OcQVY=
1,60,WVM9F7BOyVAedXv5rcVNEl87S9Y=,S63Ab5Q0KGEIIIy31vc+k7OcQVY=
7,59,WVM9F7BOyVAedXv5rcVNEl87S9Y=,S63Ab5Q0KGEIIIy31vc+k7OcQVY=
0,60,WVM9F7BOyVAedXv5rcVNEl87S9Y=,S63Ab5Q0KGEIIIy31vc+k7OcQVY=
6,59,WVM9F7BOyVAedXv5rcVNEl87S9Y=,S63Ab5Q0KGEIIIy31vc+k7OcQVY=
5,59,WVM9F7BOyVAedXv5rcVNEl87S9Y=,S63Ab5Q0KGEIIIy31vc+k7OcQVY=
4,59,WVM9F7BOyVAedXv5rcVNEl87S9Y=,S63Ab5Q0KGEIIIy31vc+k7OcQVY=
2,56,WVM9F7BOyVAedXv5rcVNEl87S9Y=,S63Ab5Q0KGEIIIy31vc+k7OcQVY=
1,56,WVM9F7BOyVAedXv5rcVNEl87S9Y=,S63Ab5Q0KGEIIIy31vc+k7OcQVY=
3,59,WVM9F7BOyVAedXv5rcVNEl87S9Y=,S63Ab5Q0KGEIIIy31vc+k7OcQVY=
3,56,WVM9F7BOyVAedXv5rcVNEl87S9Y=,S63Ab5Q0KGEIIIy31vc+k7OcQVY=
4,56,WVM9F7BOyVAedXv5rcVNEl87S9Y=,S63Ab5Q0KGEIIIy31vc+k7OcQVY=
5,56,WVM9F7BOyVAedXv5rcVNEl87S9Y=,S63Ab5Q0KGEIIIy31vc+k7OcQVY=
7,63,WVM9F7BOyVAedXv5rcVNEl87S9Y=,S63Ab5Q0KGEIIIy31vc+k7OcQVY=
7,56,WVM9F7BOyVAedXv5rcVNEl87S9Y=,S63Ab5Q0KGEIIIy31vc+k7OcQVY=
6,56,WVM9F7BOyVAedXv5rcVNEl87S9Y=,S63Ab5Q0KGEIIIy31vc+k7OcQVY=
7,58,WVM9F7BOyVAedXv5rcVNEl87S9Y=,S63Ab5Q0KGEIIIy31vc+k7OcQVY=
2,59,WVM9F7BOyVAedXv5rcVNEl87S9Y=,S63Ab5Q0KGEIIIy31vc+k7OcQVY=
6,58,WVM9F7BOyVAedXv5rcVNEl87S9Y=,S63Ab5Q0KGEIIIy31vc+k7OcQVY=
5,58,WVM9F7BOyVAedXv5rcVNEl87S9Y=,S63Ab5Q0KGEIIIy31vc+k7OcQVY=
4,58,WVM9F7BOyVAedXv5rcVNEl87S9Y=,S63Ab5Q0KGEIIIy31vc+k7OcQVY=
0,59,WVM9F7BOyVAedXv5rcVNEl87S9Y=,S63Ab5Q0KGEIIIy31vc+k7OcQVY=
1,59,WVM9F7BOyVAedXv5rcVNEl87S9Y=,S63Ab5Q0KGEIIIy31vc+k7OcQVY=
3,58,WVM9F7BOyVAedXv5rcVNEl87S9Y=,S63Ab5Q0KGEIIIy31vc+k7OcQVY=
7,57,WVM9F7BOyVAedXv5rcVNEl87S9Y=,S63Ab5Q0KGEIIIy31vc+k7OcQVY=
6,57,WVM9F7BOyVAedXv5rcVNEl87S9Y=,S63Ab5Q0KGEIIIy31vc+k7OcQVY=
5,57,WVM9F7BOyVAedXv5rcVNEl87S9Y=,S63Ab5Q0KGEIIIy31vc+k7OcQVY=
4,57,WVM9F7BOyVAedXv5rcVNEl87S9Y=,S63Ab5Q0KGEIIIy31vc+k7OcQVY=
3,57,WVM9F7BOyVAedXv5rcVNEl87S9Y=,S63Ab5Q0KGEIIIy31vc+k7OcQVY=
2,57,WVM9F7BOyVAedXv5rcVNEl87S9Y=,S63Ab5Q0KGEIIIy31vc+k7OcQVY=
0,55,WVM9F7BOyVAedXv5rcVNEl87S9Y=,2KIuyDMGZC4+WJ0FgWh30Vg6f9U=
5,61,WVM9F7BOyVAedXv5rcVNEl87S9Y=,S63Ab5Q0KGEIIIy31vc+k7OcQVY=
1,57,WVM9F7BOyVAedXv5rcVNEl87S9Y=,S63Ab5Q0KGEIIIy31vc+k7OcQVY=
0,57,WVM9F7BOyVAedXv5rcVNEl87S9Y=,S63Ab5Q0KGEIIIy31vc+k7OcQVY=
2,58,WVM9F7BOyVAedXv5rcVNEl87S9Y=,S63Ab5Q0KGEIIIy31vc+k7OcQVY=
0,58,WVM9F7BOyVAedXv5rcVNEl87S9Y=,S63Ab5Q0KGEIIIy31vc+k7OcQVY=
1,58,WVM9F7BOyVAedXv5rcVNEl87S9Y=,S63Ab5Q0KGEIIIy31vc+k7OcQVY=
17,41,OlwBF79Qy1xSZwnyw2HNINA457k=,rFqZb8uzt4SBPqxa2FqCbzxYruk=
22,46,OlwBF79Qy1xSZwnyw2HNINA457k=,rFqZb8uzt4SBPqxa2FqCbzxYruk=
21,46,OlwBF79Qy1xSZwnyw2HNINA457k=,rFqZb8uzt4SBPqxa2FqCbzxYruk=
20,46,OlwBF79Qy1xSZwnyw2HNINA457k=,rFqZb8uzt4SBPqxa2FqCbzxYruk=
19,46,OlwBF79Qy1xSZwnyw2HNINA457k=,rFqZb8uzt4SBPqxa2FqCbzxYruk=
18,46,OlwBF79Qy1xSZwnyw2HNINA457k=,rFqZb8uzt4SBPqxa2FqCbzxYruk=
17,46,OlwBF79Qy1xSZwnyw2HNINA457k=,rFqZb8uzt4SBPqxa2FqCbzxYruk=
22,45,OlwBF79Qy1xSZwnyw2HNINA457k=,rFqZb8uzt4SBPqxa2FqCbzxYruk=
21,45,OlwBF79Qy1xSZwnyw2HNINA457k=,rFqZb8uzt4SBPqxa2FqCbzxYruk=
20,45,OlwBF79Qy1xSZwnyw2HNINA457k=,rFqZb8uzt4SBPqxa2FqCbzxYruk=
19,45,OlwBF79Qy1xSZwnyw2HNINA457k=,rFqZb8uzt4SBPqxa2FqCbzxYruk=
18,45,OlwBF79Qy1xSZwnyw2HNINA457k=,rFqZb8uzt4SBPqxa2FqCbzxYruk=
17,45,OlwBF79Qy1xSZwnyw2HNINA457k=,rFqZb8uzt4SBPqxa2FqCbzxYruk=
22,44,OlwBF79Qy1xSZwnyw2HNINA457k=,rFqZb8uzt4SBPqxa2FqCbzxYruk=
21,44,OlwBF79Qy1xSZwnyw2HNINA457k=,rFqZb8uzt4SBPqxa2FqCbzxYruk=
20,44,OlwBF79Qy1xSZwnyw2HNINA457k=,rFqZb8uzt4SBPqxa2FqCbzxYruk=
19,44,OlwBF79Qy1xSZwnyw2HNINA457k=,rFqZb8uzt4SBPqxa2FqCbzxYruk=
18,44,OlwBF79Qy1xSZwnyw2HNINA457k=,rFqZb8uzt4SBPqxa2FqCbzxYruk=
17,44,OlwBF79Qy1xSZwnyw2HNINA457k=,rFqZb8uzt4SBPqxa2FqCbzxYruk=
22,43,OlwBF79Qy1xSZwnyw2HNINA457k=,rFqZb8uzt4SBPqxa2FqCbzxYruk=
21,43,OlwBF79Qy1xSZwnyw2HNINA457k=,rFqZb8uzt4SBPqxa2FqCbzxYruk=
20,43,OlwBF79Qy1xSZwnyw2HNINA457k=,rFqZb8uzt4SBPqxa2FqCbzxYruk=
19,43,OlwBF79Qy1xSZwnyw2HNINA457k=,rFqZb8uzt4SBPqxa2FqCbzxYruk=
18,43,OlwBF79Qy1xSZwnyw2HNINA457k=,rFqZb8uzt4SBPqxa2FqCbzxYruk=
17,43,OlwBF79Qy1xSZwnyw2HNINA457k=,rFqZb8uzt4SBPqxa2FqCbzxYruk=
22,42,OlwBF79Qy1xSZwnyw2HNINA457k=,rFqZb8uzt4SBPqxa2FqCbzxYruk=
21,42,OlwBF79Qy1xSZwnyw2HNINA457k=,rFqZb8uzt4SBPqxa2FqCbzxYruk=
20,42,OlwBF79Qy1xSZwnyw2HNINA457k=,rFqZb8uzt4SBPqxa2FqCbzxYruk=
19,42,OlwBF79Qy1xSZwnyw2HNINA457k=,rFqZb8uzt4SBPqxa2FqCbzxYruk=
18,42,OlwBF79Qy1xSZwnyw2HNINA457k=,rFqZb8uzt4SBPqxa2FqCbzxYruk=
17,42,OlwBF79Qy1xSZwnyw2HNINA457k=,rFqZb8uzt4SBPqxa2FqCbzxYruk=
22,41,OlwBF79Qy1xSZwnyw2HNINA457k=,rFqZb8uzt4SBPqxa2FqCbzxYruk=
21,41,OlwBF79Qy1xSZwnyw2HNINA457k=,rFqZb8uzt4SBPqxa2FqCbzxYruk=
20,41,OlwBF79Qy1xSZwnyw2HNINA457k=,rFqZb8uzt4SBPqxa2FqCbzxYruk=
19,41,OlwBF79Qy1xSZwnyw2HNINA457k=,rFqZb8uzt4SBPqxa2FqCbzxYruk=
18,41,OlwBF79Qy1xSZwnyw2HNINA457k=,rFqZb8uzt4SBPqxa2FqCbzxYruk=
20,47,OlwBF79Qy1xSZwnyw2HNINA457k=,rFqZb8uzt4SBPqxa2FqCbzxYruk=
19,47,OlwBF79Qy1xSZwnyw2HNINA457k=,rFqZb8uzt4SBPqxa2FqCbzxYruk=
18,47,OlwBF79Qy1xSZwnyw2HNINA457k=,rFqZb8uzt4SBPqxa2FqCbzxYruk=
17,47,OlwBF79Qy1xSZwnyw2HNINA457k=,rFqZb8uzt4SBPqxa2FqCbzxYruk=
22,47,OlwBF79Qy1xSZwnyw2HNINA457k=,rFqZb8uzt4SBPqxa2FqCbzxYruk=
21,47,OlwBF79Qy1xSZwnyw2HNINA457k=,rFqZb8uzt4SBPqxa2FqCbzxYruk=
27,35,OlwBF79Qy1xSZwnyw2HNINA457k=,sHFP0arscqtRquQt1UX04fj3P5o=
26,35,OlwBF79Qy1xSZwnyw2HNINA457k=,sHFP0arscqtRquQt1UX04fj3P5o=
28,35,OlwBF79Qy1xSZwnyw2HNINA457k=,sHFP0arscqtRquQt1UX04fj3P5o=
25,35,OlwBF79Qy1xSZwnyw2HNINA457k=,sHFP0arscqtRquQt1UX04fj3P5o=
30,34,OlwBF79Qy1xSZwnyw2HNINA457k=,sHFP0arscqtRquQt1UX04fj3P5o=
28,34,OlwBF79Qy1xSZwnyw2HNINA457k=,sHFP0arscqtRquQt1UX04fj3P5o=
29,34,OlwBF79Qy1xSZwnyw2HNINA457k=,sHFP0arscqtRquQt1UX04fj3P5o=
27,34,OlwBF79Qy1xSZwnyw2HNINA457k=,sHFP0arscqtRquQt1UX04fj3P5o=
29,35,OlwBF79Qy1xSZwnyw2HNINA457k=,sHFP0arscqtRquQt1UX04fj3P5o=
26,34,OlwBF79Qy1xSZwnyw2HNINA457k=,sHFP0arscqtRquQt1UX04fj3P5o=
25,34,OlwBF79Qy1xSZwnyw2HNINA457k=,sHFP0arscqtRquQt1UX04fj3P5o=
31,33,OlwBF79Qy1xSZwnyw2HNINA457k=,sHFP0arscqtRquQt1UX04fj3P5o=
31,34,OlwBF79Qy1xSZwnyw2HNINA457k=,sHFP0arscqtRquQt1UX04fj3P5o=
30,33,OlwBF79Qy1xSZwnyw2HNINA457k=,sHFP0arscqtRquQt1UX04fj3P5o=
28,33,OlwBF79Qy1xSZwnyw2HNINA457k=,sHFP0arscqtRquQt1UX04fj3P5o=
29,33,OlwBF79Qy1xSZwnyw2HNINA457k=,sHFP0arscqtRquQt1UX04fj3P5o=
27,33,OlwBF79Qy1xSZwnyw2HNINA457k=,sHFP0arscqtRquQt1UX04fj3P5o=
26,33,OlwBF79Qy1xSZwnyw2HNINA457k=,sHFP0arscqtRquQt1UX04fj3P5o=
25,33,OlwBF79Qy1xSZwnyw2HNINA457k=,sHFP0arscqtRquQt1UX04fj3P5o=
30,35,OlwBF79Qy1xSZwnyw2HNINA457k=,sHFP0arscqtRquQt1UX04fj3P5o=
30,32,OlwBF79Qy1xSZwnyw2HNINA457k=,sHFP0arscqtRquQt1UX04fj3P5o=
29,32,OlwBF79Qy1xSZwnyw2HNINA457k=,sHFP0arscqtRquQt1UX04fj3P5o=
28,32,OlwBF79Qy1xSZwnyw2HNINA457k=,sHFP0arscqtRquQt1UX04fj3P5o=
27,32,OlwBF79Qy1xSZwnyw2HNINA457k=,sHFP0arscqtRquQt1UX04fj3P5o=
26,32,OlwBF79Qy1xSZwnyw2HNINA457k=,sHFP0arscqtRquQt1UX04fj3P5o=
25,32,OlwBF79Qy1xSZwnyw2HNINA457k=,sHFP0arscqtRquQt1UX04fj3P5o=
28,38,OlwBF79Qy1xSZwnyw2HNINA457k=,sHFP0arscqtRquQt1UX04fj3P5o=
29,38,OlwBF79Qy1xSZwnyw2HNINA457k=,sHFP0arscqtRquQt1UX04fj3P5o=
27,38,OlwBF79Qy1xSZwnyw2HNINA457k=,sHFP0arscqtRquQt1UX04fj3P5o=
26,38,OlwBF79Qy1xSZwnyw2HNINA457k=,sHFP0arscqtRquQt1UX04fj3P5o=
30,38,OlwBF79Qy1xSZwnyw2HNINA457k=,sHFP0arscqtRquQt1UX04fj3P5o=
31,35,OlwBF79Qy1xSZwnyw2HNINA457k=,sHFP0arscqtRquQt1UX04fj3P5o=
31,38,OlwBF79Qy1xSZwnyw2HNINA457k=,sHFP0arscqtRquQt1UX04fj3P5o=
25,36,OlwBF79Qy1xSZwnyw2HNINA457k=,sHFP0arscqtRquQt1UX04fj3P5o=
25,38,OlwBF79Qy1xSZwnyw2HNINA457k=,sHFP0arscqtRquQt1UX04fj3P5o=
30,37,OlwBF79Qy1xSZwnyw2HNINA457k=,sHFP0arscqtRquQt1UX04fj3P5o=
26,36,OlwBF79Qy1xSZwnyw2HNINA457k=,sHFP0arscqtRquQt1UX04fj3P5o=
29,37,OlwBF79Qy1xSZwnyw2HNINA457k=,sHFP0arscqtRquQt1UX04fj3P5o=
27,36,OlwBF79Qy1xSZwnyw2HNINA457k=,sHFP0arscqtRquQt1UX04fj3P5o=
28,37,OlwBF79Qy1xSZwnyw2HNINA457k=,sHFP0arscqtRquQt1UX04fj3P5o=
31,37,OlwBF79Qy1xSZwnyw2HNINA457k=,sHFP0arscqtRquQt1UX04fj3P5o=
25,37,OlwBF79Qy1xSZwnyw2HNINA457k=,sHFP0arscqtRquQt1UX04fj3P5o=
26,37,OlwBF79Qy1xSZwnyw2HNINA457k=,sHFP0arscqtRquQt1UX04fj3P5o=
27,37,OlwBF79Qy1xSZwnyw2HNINA457k=,sHFP0arscqtRquQt1UX04fj3P5o=
28,36,OlwBF79Qy1xSZwnyw2HNINA457k=,sHFP0arscqtRquQt1UX04fj3P5o=
29,36,OlwBF79Qy1xSZwnyw2HNINA457k=,sHFP0arscqtRquQt1UX04fj3P5o=
31,36,OlwBF79Qy1xSZwnyw2HNINA457k=,sHFP0arscqtRquQt1UX04fj3P5o=
30,36,OlwBF79Qy1xSZwnyw2HNINA457k=,sHFP0arscqtRquQt1UX04fj3P5o=
28,45,OlwBF79Qy1xSZwnyw2HNINA457k=,G/kZOs76k5+Hch4fmXW7xyOAy/A=
31,39,OlwBF79Qy1xSZwnyw2HNINA457k=,sHFP0arscqtRquQt1UX04fj3P5o=
29,45,OlwBF79Qy1xSZwnyw2HNINA457k=,G/kZOs76k5+Hch4fmXW7xyOAy/A=
23,46,OlwBF79Qy1xSZwnyw2HNINA457k=,rFqZb8uzt4SBPqxa2FqCbzxYruk=
25,45,OlwBF79Qy1xSZwnyw2HNINA457k=,G/kZOs76k5+Hch4fmXW7xyOAy/A=
26,45,OlwBF79Qy1xSZwnyw2HNINA457k=,G/kZOs76k5+Hch4fmXW7xyOAy/A=
24,45,OlwBF79Qy1xSZwnyw2HNINA457k=,G/kZOs76k5+Hch4fmXW7xyOAy/A=
27,45,OlwBF79Qy1xSZwnyw2HNINA457k=,G/kZOs76k5+Hch4fmXW7xyOAy/A=
30,39,OlwBF79Qy1xSZwnyw2HNINA457k=,sHFP0arscqtRquQt1UX04fj3P5o=
30,45,OlwBF79Qy1xSZwnyw2HNINA457k=,G/kZOs76k5+Hch4fmXW7xyOAy/A=
23,45,OlwBF79Qy1xSZwnyw2HNINA457k=,rFqZb8uzt4SBPqxa2FqCbzxYruk=
28,39,OlwBF79Qy1xSZwnyw2HNINA457k=,sHFP0arscqtRquQt1UX04fj3P5o=
29,39,OlwBF79Qy1xSZwnyw2HNINA457k=,sHFP0arscqtRquQt1UX04fj3P5o=
31,45,OlwBF79Qy1xSZwnyw2HNINA457k=,G/kZOs76k5+Hch4fmXW7xyOAy/A=
24,46,OlwBF79Qy1xSZwnyw2HNINA457k=,G/kZOs76k5+Hch4fmXW7xyOAy/A=
25,46,OlwBF79Qy1xSZwnyw2HNINA457k=,G/kZOs76k5+Hch4fmXW7xyOAy/A=
30,44,OlwBF79Qy1xSZwnyw2HNINA457k=,G/kZOs76k5+Hch4fmXW7xyOAy/A=
27,39,OlwBF79Qy1xSZwnyw2HNINA457k=,sHFP0arscqtRquQt1UX04fj3P5o=
27,46,OlwBF79Qy1xSZwnyw2HNINA457k=,G/kZOs76k5+Hch4fmXW7xyOAy/A=
26,46,OlwBF79Qy1xSZwnyw2HNINA457k=,G/kZOs76k5+Hch4fmXW7xyOAy/A=
26,39,OlwBF79Qy1xSZwnyw2HNINA457k=,sHFP0arscqtRquQt1UX04fj3P5o=
29,44,OlwBF79Qy1xSZwnyw2HNINA457k=,G/kZOs76k5+Hch4fmXW7xyOAy/A=
28,46,OlwBF79Qy1xSZwnyw2HNINA457k=,G/kZOs76k5+Hch4fmXW7xyOAy/A=
23,47,OlwBF79Qy1xSZwnyw2HNINA457k=,rFqZb8uzt4SBPqxa2FqCbzxYruk=
26,44,OlwBF79Qy1xSZwnyw2HNINA457k=,G/kZOs76k5+Hch4fmXW7xyOAy/A=
25,40,OlwBF79Qy1xSZwnyw2HNINA457k=,G/kZOs76k5+Hch4fmXW7xyOAy/A=
27,44,OlwBF79Qy1xSZwnyw2HNINA457k=,G/kZOs76k5+Hch4fmXW7xyOAy/A=
25,39,OlwBF79Qy1xSZwnyw2HNINA457k=,sHFP0arscqtRquQt1UX04fj3P5o=
29,46,OlwBF79Qy1xSZwnyw2HNINA457k=,G/kZOs76k5+Hch4fmXW7xyOAy/A=
30,46,OlwBF79Qy1xSZwnyw2HNINA457k=,G/kZOs76k5+Hch4fmXW7xyOAy/A=
25,44,OlwBF79Qy1xSZwnyw2HNINA457k=,G/kZOs76k5+Hch4fmXW7xyOAy/A=
28,44,OlwBF79Qy1xSZwnyw2HNINA457k=,G/kZOs76k5+Hch4fmXW7xyOAy/A=
24,44,OlwBF79Qy1xSZwnyw2HNINA457k=,G/kZOs76k5+Hch4fmXW7xyOAy/A=
31,46,OlwBF79Qy1xSZwnyw2HNINA457k=,G/kZOs76k5+Hch4fmXW7xyOAy/A=
24,47,OlwBF79Qy1xSZwnyw2HNINA457k=,G/kZOs76k5+Hch4fmXW7xyOAy/A=
25,47,OlwBF79Qy1xSZwnyw2HNINA457k=,G/kZOs76k5+Hch4fmXW7xyOAy/A=
30,43,OlwBF79Qy1xSZwnyw2HNINA457k=,G/kZOs76k5+Hch4fmXW7xyOAy/A=
23,44,OlwBF79Qy1xSZwnyw2HNINA457k=,rFqZb8uzt4SBPqxa2FqCbzxYruk=
29,43,OlwBF79Qy1xSZwnyw2HNINA457k=,G/kZOs76k5+Hch4fmXW7xyOAy/A=
26,47,OlwBF79Qy1xSZwnyw2HNINA457k=,G/kZOs76k5+Hch4fmXW7xyOAy/A=
31,44,OlwBF79Qy1xSZwnyw2HNINA457k=,G/kZOs76k5+Hch4fmXW7xyOAy/A=
27,47,OlwBF79Qy1xSZwnyw2HNINA457k=,G/kZOs76k5+Hch4fmXW7xyOAy/A=
26,40,OlwBF79Qy1xSZwnyw2HNINA457k=,G/kZOs76k5+Hch4fmXW7xyOAy/A=
27,40,OlwBF79Qy1xSZwnyw2HNINA457k=,G/kZOs76k5+Hch4fmXW7xyOAy/A=
26,43,OlwBF79Qy1xSZwnyw2HNINA457k=,G/kZOs76k5+Hch4fmXW7xyOAy/A=
31,43,OlwBF79Qy1xSZwnyw2HNINA457k=,G/kZOs76k5+Hch4fmXW7xyOAy/A=
28,43,OlwBF79Qy1xSZwnyw2HNINA457k=,G/kZOs76k5+Hch4fmXW7xyOAy/A=
25,43,OlwBF79Qy1xSZwnyw2HNINA457k=,G/kZOs76k5+Hch4fmXW7xyOAy/A=
24,43,OlwBF79Qy1xSZwnyw2HNINA457k=,G/kZOs76k5+Hch4fmXW7xyOAy/A=
27,43,OlwBF79Qy1xSZwnyw2HNINA457k=,G/kZOs76k5+Hch4fmXW7xyOAy/A=
28,47,OlwBF79Qy1xSZwnyw2HNINA457k=,G/kZOs76k5+Hch4fmXW7xyOAy/A=
28,40,OlwBF79Qy1xSZwnyw2HNINA457k=,G/kZOs76k5+Hch4fmXW7xyOAy/A=
31,42,OlwBF79Qy1xSZwnyw2HNINA457k=,G/kZOs76k5+Hch4fmXW7xyOAy/A=
23,43,OlwBF79Qy1xSZwnyw2HNINA457k=,rFqZb8uzt4SBPqxa2FqCbzxYruk=
30,47,OlwBF79Qy1xSZwnyw2HNINA457k=,G/kZOs76k5+Hch4fmXW7xyOAy/A=
30,42,OlwBF79Qy1xSZwnyw2HNINA457k=,G/kZOs76k5+Hch4fmXW7xyOAy/A=
29,40,OlwBF79Qy1xSZwnyw2HNINA457k=,G/kZOs76k5+Hch4fmXW7xyOAy/A=
29,42,OlwBF79Qy1xSZwnyw2HNINA457k=,G/kZOs76k5+Hch4fmXW7xyOAy/A=
27,42,OlwBF79Qy1xSZwnyw2HNINA457k=,G/kZOs76k5+Hch4fmXW7xyOAy/A=
30,40,OlwBF79Qy1xSZwnyw2HNINA457k=,G/kZOs76k5+Hch4fmXW7xyOAy/A=
28,42,OlwBF79Qy1xSZwnyw2HNINA457k=,G/kZOs76k5+Hch4fmXW7xyOAy/A=
31,40,OlwBF79Qy1xSZwnyw2HNINA457k=,G/kZOs76k5+Hch4fmXW7xyOAy/A=
24,41,OlwBF79Qy1xSZwnyw2HNINA457k=,G/kZOs76k5+Hch4fmXW7xyOAy/A=
25,41,OlwBF79Qy1xSZwnyw2HNINA457k=,G/kZOs76k5+Hch4fmXW7xyOAy/A=
26,41,OlwBF79Qy1xSZwnyw2HNINA457k=,G/kZOs76k5+Hch4fmXW7xyOAy/A=
23,41,OlwBF79Qy1xSZwnyw2HNINA457k=,rFqZb8uzt4SBPqxa2FqCbzxYruk=
27,41,OlwBF79Qy1xSZwnyw2HNINA457k=,G/kZOs76k5+Hch4fmXW7xyOAy/A=
26,42,OlwBF79Qy1xSZwnyw2HNINA457k=,G/kZOs76k5+Hch4fmXW7xyOAy/A=
28,41,OlwBF79Qy1xSZwnyw2HNINA457k=,G/kZOs76k5+Hch4fmXW7xyOAy/A=
23,42,OlwBF79Qy1xSZwnyw2HNINA457k=,rFqZb8uzt4SBPqxa2FqCbzxYruk=
25,42,OlwBF79Qy1xSZwnyw2HNINA457k=,G/kZOs76k5+Hch4fmXW7xyOAy/A=
24,42,OlwBF79Qy1xSZwnyw2HNINA457k=,G/kZOs76k5+Hch4fmXW7xyOAy/A=
29,41,OlwBF79Qy1xSZwnyw2HNINA457k=,G/kZOs76k5+Hch4fmXW7xyOAy/A=
31,41,OlwBF79Qy1xSZwnyw2HNINA457k=,G/kZOs76k5+Hch4fmXW7xyOAy/A=
29,47,OlwBF79Qy1xSZwnyw2HNINA457k=,G/kZOs76k5+Hch4fmXW7xyOAy/A=
19,32,OlwBF79Qy1xSZwnyw2HNINA457k=,tIjJr2d5QFAkKbXNJ2ZKfY6igLQ=
20,35,OlwBF79Qy1xSZwnyw2HNINA457k=,tIjJr2d5QFAkKbXNJ2ZKfY6igLQ=
22,34,OlwBF79Qy1xSZwnyw2HNINA457k=,tIjJr2d5QFAkKbXNJ2ZKfY6igLQ=
20,32,OlwBF79Qy1xSZwnyw2HNINA457k=,tIjJr2d5QFAkKbXNJ2ZKfY6igLQ=
21,35,OlwBF79Qy1xSZwnyw2HNINA457k=,tIjJr2d5QFAkKbXNJ2ZKfY6igLQ=
17,40,OlwBF79Qy1xSZwnyw2HNINA457k=,rFqZb8uzt4SBPqxa2FqCbzxYruk=
18,40,OlwBF79Qy1xSZwnyw2HNINA457k=,rFqZb8uzt4SBPqxa2FqCbzxYruk=
23,39,OlwBF79Qy1xSZwnyw2HNINA457k=,tIjJr2d5QFAkKbXNJ2ZKfY6igLQ=
23,33,OlwBF79Qy1xSZwnyw2HNINA457k=,tIjJr2d5QFAkKbXNJ2ZKfY6igLQ=
19,40,OlwBF79Qy1xSZwnyw2HNINA457k=,rFqZb8uzt4SBPqxa2FqCbzxYruk=
24,35,OlwBF79Qy1xSZwnyw2HNINA457k=,sHFP0arscqtRquQt1UX04fj3P5o=
30,41,OlwBF79Qy1xSZwnyw2HNINA457k=,G/kZOs76k5+Hch4fmXW7xyOAy/A=
20,34,OlwBF79Qy1xSZwnyw2HNINA457k=,tIjJr2d5QFAkKbXNJ2ZKfY6igLQ=
19,34,OlwBF79Qy1xSZwnyw2HNINA457k=,tIjJr2d5QFAkKbXNJ2ZKfY6igLQ=
21,34,OlwBF79Qy1xSZwnyw2HNINA457k=,tIjJr2d5QFAkKbXNJ2ZKfY6igLQ=
19,35,OlwBF79Qy1xSZwnyw2HNINA457k=,tIjJr2d5QFAkKbXNJ2ZKfY6igLQ=
19,39,OlwBF79Qy1xSZwnyw2HNINA457k=,tIjJr2d5QFAkKbXNJ2ZKfY6igLQ=
18,39,OlwBF79Qy1xSZwnyw2HNINA457k=,tIjJr2d5QFAkKbXNJ2ZKfY6igLQ=
18,34,OlwBF79Qy1xSZwnyw2HNINA457k=,tIjJr2d5QFAkKbXNJ2ZKfY6igLQ=
24,34,OlwBF79Qy1xSZwnyw2HNINA457k=,sHFP0arscqtRquQt1UX04fj3P5o=
24,39,OlwBF79Qy1xSZwnyw2HNINA457k=,sHFP0arscqtRquQt1UX04fj3P5o=
18,32,OlwBF79Qy1xSZwnyw2HNINA457k=,tIjJr2d5QFAkKbXNJ2ZKfY6igLQ=
22,39,OlwBF79Qy1xSZwnyw2HNINA457k=,tIjJr2d5QFAkKbXNJ2ZKfY6igLQ=
24,33,OlwBF79Qy1xSZwnyw2HNINA457k=,sHFP0arscqtRquQt1UX04fj3P5o=
17,39,OlwBF79Qy1xSZwnyw2HNINA457k=,tIjJr2d5QFAkKbXNJ2ZKfY6igLQ=
24,32,OlwBF79Qy1xSZwnyw2HNINA457k=,sHFP0arscqtRquQt1UX04fj3P5o=
16,34,OlwBF79Qy1xSZwnyw2HNINA457k=,tIjJr2d5QFAkKbXNJ2ZKfY6igLQ=
20,39,OlwBF79Qy1xSZwnyw2HNINA457k=,tIjJr2d5QFAkKbXNJ2ZKfY6igLQ=
18,35,OlwBF79Qy1xSZwnyw2HNINA457k=,tIjJr2d5QFAkKbXNJ2ZKfY6igLQ=
23,38,OlwBF79Qy1xSZwnyw2HNINA457k=,tIjJr2d5QFAkKbXNJ2ZKfY6igLQ=
17,34,OlwBF79Qy1xSZwnyw2HNINA457k=,tIjJr2d5QFAkKbXNJ2ZKfY6igLQ=
21,38,OlwBF79Qy1xSZwnyw2HNINA457k=,tIjJr2d5QFAkKbXNJ2ZKfY6igLQ=
20,40,OlwBF79Qy1xSZwnyw2HNINA457k=,rFqZb8uzt4SBPqxa2FqCbzxYruk=
22,38,OlwBF79Qy1xSZwnyw2HNINA457k=,tIjJr2d5QFAkKbXNJ2ZKfY6igLQ=
24,38,OlwBF79Qy1xSZwnyw2HNINA457k=,sHFP0arscqtRquQt1UX04fj3P5o=
20,38,OlwBF79Qy1xSZwnyw2HNINA457k=,tIjJr2d5QFAkKbXNJ2ZKfY6igLQ=
17,38,OlwBF79Qy1xSZwnyw2HNINA457k=,tIjJr2d5QFAkKbXNJ2ZKfY6igLQ=
16,38,OlwBF79Qy1xSZwnyw2HNINA457k=,tIjJr2d5QFAkKbXNJ2ZKfY6igLQ=
21,39,OlwBF79Qy1xSZwnyw2HNINA457k=,tIjJr2d5QFAkKbXNJ2ZKfY6igLQ=
22,33,OlwBF79Qy1xSZwnyw2HNINA457k=,tIjJr2d5QFAkKbXNJ2ZKfY6igLQ=
18,38,OlwBF79Qy1xSZwnyw2HNINA457k=,tIjJr2d5QFAkKbXNJ2ZKfY6igLQ=
21,40,OlwBF79Qy1xSZwnyw2HNINA457k=,rFqZb8uzt4SBPqxa2FqCbzxYruk=
22,35,OlwBF79Qy1xSZwnyw2HNINA457k=,tIjJr2d5QFAkKbXNJ2ZKfY6igLQ=
23,35,OlwBF79Qy1xSZwnyw2HNINA457k=,tIjJr2d5QFAkKbXNJ2ZKfY6igLQ=
21,37,OlwBF79Qy1xSZwnyw2HNINA457k=,tIjJr2d5QFAkKbXNJ2ZKfY6igLQ=
22,37,OlwBF79Qy1xSZwnyw2HNINA457k=,tIjJr2d5QFAkKbXNJ2ZKfY6igLQ=
19,38,OlwBF79Qy1xSZwnyw2HNINA457k=,tIjJr2d5QFAkKbXNJ2ZKfY6igLQ=
21,33,OlwBF79Qy1xSZwnyw2HNINA457k=,tIjJr2d5QFAkKbXNJ2ZKfY6igLQ=
17,33,OlwBF79Qy1xSZwnyw2HNINA457k=,tIjJr2d5QFAkKbXNJ2ZKfY6igLQ=
16,36,OlwBF79Qy1xSZwnyw2HNINA457k=,tIjJr2d5QFAkKbXNJ2ZKfY6igLQ=
17,35,OlwBF79Qy1xSZwnyw2HNINA457k=,tIjJr2d5QFAkKbXNJ2ZKfY6igLQ=
21,32,OlwBF79Qy1xSZwnyw2HNINA457k=,tIjJr2d5QFAkKbXNJ2ZKfY6igLQ=
20,37,OlwBF79Qy1xSZwnyw2HNINA457k=,tIjJr2d5QFAkKbXNJ2ZKfY6igLQ=
23,32,OlwBF79Qy1xSZwnyw2HNINA457k=,tIjJr2d5QFAkKbXNJ2ZKfY6igLQ=
23,40,OlwBF79Qy1xSZwnyw2HNINA457k=,rFqZb8uzt4SBPqxa2FqCbzxYruk=
23,37,OlwBF79Qy1xSZwnyw2HNINA457k=,tIjJr2d5QFAkKbXNJ2ZKfY6igLQ=
16,35,OlwBF79Qy1xSZwnyw2HNINA457k=,tIjJr2d5QFAkKbXNJ2ZKfY6igLQ=
24,40,OlwBF79Qy1xSZwnyw2HNINA457k=,G/kZOs76k5+Hch4fmXW7xyOAy/A=
16,37,OlwBF79Qy1xSZwnyw2HNINA457k=,tIjJr2d5QFAkKbXNJ2ZKfY6igLQ=
23,36,OlwBF79Qy1xSZwnyw2HNINA457k=,tIjJr2d5QFAkKbXNJ2ZKfY6igLQ=
22,36,OlwBF79Qy1xSZwnyw2HNINA457k=,tIjJr2d5QFAkKbXNJ2ZKfY6igLQ=
21,36,OlwBF79Qy1xSZwnyw2HNINA457k=,tIjJr2d5QFAkKbXNJ2ZKfY6igLQ=
17,37,OlwBF79Qy1xSZwnyw2HNINA457k=,tIjJr2d5QFAkKbXNJ2ZKfY6igLQ=
24,36,OlwBF79Qy1xSZwnyw2HNINA457k=,sHFP0arscqtRquQt1UX04fj3P5o=
16,33,OlwBF79Qy1xSZwnyw2HNINA457k=,tIjJr2d5QFAkKbXNJ2ZKfY6igLQ=
20,33,OlwBF79Qy1xSZwnyw2HNINA457k=,tIjJr2d5QFAkKbXNJ2ZKfY6igLQ=
19,33,OlwBF79Qy1xSZwnyw2HNINA457k=,tIjJr2d5QFAkKbXNJ2ZKfY6igLQ=
18,33,OlwBF79Qy1xSZwnyw2HNINA457k=,tIjJr2d5QFAkKbXNJ2ZKfY6igLQ=
19,36,OlwBF79Qy1xSZwnyw2HNINA457k=,tIjJr2d5QFAkKbXNJ2ZKfY6igLQ=
20,36,OlwBF79Qy1xSZwnyw2HNINA457k=,tIjJr2d5QFAkKbXNJ2ZKfY6igLQ=
22,40,OlwBF79Qy1xSZwnyw2HNINA457k=,rFqZb8uzt4SBPqxa2FqCbzxYruk=
22,32,OlwBF79Qy1xSZwnyw2HNINA457k=,tIjJr2d5QFAkKbXNJ2ZKfY6igLQ=
23,34,OlwBF79Qy1xSZwnyw2HNINA457k=,tIjJr2d5QFAkKbXNJ2ZKfY6igLQ=
18,37,OlwBF79Qy1xSZwnyw2HNINA457k=,tIjJr2d5QFAkKbXNJ2ZKfY6igLQ=
17,36,OlwBF79Qy1xSZwnyw2HNINA457k=,tIjJr2d5QFAkKbXNJ2ZKfY6igLQ=
19,37,OlwBF79Qy1xSZwnyw2HNINA457k=,tIjJr2d5QFAkKbXNJ2ZKfY6igLQ=
17,32,OlwBF79Qy1xSZwnyw2HNINA457k=,tIjJr2d5QFAkKbXNJ2ZKfY6igLQ=
24,37,OlwBF79Qy1xSZwnyw2HNINA457k=,sHFP0arscqtRquQt1UX04fj3P5o=
18,36,OlwBF79Qy1xSZwnyw2HNINA457k=,tIjJr2d5QFAkKbXNJ2ZKfY6igLQ=
16,44,OlwBF79Qy1xSZwnyw2HNINA457k=,rFqZb8uzt4SBPqxa2FqCbzxYruk=
16,40,OlwBF79Qy1xSZwnyw2HNINA457k=,rFqZb8uzt4SBPqxa2FqCbzxYruk=
16,46,OlwBF79Qy1xSZwnyw2HNINA457k=,rFqZb8uzt4SBPqxa2FqCbzxYruk=
16,45,OlwBF79Qy1xSZwnyw2HNINA457k=,rFqZb8uzt4SBPqxa2FqCbzxYruk=
16,43,OlwBF79Qy1xSZwnyw2HNINA457k=,rFqZb8uzt4SBPqxa2FqCbzxYruk=
16,39,OlwBF79Qy1xSZwnyw2HNINA457k=,tIjJr2d5QFAkKbXNJ2ZKfY6igLQ=
16,41,OlwBF79Qy1xSZwnyw2HNINA457k=,rFqZb8uzt4SBPqxa2FqCbzxYruk=
16,42,OlwBF79Qy1xSZwnyw2HNINA457k=,rFqZb8uzt4SBPqxa2FqCbzxYruk=
31,32,OlwBF79Qy1xSZwnyw2HNINA457k=,sHFP0arscqtRquQt1UX04fj3P5o=
31,47,OlwBF79Qy1xSZwnyw2HNINA457k=,G/kZOs76k5+Hch4fmXW7xyOAy/A=
16,32,OlwBF79Qy1xSZwnyw2HNINA457k=,tIjJr2d5QFAkKbXNJ2ZKfY6igLQ=
16,47,OlwBF79Qy1xSZwnyw2HNINA457k=,rFqZb8uzt4SBPqxa2FqCbzxYruk=
27,50,nUrdfZt5K1EiW9iAGK6/TjCrF48=,uM4NA+Qlkm+IUgOeYVGm8JhLrkk=
26,50,nUrdfZt5K1EiW9iAGK6/TjCrF48=,uM4NA+Qlkm+IUgOeYVGm8JhLrkk=
28,50,nUrdfZt5K1EiW9iAGK6/TjCrF48=,uM4NA+Qlkm+IUgOeYVGm8JhLrkk=
31,55,nUrdfZt5K1EiW9iAGK6/TjCrF48=,uM4NA+Qlkm+IUgOeYVGm8JhLrkk=
25,50,nUrdfZt5K1EiW9iAGK6/TjCrF48=,uM4NA+Qlkm+IUgOeYVGm8JhLrkk=
30,55,nUrdfZt5K1EiW9iAGK6/TjCrF48=,uM4NA+Qlkm+IUgOeYVGm8JhLrkk=
24,50,nUrdfZt5K1EiW9iAGK6/TjCrF48=,uM4NA+Qlkm+IUgOeYVGm8JhLrkk=
27,51,nUrdfZt5K1EiW9iAGK6/TjCrF48=,uM4NA+Qlkm+IUgOeYVGm8JhLrkk=
29,55,nUrdfZt5K1EiW9iAGK6/TjCrF48=,uM4NA+Qlkm+IUgOeYVGm8JhLrkk=
26,51,nUrdfZt5K1EiW9iAGK6/TjCrF48=,uM4NA+Qlkm+IUgOeYVGm8JhLrkk=
27,55,nUrdfZt5K1EiW9iAGK6/TjCrF48=,uM4NA+Qlkm+IUgOeYVGm8JhLrkk=
28,55,nUrdfZt5K1EiW9iAGK6/TjCrF48=,uM4NA+Qlkm+IUgOeYVGm8JhLrkk=
26,55,nUrdfZt5K1EiW9iAGK6/TjCrF48=,uM4NA+Qlkm+IUgOeYVGm8JhLrkk=
25,55,nUrdfZt5K1EiW9iAGK6/TjCrF48=,uM4NA+Qlkm+IUgOeYVGm8JhLrkk=
24,55,nUrdfZt5K1EiW9iAGK6/TjCrF48=,uM4NA+Qlkm+IUgOeYVGm8JhLrkk=
30,54,nUrdfZt5K1EiW9iAGK6/TjCrF48=,uM4NA+Qlkm+IUgOeYVGm8JhLrkk=
31,54,nUrdfZt5K1EiW9iAGK6/TjCrF48=,uM4NA+Qlkm+IUgOeYVGm8JhLrkk=
29,54,nUrdfZt5K1EiW9iAGK6/TjCrF48=,uM4NA+Qlkm+IUgOeYVGm8JhLrkk=
28,54,nUrdfZt5K1EiW9iAGK6/TjCrF48=,uM4NA+Qlkm+IUgOeYVGm8JhLrkk=
27,54,nUrdfZt5K1EiW9iAGK6/TjCrF48=,uM4NA+Qlkm+IUgOeYVGm8JhLrkk=
31,49,nUrdfZt5K1EiW9iAGK6/TjCrF48=,uM4NA+Qlkm+IUgOeYVGm8JhLrkk=
25,51,nUrdfZt5K1EiW9iAGK6/TjCrF48=,uM4NA+Qlkm+IUgOeYVGm8JhLrkk=
26,54,nUrdfZt5K1EiW9iAGK6/TjCrF48=,uM4NA+Qlkm+IUgOeYVGm8JhLrkk=
25,54,nUrdfZt5K1EiW9iAGK6/TjCrF48=,uM4NA+Qlkm+IUgOeYVGm8JhLrkk=
25,48,nUrdfZt5K1EiW9iAGK6/TjCrF48=,uM4NA+Qlkm+IUgOeYVGm8JhLrkk=
25,49,nUrdfZt5K1EiW9iAGK6/TjCrF48=,uM4NA+Qlkm+IUgOeYVGm8JhLrkk=
24,49,nUrdfZt5K1EiW9iAGK6/TjCrF48=,uM4NA+Qlkm+IUgOeYVGm8JhLrkk=
24,54,nUrdfZt5K1EiW9iAGK6/TjCrF48=,uM4NA+Qlkm+IUgOeYVGm8JhLrkk=
31,53,nUrdfZt5K1EiW9iAGK6/TjCrF48=,uM4NA+Qlkm+IUgOeYVGm8JhLrkk=
30,53,nUrdfZt5K1EiW9iAGK6/TjCrF48=,uM4NA+Qlkm+IUgOeYVGm8JhLrkk=
24,51,nUrdfZt5K1EiW9iAGK6/TjCrF48=,uM4NA+Qlkm+IUgOeYVGm8JhLrkk=
29,50,nUrdfZt5K1EiW9iAGK6/TjCrF48=,uM4NA+Qlkm+IUgOeYVGm8JhLrkk=
29,53,nUrdfZt5K1EiW9iAGK6/TjCrF48=,uM4NA+Qlkm+IUgOeYVGm8JhLrkk=
28,53,nUrdfZt5K1EiW9iAGK6/TjCrF48=,uM4NA+Qlkm+IUgOeYVGm8JhLrkk=
27,53,nUrdfZt5K1EiW9iAGK6/TjCrF48=,uM4NA+Qlkm+IUgOeYVGm8JhLrkk=
26,48,nUrdfZt5K1EiW9iAGK6/TjCrF48=,uM4NA+Qlkm+IUgOeYVGm8JhLrkk=
31,50,nUrdfZt5K1EiW9iAGK6/TjCrF48=,uM4NA+Qlkm+IUgOeYVGm8JhLrkk=
26,53,nUrdfZt5K1EiW9iAGK6/TjCrF48=,uM4NA+Qlkm+IUgOeYVGm8JhLrkk=
28,49,nUrdfZt5K1EiW9iAGK6/TjCrF48=,uM4NA+Qlkm+IUgOeYVGm8JhLrkk=
25,53,nUrdfZt5K1EiW9iAGK6/TjCrF48=,uM4NA+Qlkm+IUgOeYVGm8JhLrkk=
24,53,nUrdfZt5K1EiW9iAGK6/TjCrF48=,uM4NA+Qlkm+IUgOeYVGm8JhLrkk=
30,52,nUrdfZt5K1EiW9iAGK6/TjCrF48=,uM4NA+Qlkm+IUgOeYVGm8JhLrkk=
29,52,nUrdfZt5K1EiW9iAGK6/TjCrF48=,uM4NA+Qlkm+IUgOeYVGm8JhLrkk=
31,52,nUrdfZt5K1EiW9iAGK6/TjCrF48=,uM4NA+Qlkm+IUgOeYVGm8JhLrkk=
28,52,nUrdfZt5K1EiW9iAGK6/TjCrF48=,uM4NA+Qlkm+IUgOeYVGm8JhLrkk=
26,52,nUrdfZt5K1EiW9iAGK6/TjCrF48=,uM4NA+Qlkm+IUgOeYVGm8JhLrkk=
27,49,nUrdfZt5K1EiW9iAGK6/TjCrF48=,uM4NA+Qlkm+IUgOeYVGm8JhLrkk=
27,52,nUrdfZt5K1EiW9iAGK6/TjCrF48=,uM4NA+Qlkm+IUgOeYVGm8JhLrkk=
30,50,nUrdfZt5K1EiW9iAGK6/TjCrF48=,uM4NA+Qlkm+IUgOeYVGm8JhLrkk=
25,52,nUrdfZt5K1EiW9iAGK6/TjCrF48=,uM4NA+Qlkm+IUgOeYVGm8JhLrkk=
27,48,nUrdfZt5K1EiW9iAGK6/TjCrF48=,uM4NA+Qlkm+IUgOeYVGm8JhLrkk=
24,52,nUrdfZt5K1EiW9iAGK6/TjCrF48=,uM4NA+Qlkm+IUgOeYVGm8JhLrkk=
31,51,nUrdfZt5K1EiW9iAGK6/TjCrF48=,uM4NA+Qlkm+IUgOeYVGm8JhLrkk=
30,51,nUrdfZt5K1EiW9iAGK6/TjCrF48=,uM4NA+Qlkm+IUgOeYVGm8JhLrkk=
26,49,nUrdfZt5K1EiW9iAGK6/TjCrF48=,uM4NA+Qlkm+IUgOeYVGm8JhLrkk=
29,51,nUrdfZt5K1EiW9iAGK6/TjCrF48=,uM4NA+Qlkm+IUgOeYVGm8JhLrkk=
28,51,nUrdfZt5K1EiW9iAGK6/TjCrF48=,uM4NA+Qlkm+IUgOeYVGm8JhLrkk=
24,48,nUrdfZt5K1EiW9iAGK6/TjCrF48=,uM4NA+Qlkm+IUgOeYVGm8JhLrkk=
31,48,nUrdfZt5K1EiW9iAGK6/TjCrF48=,uM4NA+Qlkm+IUgOeYVGm8JhLrkk=
28,48,nUrdfZt5K1EiW9iAGK6/TjCrF48=,uM4NA+Qlkm+IUgOeYVGm8JhLrkk=
29,49,nUrdfZt5K1EiW9iAGK6/TjCrF48=,uM4NA+Qlkm+IUgOeYVGm8JhLrkk=
30,49,nUrdfZt5K1EiW9iAGK6/TjCrF48=,uM4NA+Qlkm+IUgOeYVGm8JhLrkk=
30,48,nUrdfZt5K1EiW9iAGK6/TjCrF48=,uM4NA+Qlkm+IUgOeYVGm8JhLrkk=
29,48,nUrdfZt5K1EiW9iAGK6/TjCrF48=,uM4NA+Qlkm+IUgOeYVGm8JhLrkk=
