14,-5,UyB0/B8uL4T7hW995i3fVsRHI3U=,bmXl0AdLRQMECQkhR4QE4NnylrI=
14,-4,UyB0/B8uL4T7hW995i3fVsRHI3U=,vAoxxCpPAERmvp7yN34pYUqje8Q=
13,-5,UyB0/B8uL4T7hW995i3fVsRHI3U=,idNKJ4bHmc0nGBBXAJ9vJrtrMg4=
13,-4,UyB0/B8uL4T7hW995i3fVsRHI3U=,fVxJEJUMZefDZbLxEBmXYzDJAi8=
14,-7,EXwl75cI+LR6qb31vhoYquK5YtU=,aLQjhVMXLMuk/7Ez5/RWRYKiotU=
14,-6,EXwl75cI+LR6qb31vhoYquK5YtU=,bmXl0AdLRQMECQkhR4QE4NnylrI=
14,-8,EXwl75cI+LR6qb31vhoYquK5YtU=,aLQjhVMXLMuk/7Ez5/RWRYKiotU=
13,-6,EXwl75cI+LR6qb31vhoYquK5YtU=,idNKJ4bHmc0nGBBXAJ9vJrtrMg4=
13,-8,EXwl75cI+LR6qb31vhoYquK5YtU=,v4t6wKd8Hv3S4FG9/wnsXSvcZAw=
13,-7,EXwl75cI+LR6qb31vhoYquK5YtU=,v4t6wKd8Hv3S4FG9/wnsXSvcZAw=
14,-9,EXwl75cI+LR6qb31vhoYquK5YtU=,Qxl3rmVt1zgVhgYmcozfNetrpek=
13,-9,EXwl75cI+LR6qb31vhoYquK5YtU=,a2f9rkfOLJRCcMutYK0jA27dmSU=
12,-8,5fshaWXdx+yr5/9GK2DVEY2XGqs=,v4t6wKd8Hv3S4FG9/wnsXSvcZAw=
12,-9,5fshaWXdx+yr5/9GK2DVEY2XGqs=,a2f9rkfOLJRCcMutYK0jA27dmSU=
11,-8,5fshaWXdx+yr5/9GK2DVEY2XGqs=,catMRzjbk3q7mW/dOsSqiSxUdLM=
11,-9,5fshaWXdx+yr5/9GK2DVEY2XGqs=,R0YXFR/4/J7EXrPjMPW7RVy5a6E=
12,-6,5fshaWXdx+yr5/9GK2DVEY2XGqs=,idNKJ4bHmc0nGBBXAJ9vJrtrMg4=
12,-7,5fshaWXdx+yr5/9GK2DVEY2XGqs=,v4t6wKd8Hv3S4FG9/wnsXSvcZAw=
11,-6,5fshaWXdx+yr5/9GK2DVEY2XGqs=,lPNoI4tkdRIjIKyN3zDN0JVO3lc=
11,-7,5fshaWXdx+yr5/9GK2DVEY2XGqs=,catMRzjbk3q7mW/dOsSqiSxUdLM=
10,-7,su1yr2un2PqJ36MXw8hguFoPXd4=,catMRzjbk3q7mW/dOsSqiSxUdLM=
9,-7,su1yr2un2PqJ36MXw8hguFoPXd4=,+tlK50EJcfwGF+2N5KASH9tK5T0=
9,-6,su1yr2un2PqJ36MXw8hguFoPXd4=,WEJVxPKC78x8cl4ICq2AyXFZnoY=
10,-6,gVAuJXoZL+Rd3pXAvDkuQMWn5nM=,lPNoI4tkdRIjIKyN3zDN0JVO3lc=
8,-6,gVAuJXoZL+Rd3pXAvDkuQMWn5nM=,WEJVxPKC78x8cl4ICq2AyXFZnoY=
7,-6,gVAuJXoZL+Rd3pXAvDkuQMWn5nM=,LCX2U9O1OwxKw27vY7sFD5LWksA=
8,-7,gVAuJXoZL+Rd3pXAvDkuQMWn5nM=,+tlK50EJcfwGF+2N5KASH9tK5T0=
7,-7,gVAuJXoZL+Rd3pXAvDkuQMWn5nM=,td14PuHfB5r8x5yjpEJyHyv+A5w=
5,-6,+dRNieFh8/Y8NwjvPnQnbmzxZ20=,0jK5xJ4x/DKMqpsEfPhsLtmGKyk=
6,-6,+dRNieFh8/Y8NwjvPnQnbmzxZ20=,LCX2U9O1OwxKw27vY7sFD5LWksA=
6,-7,+dRNieFh8/Y8NwjvPnQnbmzxZ20=,td14PuHfB5r8x5yjpEJyHyv+A5w=
5,-7,+dRNieFh8/Y8NwjvPnQnbmzxZ20=,oCQLU07ssbmto06Cjl96J8PHLCY=
7,-5,no5PpL5BTRbv2lI9kHXKG6ND80E=,LCX2U9O1OwxKw27vY7sFD5LWksA=
8,-5,no5PpL5BTRbv2lI9kHXKG6ND80E=,WEJVxPKC78x8cl4ICq2AyXFZnoY=
7,-4,no5PpL5BTRbv2lI9kHXKG6ND80E=,sWCvy6dIEMibT01VvSfJ9+ydB98=
8,-4,no5PpL5BTRbv2lI9kHXKG6ND80E=,9uNB20E4stj3bjrtyUgNKqU6ztc=
5,-4,no5PpL5BTRbv2lI9kHXKG6ND80E=,S64fwocJkNjn28xzOhmQK2H1BFU=
6,-4,no5PpL5BTRbv2lI9kHXKG6ND80E=,sWCvy6dIEMibT01VvSfJ9+ydB98=
5,-5,no5PpL5BTRbv2lI9kHXKG6ND80E=,0jK5xJ4x/DKMqpsEfPhsLtmGKyk=
6,-5,no5PpL5BTRbv2lI9kHXKG6ND80E=,LCX2U9O1OwxKw27vY7sFD5LWksA=
7,-3,KE23LjFa6WhusPa6qNqLwfSzCPM=,sWCvy6dIEMibT01VvSfJ9+ydB98=
8,-3,KE23LjFa6WhusPa6qNqLwfSzCPM=,9uNB20E4stj3bjrtyUgNKqU6ztc=
8,-2,KE23LjFa6WhusPa6qNqLwfSzCPM=,bdfN+GDw3om1VApLffv5+1yRtUs=
7,-2,KE23LjFa6WhusPa6qNqLwfSzCPM=,Z7WWdi1ojTMusHFhfx92ZCZSmVc=
5,-2,YtsNxN134nmRRB4H3YW9rioRCew=,MpzWK8OB9D8v2gqh2VxsKTTqN04=
6,-3,YtsNxN134nmRRB4H3YW9rioRCew=,sWCvy6dIEMibT01VvSfJ9+ydB98=
6,-2,YtsNxN134nmRRB4H3YW9rioRCew=,Z7WWdi1ojTMusHFhfx92ZCZSmVc=
5,-3,YtsNxN134nmRRB4H3YW9rioRCew=,S64fwocJkNjn28xzOhmQK2H1BFU=
11,-5,WnLakJLcMHaUBeX4XEBZtHFTsr8=,lPNoI4tkdRIjIKyN3zDN0JVO3lc=
11,-4,WnLakJLcMHaUBeX4XEBZtHFTsr8=,yaUWl6bBJAKpILXf4b7KFU8eXkA=
10,-3,WnLakJLcMHaUBeX4XEBZtHFTsr8=,yaUWl6bBJAKpILXf4b7KFU8eXkA=
10,-4,WnLakJLcMHaUBeX4XEBZtHFTsr8=,yaUWl6bBJAKpILXf4b7KFU8eXkA=
10,-5,WnLakJLcMHaUBeX4XEBZtHFTsr8=,lPNoI4tkdRIjIKyN3zDN0JVO3lc=
10,-2,WnLakJLcMHaUBeX4XEBZtHFTsr8=,RkanN3SNA3yojuzkHsD/KKUunLY=
12,-5,WnLakJLcMHaUBeX4XEBZtHFTsr8=,idNKJ4bHmc0nGBBXAJ9vJrtrMg4=
9,-3,WnLakJLcMHaUBeX4XEBZtHFTsr8=,9uNB20E4stj3bjrtyUgNKqU6ztc=
12,-4,WnLakJLcMHaUBeX4XEBZtHFTsr8=,fVxJEJUMZefDZbLxEBmXYzDJAi8=
9,-5,WnLakJLcMHaUBeX4XEBZtHFTsr8=,WEJVxPKC78x8cl4ICq2AyXFZnoY=
9,-4,WnLakJLcMHaUBeX4XEBZtHFTsr8=,9uNB20E4stj3bjrtyUgNKqU6ztc=
9,-2,WnLakJLcMHaUBeX4XEBZtHFTsr8=,bdfN+GDw3om1VApLffv5+1yRtUs=
11,-3,WnLakJLcMHaUBeX4XEBZtHFTsr8=,yaUWl6bBJAKpILXf4b7KFU8eXkA=
14,-2,WnLakJLcMHaUBeX4XEBZtHFTsr8=,sBQKq6nZcGrmpNaQO8VcTzt29KE=
14,-3,WnLakJLcMHaUBeX4XEBZtHFTsr8=,vAoxxCpPAERmvp7yN34pYUqje8Q=
12,-2,WnLakJLcMHaUBeX4XEBZtHFTsr8=,R8uJPNrR5inALbz8qRVKA34JrV0=
11,-2,WnLakJLcMHaUBeX4XEBZtHFTsr8=,RkanN3SNA3yojuzkHsD/KKUunLY=
13,-2,WnLakJLcMHaUBeX4XEBZtHFTsr8=,R8uJPNrR5inALbz8qRVKA34JrV0=
12,-3,WnLakJLcMHaUBeX4XEBZtHFTsr8=,fVxJEJUMZefDZbLxEBmXYzDJAi8=
13,-3,WnLakJLcMHaUBeX4XEBZtHFTsr8=,fVxJEJUMZefDZbLxEBmXYzDJAi8=
4,-4,9mWW+zbfzkGgS7NuTzUCfB1CPY4=,S64fwocJkNjn28xzOhmQK2H1BFU=
3,-3,9mWW+zbfzkGgS7NuTzUCfB1CPY4=,jUWJA3vLTowcwtDNSyqwt9Q7Zpg=
3,-4,9mWW+zbfzkGgS7NuTzUCfB1CPY4=,jUWJA3vLTowcwtDNSyqwt9Q7Zpg=
4,-5,9mWW+zbfzkGgS7NuTzUCfB1CPY4=,0jK5xJ4x/DKMqpsEfPhsLtmGKyk=
4,-7,9mWW+zbfzkGgS7NuTzUCfB1CPY4=,oCQLU07ssbmto06Cjl96J8PHLCY=
4,-6,9mWW+zbfzkGgS7NuTzUCfB1CPY4=,0jK5xJ4x/DKMqpsEfPhsLtmGKyk=
3,-2,9mWW+zbfzkGgS7NuTzUCfB1CPY4=,bwHeYS8ZCEyjCGkCi8p0wfC0xXc=
3,-5,9mWW+zbfzkGgS7NuTzUCfB1CPY4=,Ytw6MNjboWx7YDKx5M/Yb9gr5iI=
3,-6,9mWW+zbfzkGgS7NuTzUCfB1CPY4=,Ytw6MNjboWx7YDKx5M/Yb9gr5iI=
3,-7,9mWW+zbfzkGgS7NuTzUCfB1CPY4=,ddXYLc2YevJI3g7tEJiy4/KGXUE=
4,-2,9mWW+zbfzkGgS7NuTzUCfB1CPY4=,MpzWK8OB9D8v2gqh2VxsKTTqN04=
4,-3,9mWW+zbfzkGgS7NuTzUCfB1CPY4=,S64fwocJkNjn28xzOhmQK2H1BFU=
1,-4,PDFZc4BJLErfXpBBrkcY/Es14Ro=,qb4aSH/dD+Z9+1B+QVIoBPmKk88=
2,-4,PDFZc4BJLErfXpBBrkcY/Es14Ro=,jUWJA3vLTowcwtDNSyqwt9Q7Zpg=
2,-5,PDFZc4BJLErfXpBBrkcY/Es14Ro=,Ytw6MNjboWx7YDKx5M/Yb9gr5iI=
1,-5,PDFZc4BJLErfXpBBrkcY/Es14Ro=,oX46LjRzarH2IV4fIn2Gg7RZRHg=
0,-5,PDFZc4BJLErfXpBBrkcY/Es14Ro=,oX46LjRzarH2IV4fIn2Gg7RZRHg=
0,-4,PDFZc4BJLErfXpBBrkcY/Es14Ro=,qb4aSH/dD+Z9+1B+QVIoBPmKk88=
2,-7,fy0kCOuYOdmcivRookUbCKBix1A=,ddXYLc2YevJI3g7tEJiy4/KGXUE=
1,-7,fy0kCOuYOdmcivRookUbCKBix1A=,vezzvLsYTiyhOu4SH7kqOQuFfiA=
2,-6,fy0kCOuYOdmcivRookUbCKBix1A=,Ytw6MNjboWx7YDKx5M/Yb9gr5iI=
1,-6,fy0kCOuYOdmcivRookUbCKBix1A=,oX46LjRzarH2IV4fIn2Gg7RZRHg=
1,-8,fy0kCOuYOdmcivRookUbCKBix1A=,vezzvLsYTiyhOu4SH7kqOQuFfiA=
2,-9,fy0kCOuYOdmcivRookUbCKBix1A=,fbBbALdXSSTO9V/poGP5lmOaEm4=
2,-8,fy0kCOuYOdmcivRookUbCKBix1A=,ddXYLc2YevJI3g7tEJiy4/KGXUE=
4,-9,fy0kCOuYOdmcivRookUbCKBix1A=,vJUwM31t4MhUmHomPI/J7rfK7GI=
3,-8,fy0kCOuYOdmcivRookUbCKBix1A=,ddXYLc2YevJI3g7tEJiy4/KGXUE=
3,-9,fy0kCOuYOdmcivRookUbCKBix1A=,fbBbALdXSSTO9V/poGP5lmOaEm4=
4,-8,fy0kCOuYOdmcivRookUbCKBix1A=,oCQLU07ssbmto06Cjl96J8PHLCY=
5,-9,j4D40wnZrJUEkZSjZS5dW4dhqic=,vJUwM31t4MhUmHomPI/J7rfK7GI=
5,-8,j4D40wnZrJUEkZSjZS5dW4dhqic=,oCQLU07ssbmto06Cjl96J8PHLCY=
6,-8,j4D40wnZrJUEkZSjZS5dW4dhqic=,td14PuHfB5r8x5yjpEJyHyv+A5w=
6,-9,j4D40wnZrJUEkZSjZS5dW4dhqic=,vfFh0NcwIIc8J6mY9rPqx/Jdfvk=
1,-3,j4D40wnZrJUEkZSjZS5dW4dhqic=,qb4aSH/dD+Z9+1B+QVIoBPmKk88=
1,-2,j4D40wnZrJUEkZSjZS5dW4dhqic=,bLNFvfaTpPHRqg1OL1Bty/wPl68=
2,-3,j4D40wnZrJUEkZSjZS5dW4dhqic=,jUWJA3vLTowcwtDNSyqwt9Q7Zpg=
2,-2,j4D40wnZrJUEkZSjZS5dW4dhqic=,bwHeYS8ZCEyjCGkCi8p0wfC0xXc=
7,-9,zd89ORrYoRaeJyRgH53hDH1TRjE=,vfFh0NcwIIc8J6mY9rPqx/Jdfvk=
7,-8,zd89ORrYoRaeJyRgH53hDH1TRjE=,td14PuHfB5r8x5yjpEJyHyv+A5w=
8,-9,zd89ORrYoRaeJyRgH53hDH1TRjE=,tAYSG+eEovJUOJ1F+TmCYUnqn3I=
10,-8,zd89ORrYoRaeJyRgH53hDH1TRjE=,catMRzjbk3q7mW/dOsSqiSxUdLM=
9,-8,zd89ORrYoRaeJyRgH53hDH1TRjE=,+tlK50EJcfwGF+2N5KASH9tK5T0=
8,-8,zd89ORrYoRaeJyRgH53hDH1TRjE=,+tlK50EJcfwGF+2N5KASH9tK5T0=
9,-9,zd89ORrYoRaeJyRgH53hDH1TRjE=,tAYSG+eEovJUOJ1F+TmCYUnqn3I=
10,-9,zd89ORrYoRaeJyRgH53hDH1TRjE=,R0YXFR/4/J7EXrPjMPW7RVy5a6E=
7,-10,zd89ORrYoRaeJyRgH53hDH1TRjE=,vfFh0NcwIIc8J6mY9rPqx/Jdfvk=
8,-10,9KKn9n8ryZchcfvtFVn1eQOBK2E=,tAYSG+eEovJUOJ1F+TmCYUnqn3I=
8,-11,9KKn9n8ryZchcfvtFVn1eQOBK2E=,Htgm7Oyke6xobBmp1FvE+Uvu3vY=
7,-11,9KKn9n8ryZchcfvtFVn1eQOBK2E=,Ob3HwmdYgHv1JeBe8DLCAKFZPWQ=
10,-12,uNXeDnXBlS/3+O4YIzO8zGi4PVQ=,GHb0obi/XWqj90hRoLk2yE7KE+g=
10,-13,uNXeDnXBlS/3+O4YIzO8zGi4PVQ=,gw10LcVDnPleNnPUo4cAyoaxcDc=
9,-13,uNXeDnXBlS/3+O4YIzO8zGi4PVQ=,Vu7K4BOOWlBnuColwZarvOpxW0U=
9,-11,uNXeDnXBlS/3+O4YIzO8zGi4PVQ=,Htgm7Oyke6xobBmp1FvE+Uvu3vY=
10,-11,uNXeDnXBlS/3+O4YIzO8zGi4PVQ=,GHb0obi/XWqj90hRoLk2yE7KE+g=
9,-10,uNXeDnXBlS/3+O4YIzO8zGi4PVQ=,tAYSG+eEovJUOJ1F+TmCYUnqn3I=
10,-10,uNXeDnXBlS/3+O4YIzO8zGi4PVQ=,R0YXFR/4/J7EXrPjMPW7RVy5a6E=
9,-12,uNXeDnXBlS/3+O4YIzO8zGi4PVQ=,Htgm7Oyke6xobBmp1FvE+Uvu3vY=
11,-13,st4dNfDBK/OnTY9rzoPkeKGMy6E=,gw10LcVDnPleNnPUo4cAyoaxcDc=
12,-13,st4dNfDBK/OnTY9rzoPkeKGMy6E=,UtXpZsgXxKpdRtr21hmwYQwswz4=
12,-11,st4dNfDBK/OnTY9rzoPkeKGMy6E=,ekt5dt85WOyggacXCM7pO0DS7ic=
11,-11,st4dNfDBK/OnTY9rzoPkeKGMy6E=,GHb0obi/XWqj90hRoLk2yE7KE+g=
12,-10,st4dNfDBK/OnTY9rzoPkeKGMy6E=,a2f9rkfOLJRCcMutYK0jA27dmSU=
11,-12,st4dNfDBK/OnTY9rzoPkeKGMy6E=,GHb0obi/XWqj90hRoLk2yE7KE+g=
12,-12,st4dNfDBK/OnTY9rzoPkeKGMy6E=,ekt5dt85WOyggacXCM7pO0DS7ic=
11,-10,st4dNfDBK/OnTY9rzoPkeKGMy6E=,R0YXFR/4/J7EXrPjMPW7RVy5a6E=
13,-13,st4dNfDBK/OnTY9rzoPkeKGMy6E=,UtXpZsgXxKpdRtr21hmwYQwswz4=
13,-11,st4dNfDBK/OnTY9rzoPkeKGMy6E=,ekt5dt85WOyggacXCM7pO0DS7ic=
13,-10,st4dNfDBK/OnTY9rzoPkeKGMy6E=,a2f9rkfOLJRCcMutYK0jA27dmSU=
14,-13,st4dNfDBK/OnTY9rzoPkeKGMy6E=,tbKN30IWIt+Dy7G7MV0f1PErKoU=
13,-12,st4dNfDBK/OnTY9rzoPkeKGMy6E=,ekt5dt85WOyggacXCM7pO0DS7ic=
14,-12,st4dNfDBK/OnTY9rzoPkeKGMy6E=,bWD61X0nvjOnqtELDA2haDf8slI=
14,-11,st4dNfDBK/OnTY9rzoPkeKGMy6E=,bWD61X0nvjOnqtELDA2haDf8slI=
14,-10,st4dNfDBK/OnTY9rzoPkeKGMy6E=,Qxl3rmVt1zgVhgYmcozfNetrpek=
10,-15,st4dNfDBK/OnTY9rzoPkeKGMy6E=,QpHZL6R9zBIgb1Zy2xlssGL//f0=
9,-15,st4dNfDBK/OnTY9rzoPkeKGMy6E=,vm/fPR3vNogHBatTly3fBKR9QMA=
9,-14,st4dNfDBK/OnTY9rzoPkeKGMy6E=,Vu7K4BOOWlBnuColwZarvOpxW0U=
10,-14,st4dNfDBK/OnTY9rzoPkeKGMy6E=,gw10LcVDnPleNnPUo4cAyoaxcDc=
14,-15,st4dNfDBK/OnTY9rzoPkeKGMy6E=,92Z8gXJ8uzapMQNmKu/ffnK5x78=
11,-15,st4dNfDBK/OnTY9rzoPkeKGMy6E=,QpHZL6R9zBIgb1Zy2xlssGL//f0=
14,-14,st4dNfDBK/OnTY9rzoPkeKGMy6E=,tbKN30IWIt+Dy7G7MV0f1PErKoU=
12,-14,st4dNfDBK/OnTY9rzoPkeKGMy6E=,UtXpZsgXxKpdRtr21hmwYQwswz4=
13,-15,st4dNfDBK/OnTY9rzoPkeKGMy6E=,RW7uAUAkGui6bJ2SKkRVuKp/Qwo=
11,-14,st4dNfDBK/OnTY9rzoPkeKGMy6E=,gw10LcVDnPleNnPUo4cAyoaxcDc=
12,-15,st4dNfDBK/OnTY9rzoPkeKGMy6E=,RW7uAUAkGui6bJ2SKkRVuKp/Qwo=
13,-14,st4dNfDBK/OnTY9rzoPkeKGMy6E=,UtXpZsgXxKpdRtr21hmwYQwswz4=
5,-10,99bU6Hf61g4w2/v1z0eHNJW8EUM=,vJUwM31t4MhUmHomPI/J7rfK7GI=
5,-11,99bU6Hf61g4w2/v1z0eHNJW8EUM=,yvO8sxvA+UcfRnpCQ4yAdRMmOIc=
6,-11,99bU6Hf61g4w2/v1z0eHNJW8EUM=,Ob3HwmdYgHv1JeBe8DLCAKFZPWQ=
6,-10,99bU6Hf61g4w2/v1z0eHNJW8EUM=,vfFh0NcwIIc8J6mY9rPqx/Jdfvk=
3,-15,99bU6Hf61g4w2/v1z0eHNJW8EUM=,e0jOefwK5vMcnzUxpTmrf5uvjLc=
4,-15,5bigsapo1GK/KNG13Opv09M2KSE=,VZY1vUINkr7ur9KfDyziZdZiA1A=
4,-14,5bigsapo1GK/KNG13Opv09M2KSE=,gfM2fJXBP8Hv3tYCkg2WkKN23Ho=
3,-14,5bigsapo1GK/KNG13Opv09M2KSE=,pKGhynUOYSCIMsbRQ6Q2K3VcWug=
7,-15,5bigsapo1GK/KNG13Opv09M2KSE=,Xa0O2FAmRiI2KtweNVLWqlQzoUA=
6,-15,5bigsapo1GK/KNG13Opv09M2KSE=,Xa0O2FAmRiI2KtweNVLWqlQzoUA=
7,-13,5bigsapo1GK/KNG13Opv09M2KSE=,YONJ3IDYSL8X1bjkXyF8gTz4jK0=
5,-13,5bigsapo1GK/KNG13Opv09M2KSE=,gfM2fJXBP8Hv3tYCkg2WkKN23Ho=
3,-11,5bigsapo1GK/KNG13Opv09M2KSE=,DAJD2HIUyHiwy73dA+XNezg0GXQ=
2,-11,5bigsapo1GK/KNG13Opv09M2KSE=,DAJD2HIUyHiwy73dA+XNezg0GXQ=
2,-10,5bigsapo1GK/KNG13Opv09M2KSE=,fbBbALdXSSTO9V/poGP5lmOaEm4=
8,-13,5bigsapo1GK/KNG13Opv09M2KSE=,Vu7K4BOOWlBnuColwZarvOpxW0U=
3,-12,5bigsapo1GK/KNG13Opv09M2KSE=,DAJD2HIUyHiwy73dA+XNezg0GXQ=
4,-12,5bigsapo1GK/KNG13Opv09M2KSE=,yvO8sxvA+UcfRnpCQ4yAdRMmOIc=
6,-14,5bigsapo1GK/KNG13Opv09M2KSE=,YONJ3IDYSL8X1bjkXyF8gTz4jK0=
7,-14,5bigsapo1GK/KNG13Opv09M2KSE=,YONJ3IDYSL8X1bjkXyF8gTz4jK0=
8,-15,5bigsapo1GK/KNG13Opv09M2KSE=,vm/fPR3vNogHBatTly3fBKR9QMA=
5,-14,5bigsapo1GK/KNG13Opv09M2KSE=,gfM2fJXBP8Hv3tYCkg2WkKN23Ho=
3,-10,5bigsapo1GK/KNG13Opv09M2KSE=,fbBbALdXSSTO9V/poGP5lmOaEm4=
7,-12,5bigsapo1GK/KNG13Opv09M2KSE=,Ob3HwmdYgHv1JeBe8DLCAKFZPWQ=
6,-13,5bigsapo1GK/KNG13Opv09M2KSE=,YONJ3IDYSL8X1bjkXyF8gTz4jK0=
6,-12,5bigsapo1GK/KNG13Opv09M2KSE=,Ob3HwmdYgHv1JeBe8DLCAKFZPWQ=
5,-15,5bigsapo1GK/KNG13Opv09M2KSE=,VZY1vUINkr7ur9KfDyziZdZiA1A=
1,-13,5bigsapo1GK/KNG13Opv09M2KSE=,jxdNli6GTEei1Hm9RvPVncIr0WI=
1,-15,5bigsapo1GK/KNG13Opv09M2KSE=,mV9I/UDFca3NRvpSCdqtZus2F9E=
1,-14,5bigsapo1GK/KNG13Opv09M2KSE=,jxdNli6GTEei1Hm9RvPVncIr0WI=
2,-12,5bigsapo1GK/KNG13Opv09M2KSE=,DAJD2HIUyHiwy73dA+XNezg0GXQ=
2,-15,5bigsapo1GK/KNG13Opv09M2KSE=,e0jOefwK5vMcnzUxpTmrf5uvjLc=
2,-13,5bigsapo1GK/KNG13Opv09M2KSE=,pKGhynUOYSCIMsbRQ6Q2K3VcWug=
2,-14,5bigsapo1GK/KNG13Opv09M2KSE=,pKGhynUOYSCIMsbRQ6Q2K3VcWug=
3,-13,5bigsapo1GK/KNG13Opv09M2KSE=,pKGhynUOYSCIMsbRQ6Q2K3VcWug=
4,-11,5bigsapo1GK/KNG13Opv09M2KSE=,yvO8sxvA+UcfRnpCQ4yAdRMmOIc=
4,-13,5bigsapo1GK/KNG13Opv09M2KSE=,gfM2fJXBP8Hv3tYCkg2WkKN23Ho=
5,-12,5bigsapo1GK/KNG13Opv09M2KSE=,yvO8sxvA+UcfRnpCQ4yAdRMmOIc=
4,-10,5bigsapo1GK/KNG13Opv09M2KSE=,vJUwM31t4MhUmHomPI/J7rfK7GI=
8,-12,5bigsapo1GK/KNG13Opv09M2KSE=,Htgm7Oyke6xobBmp1FvE+Uvu3vY=
8,-14,5bigsapo1GK/KNG13Opv09M2KSE=,Vu7K4BOOWlBnuColwZarvOpxW0U=
0,-15,5bigsapo1GK/KNG13Opv09M2KSE=,mV9I/UDFca3NRvpSCdqtZus2F9E=
0,-14,5bigsapo1GK/KNG13Opv09M2KSE=,jxdNli6GTEei1Hm9RvPVncIr0WI=
15,-10,5bigsapo1GK/KNG13Opv09M2KSE=,Qxl3rmVt1zgVhgYmcozfNetrpek=
15,-11,5bigsapo1GK/KNG13Opv09M2KSE=,bWD61X0nvjOnqtELDA2haDf8slI=
15,-12,5bigsapo1GK/KNG13Opv09M2KSE=,bWD61X0nvjOnqtELDA2haDf8slI=
15,-9,5bigsapo1GK/KNG13Opv09M2KSE=,Qxl3rmVt1zgVhgYmcozfNetrpek=
15,-13,5bigsapo1GK/KNG13Opv09M2KSE=,tbKN30IWIt+Dy7G7MV0f1PErKoU=
15,-8,5bigsapo1GK/KNG13Opv09M2KSE=,aLQjhVMXLMuk/7Ez5/RWRYKiotU=
15,-14,8sAnPTPUyBhTjAEbDF6872IAjTk=,tbKN30IWIt+Dy7G7MV0f1PErKoU=
15,-15,8sAnPTPUyBhTjAEbDF6872IAjTk=,92Z8gXJ8uzapMQNmKu/ffnK5x78=
15,-7,8sAnPTPUyBhTjAEbDF6872IAjTk=,aLQjhVMXLMuk/7Ez5/RWRYKiotU=
15,-6,8sAnPTPUyBhTjAEbDF6872IAjTk=,bmXl0AdLRQMECQkhR4QE4NnylrI=
15,-3,8sAnPTPUyBhTjAEbDF6872IAjTk=,vAoxxCpPAERmvp7yN34pYUqje8Q=
15,-2,8sAnPTPUyBhTjAEbDF6872IAjTk=,sBQKq6nZcGrmpNaQO8VcTzt29KE=
15,-4,8sAnPTPUyBhTjAEbDF6872IAjTk=,vAoxxCpPAERmvp7yN34pYUqje8Q=
15,-5,8sAnPTPUyBhTjAEbDF6872IAjTk=,bmXl0AdLRQMECQkhR4QE4NnylrI=
11,-1,8sAnPTPUyBhTjAEbDF6872IAjTk=,RkanN3SNA3yojuzkHsD/KKUunLY=
12,-1,8sAnPTPUyBhTjAEbDF6872IAjTk=,R8uJPNrR5inALbz8qRVKA34JrV0=
13,-1,8sAnPTPUyBhTjAEbDF6872IAjTk=,R8uJPNrR5inALbz8qRVKA34JrV0=
14,-1,8sAnPTPUyBhTjAEbDF6872IAjTk=,sBQKq6nZcGrmpNaQO8VcTzt29KE=
7,-1,8sAnPTPUyBhTjAEbDF6872IAjTk=,Z7WWdi1ojTMusHFhfx92ZCZSmVc=
8,-1,8sAnPTPUyBhTjAEbDF6872IAjTk=,bdfN+GDw3om1VApLffv5+1yRtUs=
10,-1,8sAnPTPUyBhTjAEbDF6872IAjTk=,RkanN3SNA3yojuzkHsD/KKUunLY=
9,-1,8sAnPTPUyBhTjAEbDF6872IAjTk=,bdfN+GDw3om1VApLffv5+1yRtUs=
6,-1,8sAnPTPUyBhTjAEbDF6872IAjTk=,Z7WWdi1ojTMusHFhfx92ZCZSmVc=
5,-1,8sAnPTPUyBhTjAEbDF6872IAjTk=,MpzWK8OB9D8v2gqh2VxsKTTqN04=
4,-1,8sAnPTPUyBhTjAEbDF6872IAjTk=,MpzWK8OB9D8v2gqh2VxsKTTqN04=
3,-1,8sAnPTPUyBhTjAEbDF6872IAjTk=,bwHeYS8ZCEyjCGkCi8p0wfC0xXc=
1,-1,8sAnPTPUyBhTjAEbDF6872IAjTk=,bLNFvfaTpPHRqg1OL1Bty/wPl68=
2,-1,8sAnPTPUyBhTjAEbDF6872IAjTk=,bwHeYS8ZCEyjCGkCi8p0wfC0xXc=
8,-16,8sAnPTPUyBhTjAEbDF6872IAjTk=,vm/fPR3vNogHBatTly3fBKR9QMA=
7,-16,8sAnPTPUyBhTjAEbDF6872IAjTk=,Xa0O2FAmRiI2KtweNVLWqlQzoUA=
5,-16,8sAnPTPUyBhTjAEbDF6872IAjTk=,VZY1vUINkr7ur9KfDyziZdZiA1A=
6,-16,8sAnPTPUyBhTjAEbDF6872IAjTk=,Xa0O2FAmRiI2KtweNVLWqlQzoUA=
0,-3,hxqxzqE+d/VMom6PAmNlyd960ds=,qb4aSH/dD+Z9+1B+QVIoBPmKk88=
0,-1,hxqxzqE+d/VMom6PAmNlyd960ds=,bLNFvfaTpPHRqg1OL1Bty/wPl68=
10,-16,hxqxzqE+d/VMom6PAmNlyd960ds=,QpHZL6R9zBIgb1Zy2xlssGL//f0=
14,-16,hxqxzqE+d/VMom6PAmNlyd960ds=,92Z8gXJ8uzapMQNmKu/ffnK5x78=
0,-2,hxqxzqE+d/VMom6PAmNlyd960ds=,bLNFvfaTpPHRqg1OL1Bty/wPl68=
15,-1,hxqxzqE+d/VMom6PAmNlyd960ds=,sBQKq6nZcGrmpNaQO8VcTzt29KE=
9,-16,hxqxzqE+d/VMom6PAmNlyd960ds=,vm/fPR3vNogHBatTly3fBKR9QMA=
13,-16,hxqxzqE+d/VMom6PAmNlyd960ds=,RW7uAUAkGui6bJ2SKkRVuKp/Qwo=
11,-16,hxqxzqE+d/VMom6PAmNlyd960ds=,QpHZL6R9zBIgb1Zy2xlssGL//f0=
15,-16,hxqxzqE+d/VMom6PAmNlyd960ds=,92Z8gXJ8uzapMQNmKu/ffnK5x78=
12,-16,hxqxzqE+d/VMom6PAmNlyd960ds=,RW7uAUAkGui6bJ2SKkRVuKp/Qwo=
1,-16,hxqxzqE+d/VMom6PAmNlyd960ds=,mV9I/UDFca3NRvpSCdqtZus2F9E=
3,-16,hxqxzqE+d/VMom6PAmNlyd960ds=,e0jOefwK5vMcnzUxpTmrf5uvjLc=
2,-16,hxqxzqE+d/VMom6PAmNlyd960ds=,e0jOefwK5vMcnzUxpTmrf5uvjLc=
0,-16,hxqxzqE+d/VMom6PAmNlyd960ds=,mV9I/UDFca3NRvpSCdqtZus2F9E=
0,-13,hxqxzqE+d/VMom6PAmNlyd960ds=,jxdNli6GTEei1Hm9RvPVncIr0WI=
4,-16,hxqxzqE+d/VMom6PAmNlyd960ds=,VZY1vUINkr7ur9KfDyziZdZiA1A=
0,-8,hxqxzqE+d/VMom6PAmNlyd960ds=,vezzvLsYTiyhOu4SH7kqOQuFfiA=
0,-6,hxqxzqE+d/VMom6PAmNlyd960ds=,oX46LjRzarH2IV4fIn2Gg7RZRHg=
0,-7,hxqxzqE+d/VMom6PAmNlyd960ds=,vezzvLsYTiyhOu4SH7kqOQuFfiA=
