-16,-47,ToQ+kuq0Uxn5W2+vhAm6150qxxk=,Xiyv4t6FMNws836zJRsf1RKy3tQ=
-9,-42,ToQ+kuq0Uxn5W2+vhAm6150qxxk=,Xiyv4t6FMNws836zJRsf1RKy3tQ=
-10,-42,ToQ+kuq0Uxn5W2+vhAm6150qxxk=,Xiyv4t6FMNws836zJRsf1RKy3tQ=
-11,-42,ToQ+kuq0Uxn5W2+vhAm6150qxxk=,Xiyv4t6FMNws836zJRsf1RKy3tQ=
-13,-42,ToQ+kuq0Uxn5W2+vhAm6150qxxk=,Xiyv4t6FMNws836zJRsf1RKy3tQ=
-12,-42,ToQ+kuq0Uxn5W2+vhAm6150qxxk=,Xiyv4t6FMNws836zJRsf1RKy3tQ=
-14,-42,ToQ+kuq0Uxn5W2+vhAm6150qxxk=,Xiyv4t6FMNws836zJRsf1RKy3tQ=
-15,-42,ToQ+kuq0Uxn5W2+vhAm6150qxxk=,Xiyv4t6FMNws836zJRsf1RKy3tQ=
-16,-42,ToQ+kuq0Uxn5W2+vhAm6150qxxk=,Xiyv4t6FMNws836zJRsf1RKy3tQ=
-9,-43,ToQ+kuq0Uxn5W2+vhAm6150qxxk=,Xiyv4t6FMNws836zJRsf1RKy3tQ=
-10,-43,ToQ+kuq0Uxn5W2+vhAm6150qxxk=,Xiyv4t6FMNws836zJRsf1RKy3tQ=
-11,-43,ToQ+kuq0Uxn5W2+vhAm6150qxxk=,Xiyv4t6FMNws836zJRsf1RKy3tQ=
-12,-43,ToQ+kuq0Uxn5W2+vhAm6150qxxk=,Xiyv4t6FMNws836zJRsf1RKy3tQ=
-13,-43,ToQ+kuq0Uxn5W2+vhAm6150qxxk=,Xiyv4t6FMNws836zJRsf1RKy3tQ=
-14,-43,ToQ+kuq0Uxn5W2+vhAm6150qxxk=,Xiyv4t6FMNws836zJRsf1RKy3tQ=
-15,-43,ToQ+kuq0Uxn5W2+vhAm6150qxxk=,Xiyv4t6FMNws836zJRsf1RKy3tQ=
-16,-43,ToQ+kuq0Uxn5W2+vhAm6150qxxk=,Xiyv4t6FMNws836zJRsf1RKy3tQ=
-9,-44,ToQ+kuq0Uxn5W2+vhAm6150qxxk=,Xiyv4t6FMNws836zJRsf1RKy3tQ=
-10,-44,ToQ+kuq0Uxn5W2+vhAm6150qxxk=,Xiyv4t6FMNws836zJRsf1RKy3tQ=
-11,-44,ToQ+kuq0Uxn5W2+vhAm6150qxxk=,Xiyv4t6FMNws836zJRsf1RKy3tQ=
-15,-48,ToQ+kuq0Uxn5W2+vhAm6150qxxk=,Xiyv4t6FMNws836zJRsf1RKy3tQ=
-14,-48,ToQ+kuq0Uxn5W2+vhAm6150qxxk=,Xiyv4t6FMNws836zJRsf1RKy3tQ=
-13,-48,ToQ+kuq0Uxn5W2+vhAm6150qxxk=,Xiyv4t6FMNws836zJRsf1RKy3tQ=
-12,-48,ToQ+kuq0Uxn5W2+vhAm6150qxxk=,Xiyv4t6FMNws836zJRsf1RKy3tQ=
-11,-48,ToQ+kuq0Uxn5W2+vhAm6150qxxk=,Xiyv4t6FMNws836zJRsf1RKy3tQ=
-10,-48,ToQ+kuq0Uxn5W2+vhAm6150qxxk=,Xiyv4t6FMNws836zJRsf1RKy3tQ=
-12,-44,ToQ+kuq0Uxn5W2+vhAm6150qxxk=,Xiyv4t6FMNws836zJRsf1RKy3tQ=
-13,-44,ToQ+kuq0Uxn5W2+vhAm6150qxxk=,Xiyv4t6FMNws836zJRsf1RKy3tQ=
-14,-44,ToQ+kuq0Uxn5W2+vhAm6150qxxk=,Xiyv4t6FMNws836zJRsf1RKy3tQ=
-15,-44,ToQ+kuq0Uxn5W2+vhAm6150qxxk=,Xiyv4t6FMNws836zJRsf1RKy3tQ=
-16,-44,ToQ+kuq0Uxn5W2+vhAm6150qxxk=,Xiyv4t6FMNws836zJRsf1RKy3tQ=
-9,-45,ToQ+kuq0Uxn5W2+vhAm6150qxxk=,Xiyv4t6FMNws836zJRsf1RKy3tQ=
-10,-45,ToQ+kuq0Uxn5W2+vhAm6150qxxk=,Xiyv4t6FMNws836zJRsf1RKy3tQ=
-11,-45,ToQ+kuq0Uxn5W2+vhAm6150qxxk=,Xiyv4t6FMNws836zJRsf1RKy3tQ=
-12,-45,ToQ+kuq0Uxn5W2+vhAm6150qxxk=,Xiyv4t6FMNws836zJRsf1RKy3tQ=
-13,-45,ToQ+kuq0Uxn5W2+vhAm6150qxxk=,Xiyv4t6FMNws836zJRsf1RKy3tQ=
-14,-45,ToQ+kuq0Uxn5W2+vhAm6150qxxk=,Xiyv4t6FMNws836zJRsf1RKy3tQ=
-15,-45,ToQ+kuq0Uxn5W2+vhAm6150qxxk=,Xiyv4t6FMNws836zJRsf1RKy3tQ=
-9,-46,ToQ+kuq0Uxn5W2+vhAm6150qxxk=,Xiyv4t6FMNws836zJRsf1RKy3tQ=
-16,-45,ToQ+kuq0Uxn5W2+vhAm6150qxxk=,Xiyv4t6FMNws836zJRsf1RKy3tQ=
-10,-46,ToQ+kuq0Uxn5W2+vhAm6150qxxk=,Xiyv4t6FMNws836zJRsf1RKy3tQ=
-11,-46,ToQ+kuq0Uxn5W2+vhAm6150qxxk=,Xiyv4t6FMNws836zJRsf1RKy3tQ=
-12,-46,ToQ+kuq0Uxn5W2+vhAm6150qxxk=,Xiyv4t6FMNws836zJRsf1RKy3tQ=
-13,-46,ToQ+kuq0Uxn5W2+vhAm6150qxxk=,Xiyv4t6FMNws836zJRsf1RKy3tQ=
-14,-46,ToQ+kuq0Uxn5W2+vhAm6150qxxk=,Xiyv4t6FMNws836zJRsf1RKy3tQ=
-15,-46,ToQ+kuq0Uxn5W2+vhAm6150qxxk=,Xiyv4t6FMNws836zJRsf1RKy3tQ=
-16,-46,ToQ+kuq0Uxn5W2+vhAm6150qxxk=,Xiyv4t6FMNws836zJRsf1RKy3tQ=
-9,-47,ToQ+kuq0Uxn5W2+vhAm6150qxxk=,Xiyv4t6FMNws836zJRsf1RKy3tQ=
-10,-47,ToQ+kuq0Uxn5W2+vhAm6150qxxk=,Xiyv4t6FMNws836zJRsf1RKy3tQ=
-11,-47,ToQ+kuq0Uxn5W2+vhAm6150qxxk=,Xiyv4t6FMNws836zJRsf1RKy3tQ=
-12,-47,ToQ+kuq0Uxn5W2+vhAm6150qxxk=,Xiyv4t6FMNws836zJRsf1RKy3tQ=
-13,-47,ToQ+kuq0Uxn5W2+vhAm6150qxxk=,Xiyv4t6FMNws836zJRsf1RKy3tQ=
-14,-47,ToQ+kuq0Uxn5W2+vhAm6150qxxk=,Xiyv4t6FMNws836zJRsf1RKy3tQ=
-15,-47,ToQ+kuq0Uxn5W2+vhAm6150qxxk=,Xiyv4t6FMNws836zJRsf1RKy3tQ=
-12,-41,ToQ+kuq0Uxn5W2+vhAm6150qxxk=,Xiyv4t6FMNws836zJRsf1RKy3tQ=
-11,-41,ToQ+kuq0Uxn5W2+vhAm6150qxxk=,Xiyv4t6FMNws836zJRsf1RKy3tQ=
-10,-41,ToQ+kuq0Uxn5W2+vhAm6150qxxk=,Xiyv4t6FMNws836zJRsf1RKy3tQ=
-12,-35,ToQ+kuq0Uxn5W2+vhAm6150qxxk=,hyz7ADS7ml5EPpw6e6lTDOEE11g=
-11,-35,ToQ+kuq0Uxn5W2+vhAm6150qxxk=,hyz7ADS7ml5EPpw6e6lTDOEE11g=
-16,-40,ToQ+kuq0Uxn5W2+vhAm6150qxxk=,hyz7ADS7ml5EPpw6e6lTDOEE11g=
-15,-40,ToQ+kuq0Uxn5W2+vhAm6150qxxk=,hyz7ADS7ml5EPpw6e6lTDOEE11g=
-13,-35,ToQ+kuq0Uxn5W2+vhAm6150qxxk=,hyz7ADS7ml5EPpw6e6lTDOEE11g=
-14,-35,ToQ+kuq0Uxn5W2+vhAm6150qxxk=,hyz7ADS7ml5EPpw6e6lTDOEE11g=
-13,-41,ToQ+kuq0Uxn5W2+vhAm6150qxxk=,Xiyv4t6FMNws836zJRsf1RKy3tQ=
-14,-41,ToQ+kuq0Uxn5W2+vhAm6150qxxk=,Xiyv4t6FMNws836zJRsf1RKy3tQ=
-15,-35,ToQ+kuq0Uxn5W2+vhAm6150qxxk=,hyz7ADS7ml5EPpw6e6lTDOEE11g=
-15,-41,ToQ+kuq0Uxn5W2+vhAm6150qxxk=,Xiyv4t6FMNws836zJRsf1RKy3tQ=
-16,-41,ToQ+kuq0Uxn5W2+vhAm6150qxxk=,Xiyv4t6FMNws836zJRsf1RKy3tQ=
-16,-35,ToQ+kuq0Uxn5W2+vhAm6150qxxk=,hyz7ADS7ml5EPpw6e6lTDOEE11g=
-11,-36,ToQ+kuq0Uxn5W2+vhAm6150qxxk=,hyz7ADS7ml5EPpw6e6lTDOEE11g=
-14,-40,ToQ+kuq0Uxn5W2+vhAm6150qxxk=,hyz7ADS7ml5EPpw6e6lTDOEE11g=
-13,-40,ToQ+kuq0Uxn5W2+vhAm6150qxxk=,hyz7ADS7ml5EPpw6e6lTDOEE11g=
-10,-35,ToQ+kuq0Uxn5W2+vhAm6150qxxk=,hyz7ADS7ml5EPpw6e6lTDOEE11g=
-16,-34,ToQ+kuq0Uxn5W2+vhAm6150qxxk=,hyz7ADS7ml5EPpw6e6lTDOEE11g=
-12,-40,ToQ+kuq0Uxn5W2+vhAm6150qxxk=,hyz7ADS7ml5EPpw6e6lTDOEE11g=
-11,-40,ToQ+kuq0Uxn5W2+vhAm6150qxxk=,hyz7ADS7ml5EPpw6e6lTDOEE11g=
-10,-40,ToQ+kuq0Uxn5W2+vhAm6150qxxk=,hyz7ADS7ml5EPpw6e6lTDOEE11g=
-15,-34,ToQ+kuq0Uxn5W2+vhAm6150qxxk=,hyz7ADS7ml5EPpw6e6lTDOEE11g=
-16,-39,ToQ+kuq0Uxn5W2+vhAm6150qxxk=,hyz7ADS7ml5EPpw6e6lTDOEE11g=
-15,-39,ToQ+kuq0Uxn5W2+vhAm6150qxxk=,hyz7ADS7ml5EPpw6e6lTDOEE11g=
-10,-36,ToQ+kuq0Uxn5W2+vhAm6150qxxk=,hyz7ADS7ml5EPpw6e6lTDOEE11g=
-12,-36,ToQ+kuq0Uxn5W2+vhAm6150qxxk=,hyz7ADS7ml5EPpw6e6lTDOEE11g=
-14,-34,ToQ+kuq0Uxn5W2+vhAm6150qxxk=,hyz7ADS7ml5EPpw6e6lTDOEE11g=
-13,-39,ToQ+kuq0Uxn5W2+vhAm6150qxxk=,hyz7ADS7ml5EPpw6e6lTDOEE11g=
-12,-39,ToQ+kuq0Uxn5W2+vhAm6150qxxk=,hyz7ADS7ml5EPpw6e6lTDOEE11g=
-14,-39,ToQ+kuq0Uxn5W2+vhAm6150qxxk=,hyz7ADS7ml5EPpw6e6lTDOEE11g=
-13,-36,ToQ+kuq0Uxn5W2+vhAm6150qxxk=,hyz7ADS7ml5EPpw6e6lTDOEE11g=
-14,-36,ToQ+kuq0Uxn5W2+vhAm6150qxxk=,hyz7ADS7ml5EPpw6e6lTDOEE11g=
-15,-36,ToQ+kuq0Uxn5W2+vhAm6150qxxk=,hyz7ADS7ml5EPpw6e6lTDOEE11g=
-13,-34,ToQ+kuq0Uxn5W2+vhAm6150qxxk=,hyz7ADS7ml5EPpw6e6lTDOEE11g=
-11,-39,ToQ+kuq0Uxn5W2+vhAm6150qxxk=,hyz7ADS7ml5EPpw6e6lTDOEE11g=
-10,-39,ToQ+kuq0Uxn5W2+vhAm6150qxxk=,hyz7ADS7ml5EPpw6e6lTDOEE11g=
-10,-37,ToQ+kuq0Uxn5W2+vhAm6150qxxk=,hyz7ADS7ml5EPpw6e6lTDOEE11g=
-11,-37,ToQ+kuq0Uxn5W2+vhAm6150qxxk=,hyz7ADS7ml5EPpw6e6lTDOEE11g=
-16,-36,ToQ+kuq0Uxn5W2+vhAm6150qxxk=,hyz7ADS7ml5EPpw6e6lTDOEE11g=
-12,-34,ToQ+kuq0Uxn5W2+vhAm6150qxxk=,hyz7ADS7ml5EPpw6e6lTDOEE11g=
-15,-38,ToQ+kuq0Uxn5W2+vhAm6150qxxk=,hyz7ADS7ml5EPpw6e6lTDOEE11g=
-10,-33,ToQ+kuq0Uxn5W2+vhAm6150qxxk=,hyz7ADS7ml5EPpw6e6lTDOEE11g=
-11,-33,ToQ+kuq0Uxn5W2+vhAm6150qxxk=,hyz7ADS7ml5EPpw6e6lTDOEE11g=
-11,-34,ToQ+kuq0Uxn5W2+vhAm6150qxxk=,hyz7ADS7ml5EPpw6e6lTDOEE11g=
-14,-38,ToQ+kuq0Uxn5W2+vhAm6150qxxk=,hyz7ADS7ml5EPpw6e6lTDOEE11g=
-16,-38,ToQ+kuq0Uxn5W2+vhAm6150qxxk=,hyz7ADS7ml5EPpw6e6lTDOEE11g=
-13,-38,ToQ+kuq0Uxn5W2+vhAm6150qxxk=,hyz7ADS7ml5EPpw6e6lTDOEE11g=
-13,-33,ToQ+kuq0Uxn5W2+vhAm6150qxxk=,hyz7ADS7ml5EPpw6e6lTDOEE11g=
-12,-37,ToQ+kuq0Uxn5W2+vhAm6150qxxk=,hyz7ADS7ml5EPpw6e6lTDOEE11g=
-10,-34,ToQ+kuq0Uxn5W2+vhAm6150qxxk=,hyz7ADS7ml5EPpw6e6lTDOEE11g=
-12,-38,ToQ+kuq0Uxn5W2+vhAm6150qxxk=,hyz7ADS7ml5EPpw6e6lTDOEE11g=
-16,-33,ToQ+kuq0Uxn5W2+vhAm6150qxxk=,hyz7ADS7ml5EPpw6e6lTDOEE11g=
-11,-38,ToQ+kuq0Uxn5W2+vhAm6150qxxk=,hyz7ADS7ml5EPpw6e6lTDOEE11g=
-10,-38,ToQ+kuq0Uxn5W2+vhAm6150qxxk=,hyz7ADS7ml5EPpw6e6lTDOEE11g=
-12,-33,ToQ+kuq0Uxn5W2+vhAm6150qxxk=,hyz7ADS7ml5EPpw6e6lTDOEE11g=
-14,-33,ToQ+kuq0Uxn5W2+vhAm6150qxxk=,hyz7ADS7ml5EPpw6e6lTDOEE11g=
-13,-37,ToQ+kuq0Uxn5W2+vhAm6150qxxk=,hyz7ADS7ml5EPpw6e6lTDOEE11g=
-14,-37,ToQ+kuq0Uxn5W2+vhAm6150qxxk=,hyz7ADS7ml5EPpw6e6lTDOEE11g=
-15,-33,ToQ+kuq0Uxn5W2+vhAm6150qxxk=,hyz7ADS7ml5EPpw6e6lTDOEE11g=
-16,-37,ToQ+kuq0Uxn5W2+vhAm6150qxxk=,hyz7ADS7ml5EPpw6e6lTDOEE11g=
-8,-38,ToQ+kuq0Uxn5W2+vhAm6150qxxk=,7UxOXMvvqR2nqiE+jxgoz2lo3Hk=
-15,-37,ToQ+kuq0Uxn5W2+vhAm6150qxxk=,hyz7ADS7ml5EPpw6e6lTDOEE11g=
-1,-39,ToQ+kuq0Uxn5W2+vhAm6150qxxk=,7UxOXMvvqR2nqiE+jxgoz2lo3Hk=
-7,-38,ToQ+kuq0Uxn5W2+vhAm6150qxxk=,7UxOXMvvqR2nqiE+jxgoz2lo3Hk=
-8,-34,ToQ+kuq0Uxn5W2+vhAm6150qxxk=,7UxOXMvvqR2nqiE+jxgoz2lo3Hk=
-7,-34,ToQ+kuq0Uxn5W2+vhAm6150qxxk=,7UxOXMvvqR2nqiE+jxgoz2lo3Hk=
-5,-33,ToQ+kuq0Uxn5W2+vhAm6150qxxk=,7UxOXMvvqR2nqiE+jxgoz2lo3Hk=
-7,-39,ToQ+kuq0Uxn5W2+vhAm6150qxxk=,7UxOXMvvqR2nqiE+jxgoz2lo3Hk=
-2,-39,ToQ+kuq0Uxn5W2+vhAm6150qxxk=,7UxOXMvvqR2nqiE+jxgoz2lo3Hk=
-3,-39,ToQ+kuq0Uxn5W2+vhAm6150qxxk=,7UxOXMvvqR2nqiE+jxgoz2lo3Hk=
-4,-39,ToQ+kuq0Uxn5W2+vhAm6150qxxk=,7UxOXMvvqR2nqiE+jxgoz2lo3Hk=
-5,-39,ToQ+kuq0Uxn5W2+vhAm6150qxxk=,7UxOXMvvqR2nqiE+jxgoz2lo3Hk=
-6,-33,ToQ+kuq0Uxn5W2+vhAm6150qxxk=,7UxOXMvvqR2nqiE+jxgoz2lo3Hk=
-6,-39,ToQ+kuq0Uxn5W2+vhAm6150qxxk=,7UxOXMvvqR2nqiE+jxgoz2lo3Hk=
-1,-35,ToQ+kuq0Uxn5W2+vhAm6150qxxk=,7UxOXMvvqR2nqiE+jxgoz2lo3Hk=
-7,-35,ToQ+kuq0Uxn5W2+vhAm6150qxxk=,7UxOXMvvqR2nqiE+jxgoz2lo3Hk=
-4,-34,ToQ+kuq0Uxn5W2+vhAm6150qxxk=,7UxOXMvvqR2nqiE+jxgoz2lo3Hk=
-7,-40,ToQ+kuq0Uxn5W2+vhAm6150qxxk=,7UxOXMvvqR2nqiE+jxgoz2lo3Hk=
-2,-35,ToQ+kuq0Uxn5W2+vhAm6150qxxk=,7UxOXMvvqR2nqiE+jxgoz2lo3Hk=
-8,-39,ToQ+kuq0Uxn5W2+vhAm6150qxxk=,7UxOXMvvqR2nqiE+jxgoz2lo3Hk=
-4,-33,ToQ+kuq0Uxn5W2+vhAm6150qxxk=,7UxOXMvvqR2nqiE+jxgoz2lo3Hk=
-5,-34,ToQ+kuq0Uxn5W2+vhAm6150qxxk=,7UxOXMvvqR2nqiE+jxgoz2lo3Hk=
-1,-40,ToQ+kuq0Uxn5W2+vhAm6150qxxk=,7UxOXMvvqR2nqiE+jxgoz2lo3Hk=
-9,-37,ToQ+kuq0Uxn5W2+vhAm6150qxxk=,hyz7ADS7ml5EPpw6e6lTDOEE11g=
-3,-34,ToQ+kuq0Uxn5W2+vhAm6150qxxk=,7UxOXMvvqR2nqiE+jxgoz2lo3Hk=
-2,-40,ToQ+kuq0Uxn5W2+vhAm6150qxxk=,7UxOXMvvqR2nqiE+jxgoz2lo3Hk=
-7,-33,ToQ+kuq0Uxn5W2+vhAm6150qxxk=,7UxOXMvvqR2nqiE+jxgoz2lo3Hk=
-1,-36,ToQ+kuq0Uxn5W2+vhAm6150qxxk=,7UxOXMvvqR2nqiE+jxgoz2lo3Hk=
-2,-36,ToQ+kuq0Uxn5W2+vhAm6150qxxk=,7UxOXMvvqR2nqiE+jxgoz2lo3Hk=
-9,-33,ToQ+kuq0Uxn5W2+vhAm6150qxxk=,hyz7ADS7ml5EPpw6e6lTDOEE11g=
-9,-38,ToQ+kuq0Uxn5W2+vhAm6150qxxk=,hyz7ADS7ml5EPpw6e6lTDOEE11g=
-8,-33,ToQ+kuq0Uxn5W2+vhAm6150qxxk=,7UxOXMvvqR2nqiE+jxgoz2lo3Hk=
-8,-35,ToQ+kuq0Uxn5W2+vhAm6150qxxk=,7UxOXMvvqR2nqiE+jxgoz2lo3Hk=
-3,-33,ToQ+kuq0Uxn5W2+vhAm6150qxxk=,7UxOXMvvqR2nqiE+jxgoz2lo3Hk=
-6,-34,ToQ+kuq0Uxn5W2+vhAm6150qxxk=,7UxOXMvvqR2nqiE+jxgoz2lo3Hk=
-2,-33,ToQ+kuq0Uxn5W2+vhAm6150qxxk=,7UxOXMvvqR2nqiE+jxgoz2lo3Hk=
-3,-36,ToQ+kuq0Uxn5W2+vhAm6150qxxk=,7UxOXMvvqR2nqiE+jxgoz2lo3Hk=
-3,-35,ToQ+kuq0Uxn5W2+vhAm6150qxxk=,7UxOXMvvqR2nqiE+jxgoz2lo3Hk=
-1,-34,ToQ+kuq0Uxn5W2+vhAm6150qxxk=,7UxOXMvvqR2nqiE+jxgoz2lo3Hk=
-6,-35,ToQ+kuq0Uxn5W2+vhAm6150qxxk=,7UxOXMvvqR2nqiE+jxgoz2lo3Hk=
-8,-40,ToQ+kuq0Uxn5W2+vhAm6150qxxk=,7UxOXMvvqR2nqiE+jxgoz2lo3Hk=
-4,-38,ToQ+kuq0Uxn5W2+vhAm6150qxxk=,7UxOXMvvqR2nqiE+jxgoz2lo3Hk=
-3,-40,ToQ+kuq0Uxn5W2+vhAm6150qxxk=,7UxOXMvvqR2nqiE+jxgoz2lo3Hk=
-9,-41,ToQ+kuq0Uxn5W2+vhAm6150qxxk=,Xiyv4t6FMNws836zJRsf1RKy3tQ=
-4,-35,ToQ+kuq0Uxn5W2+vhAm6150qxxk=,7UxOXMvvqR2nqiE+jxgoz2lo3Hk=
-9,-34,ToQ+kuq0Uxn5W2+vhAm6150qxxk=,hyz7ADS7ml5EPpw6e6lTDOEE11g=
-9,-39,ToQ+kuq0Uxn5W2+vhAm6150qxxk=,hyz7ADS7ml5EPpw6e6lTDOEE11g=
-4,-37,ToQ+kuq0Uxn5W2+vhAm6150qxxk=,7UxOXMvvqR2nqiE+jxgoz2lo3Hk=
-5,-36,ToQ+kuq0Uxn5W2+vhAm6150qxxk=,7UxOXMvvqR2nqiE+jxgoz2lo3Hk=
-5,-35,ToQ+kuq0Uxn5W2+vhAm6150qxxk=,7UxOXMvvqR2nqiE+jxgoz2lo3Hk=
-4,-36,ToQ+kuq0Uxn5W2+vhAm6150qxxk=,7UxOXMvvqR2nqiE+jxgoz2lo3Hk=
-5,-37,ToQ+kuq0Uxn5W2+vhAm6150qxxk=,7UxOXMvvqR2nqiE+jxgoz2lo3Hk=
-2,-34,ToQ+kuq0Uxn5W2+vhAm6150qxxk=,7UxOXMvvqR2nqiE+jxgoz2lo3Hk=
-4,-40,ToQ+kuq0Uxn5W2+vhAm6150qxxk=,7UxOXMvvqR2nqiE+jxgoz2lo3Hk=
-1,-38,ToQ+kuq0Uxn5W2+vhAm6150qxxk=,7UxOXMvvqR2nqiE+jxgoz2lo3Hk=
-9,-35,ToQ+kuq0Uxn5W2+vhAm6150qxxk=,hyz7ADS7ml5EPpw6e6lTDOEE11g=
-1,-33,ToQ+kuq0Uxn5W2+vhAm6150qxxk=,7UxOXMvvqR2nqiE+jxgoz2lo3Hk=
-8,-37,ToQ+kuq0Uxn5W2+vhAm6150qxxk=,7UxOXMvvqR2nqiE+jxgoz2lo3Hk=
-2,-38,ToQ+kuq0Uxn5W2+vhAm6150qxxk=,7UxOXMvvqR2nqiE+jxgoz2lo3Hk=
-6,-37,ToQ+kuq0Uxn5W2+vhAm6150qxxk=,7UxOXMvvqR2nqiE+jxgoz2lo3Hk=
-5,-38,ToQ+kuq0Uxn5W2+vhAm6150qxxk=,7UxOXMvvqR2nqiE+jxgoz2lo3Hk=
-1,-37,ToQ+kuq0Uxn5W2+vhAm6150qxxk=,7UxOXMvvqR2nqiE+jxgoz2lo3Hk=
-2,-37,ToQ+kuq0Uxn5W2+vhAm6150qxxk=,7UxOXMvvqR2nqiE+jxgoz2lo3Hk=
-9,-40,ToQ+kuq0Uxn5W2+vhAm6150qxxk=,hyz7ADS7ml5EPpw6e6lTDOEE11g=
-3,-38,ToQ+kuq0Uxn5W2+vhAm6150qxxk=,7UxOXMvvqR2nqiE+jxgoz2lo3Hk=
-7,-37,ToQ+kuq0Uxn5W2+vhAm6150qxxk=,7UxOXMvvqR2nqiE+jxgoz2lo3Hk=
-6,-40,ToQ+kuq0Uxn5W2+vhAm6150qxxk=,7UxOXMvvqR2nqiE+jxgoz2lo3Hk=
-3,-37,ToQ+kuq0Uxn5W2+vhAm6150qxxk=,7UxOXMvvqR2nqiE+jxgoz2lo3Hk=
-6,-36,ToQ+kuq0Uxn5W2+vhAm6150qxxk=,7UxOXMvvqR2nqiE+jxgoz2lo3Hk=
-8,-36,ToQ+kuq0Uxn5W2+vhAm6150qxxk=,7UxOXMvvqR2nqiE+jxgoz2lo3Hk=
-6,-38,ToQ+kuq0Uxn5W2+vhAm6150qxxk=,7UxOXMvvqR2nqiE+jxgoz2lo3Hk=
-5,-40,ToQ+kuq0Uxn5W2+vhAm6150qxxk=,7UxOXMvvqR2nqiE+jxgoz2lo3Hk=
-7,-36,ToQ+kuq0Uxn5W2+vhAm6150qxxk=,7UxOXMvvqR2nqiE+jxgoz2lo3Hk=
-9,-36,ToQ+kuq0Uxn5W2+vhAm6150qxxk=,hyz7ADS7ml5EPpw6e6lTDOEE11g=
-9,-48,ToQ+kuq0Uxn5W2+vhAm6150qxxk=,Xiyv4t6FMNws836zJRsf1RKy3tQ=
-16,-48,ToQ+kuq0Uxn5W2+vhAm6150qxxk=,Xiyv4t6FMNws836zJRsf1RKy3tQ=
-12,-53,iP+Kq/CtXK1KOsrc5j+4lD7lf5o=,VFipITITp5FiuxtGppHh7hHc5YU=
-13,-53,iP+Kq/CtXK1KOsrc5j+4lD7lf5o=,VFipITITp5FiuxtGppHh7hHc5YU=
-15,-53,iP+Kq/CtXK1KOsrc5j+4lD7lf5o=,VFipITITp5FiuxtGppHh7hHc5YU=
-14,-53,iP+Kq/CtXK1KOsrc5j+4lD7lf5o=,VFipITITp5FiuxtGppHh7hHc5YU=
-16,-53,iP+Kq/CtXK1KOsrc5j+4lD7lf5o=,VFipITITp5FiuxtGppHh7hHc5YU=
-11,-49,iP+Kq/CtXK1KOsrc5j+4lD7lf5o=,VFipITITp5FiuxtGppHh7hHc5YU=
-10,-49,iP+Kq/CtXK1KOsrc5j+4lD7lf5o=,VFipITITp5FiuxtGppHh7hHc5YU=
-12,-49,iP+Kq/CtXK1KOsrc5j+4lD7lf5o=,VFipITITp5FiuxtGppHh7hHc5YU=
-13,-49,iP+Kq/CtXK1KOsrc5j+4lD7lf5o=,VFipITITp5FiuxtGppHh7hHc5YU=
-14,-49,iP+Kq/CtXK1KOsrc5j+4lD7lf5o=,VFipITITp5FiuxtGppHh7hHc5YU=
-15,-49,iP+Kq/CtXK1KOsrc5j+4lD7lf5o=,VFipITITp5FiuxtGppHh7hHc5YU=
-16,-49,iP+Kq/CtXK1KOsrc5j+4lD7lf5o=,VFipITITp5FiuxtGppHh7hHc5YU=
-10,-50,iP+Kq/CtXK1KOsrc5j+4lD7lf5o=,VFipITITp5FiuxtGppHh7hHc5YU=
-11,-50,iP+Kq/CtXK1KOsrc5j+4lD7lf5o=,VFipITITp5FiuxtGppHh7hHc5YU=
-10,-54,iP+Kq/CtXK1KOsrc5j+4lD7lf5o=,VFipITITp5FiuxtGppHh7hHc5YU=
-11,-54,iP+Kq/CtXK1KOsrc5j+4lD7lf5o=,VFipITITp5FiuxtGppHh7hHc5YU=
-12,-54,iP+Kq/CtXK1KOsrc5j+4lD7lf5o=,VFipITITp5FiuxtGppHh7hHc5YU=
-12,-50,iP+Kq/CtXK1KOsrc5j+4lD7lf5o=,VFipITITp5FiuxtGppHh7hHc5YU=
-13,-54,iP+Kq/CtXK1KOsrc5j+4lD7lf5o=,VFipITITp5FiuxtGppHh7hHc5YU=
-14,-54,iP+Kq/CtXK1KOsrc5j+4lD7lf5o=,VFipITITp5FiuxtGppHh7hHc5YU=
-15,-54,iP+Kq/CtXK1KOsrc5j+4lD7lf5o=,VFipITITp5FiuxtGppHh7hHc5YU=
-16,-54,iP+Kq/CtXK1KOsrc5j+4lD7lf5o=,VFipITITp5FiuxtGppHh7hHc5YU=
-10,-55,iP+Kq/CtXK1KOsrc5j+4lD7lf5o=,VFipITITp5FiuxtGppHh7hHc5YU=
-11,-55,iP+Kq/CtXK1KOsrc5j+4lD7lf5o=,VFipITITp5FiuxtGppHh7hHc5YU=
-13,-50,iP+Kq/CtXK1KOsrc5j+4lD7lf5o=,VFipITITp5FiuxtGppHh7hHc5YU=
-12,-55,iP+Kq/CtXK1KOsrc5j+4lD7lf5o=,VFipITITp5FiuxtGppHh7hHc5YU=
-13,-55,iP+Kq/CtXK1KOsrc5j+4lD7lf5o=,VFipITITp5FiuxtGppHh7hHc5YU=
-14,-55,iP+Kq/CtXK1KOsrc5j+4lD7lf5o=,VFipITITp5FiuxtGppHh7hHc5YU=
-15,-55,iP+Kq/CtXK1KOsrc5j+4lD7lf5o=,VFipITITp5FiuxtGppHh7hHc5YU=
-14,-50,iP+Kq/CtXK1KOsrc5j+4lD7lf5o=,VFipITITp5FiuxtGppHh7hHc5YU=
-15,-50,iP+Kq/CtXK1KOsrc5j+4lD7lf5o=,VFipITITp5FiuxtGppHh7hHc5YU=
-16,-50,iP+Kq/CtXK1KOsrc5j+4lD7lf5o=,VFipITITp5FiuxtGppHh7hHc5YU=
-10,-56,iP+Kq/CtXK1KOsrc5j+4lD7lf5o=,VFipITITp5FiuxtGppHh7hHc5YU=
-11,-56,iP+Kq/CtXK1KOsrc5j+4lD7lf5o=,VFipITITp5FiuxtGppHh7hHc5YU=
-12,-56,iP+Kq/CtXK1KOsrc5j+4lD7lf5o=,VFipITITp5FiuxtGppHh7hHc5YU=
-13,-56,iP+Kq/CtXK1KOsrc5j+4lD7lf5o=,VFipITITp5FiuxtGppHh7hHc5YU=
-14,-56,iP+Kq/CtXK1KOsrc5j+4lD7lf5o=,VFipITITp5FiuxtGppHh7hHc5YU=
-15,-56,iP+Kq/CtXK1KOsrc5j+4lD7lf5o=,VFipITITp5FiuxtGppHh7hHc5YU=
-16,-56,iP+Kq/CtXK1KOsrc5j+4lD7lf5o=,VFipITITp5FiuxtGppHh7hHc5YU=
-10,-51,iP+Kq/CtXK1KOsrc5j+4lD7lf5o=,VFipITITp5FiuxtGppHh7hHc5YU=
-11,-51,iP+Kq/CtXK1KOsrc5j+4lD7lf5o=,VFipITITp5FiuxtGppHh7hHc5YU=
-16,-55,iP+Kq/CtXK1KOsrc5j+4lD7lf5o=,VFipITITp5FiuxtGppHh7hHc5YU=
-12,-51,iP+Kq/CtXK1KOsrc5j+4lD7lf5o=,VFipITITp5FiuxtGppHh7hHc5YU=
-13,-51,iP+Kq/CtXK1KOsrc5j+4lD7lf5o=,VFipITITp5FiuxtGppHh7hHc5YU=
-14,-51,iP+Kq/CtXK1KOsrc5j+4lD7lf5o=,VFipITITp5FiuxtGppHh7hHc5YU=
-15,-51,iP+Kq/CtXK1KOsrc5j+4lD7lf5o=,VFipITITp5FiuxtGppHh7hHc5YU=
-16,-51,iP+Kq/CtXK1KOsrc5j+4lD7lf5o=,VFipITITp5FiuxtGppHh7hHc5YU=
-10,-52,iP+Kq/CtXK1KOsrc5j+4lD7lf5o=,VFipITITp5FiuxtGppHh7hHc5YU=
-11,-52,iP+Kq/CtXK1KOsrc5j+4lD7lf5o=,VFipITITp5FiuxtGppHh7hHc5YU=
-13,-52,iP+Kq/CtXK1KOsrc5j+4lD7lf5o=,VFipITITp5FiuxtGppHh7hHc5YU=
-12,-52,iP+Kq/CtXK1KOsrc5j+4lD7lf5o=,VFipITITp5FiuxtGppHh7hHc5YU=
-14,-52,iP+Kq/CtXK1KOsrc5j+4lD7lf5o=,VFipITITp5FiuxtGppHh7hHc5YU=
-15,-52,iP+Kq/CtXK1KOsrc5j+4lD7lf5o=,VFipITITp5FiuxtGppHh7hHc5YU=
-16,-52,iP+Kq/CtXK1KOsrc5j+4lD7lf5o=,VFipITITp5FiuxtGppHh7hHc5YU=
-11,-53,iP+Kq/CtXK1KOsrc5j+4lD7lf5o=,VFipITITp5FiuxtGppHh7hHc5YU=
-10,-53,iP+Kq/CtXK1KOsrc5j+4lD7lf5o=,VFipITITp5FiuxtGppHh7hHc5YU=
-4,-59,iP+Kq/CtXK1KOsrc5j+4lD7lf5o=,CeVoX0VYfBAefRLfFoKKaYbZkzI=
-3,-59,iP+Kq/CtXK1KOsrc5j+4lD7lf5o=,CeVoX0VYfBAefRLfFoKKaYbZkzI=
-2,-59,iP+Kq/CtXK1KOsrc5j+4lD7lf5o=,CeVoX0VYfBAefRLfFoKKaYbZkzI=
-1,-59,iP+Kq/CtXK1KOsrc5j+4lD7lf5o=,CeVoX0VYfBAefRLfFoKKaYbZkzI=
-8,-58,iP+Kq/CtXK1KOsrc5j+4lD7lf5o=,CeVoX0VYfBAefRLfFoKKaYbZkzI=
-8,-64,iP+Kq/CtXK1KOsrc5j+4lD7lf5o=,CeVoX0VYfBAefRLfFoKKaYbZkzI=
-7,-64,iP+Kq/CtXK1KOsrc5j+4lD7lf5o=,CeVoX0VYfBAefRLfFoKKaYbZkzI=
-6,-64,iP+Kq/CtXK1KOsrc5j+4lD7lf5o=,CeVoX0VYfBAefRLfFoKKaYbZkzI=
-5,-64,iP+Kq/CtXK1KOsrc5j+4lD7lf5o=,CeVoX0VYfBAefRLfFoKKaYbZkzI=
-7,-58,iP+Kq/CtXK1KOsrc5j+4lD7lf5o=,CeVoX0VYfBAefRLfFoKKaYbZkzI=
-6,-58,iP+Kq/CtXK1KOsrc5j+4lD7lf5o=,CeVoX0VYfBAefRLfFoKKaYbZkzI=
-4,-64,iP+Kq/CtXK1KOsrc5j+4lD7lf5o=,CeVoX0VYfBAefRLfFoKKaYbZkzI=
-5,-58,iP+Kq/CtXK1KOsrc5j+4lD7lf5o=,CeVoX0VYfBAefRLfFoKKaYbZkzI=
-4,-58,iP+Kq/CtXK1KOsrc5j+4lD7lf5o=,CeVoX0VYfBAefRLfFoKKaYbZkzI=
-3,-58,iP+Kq/CtXK1KOsrc5j+4lD7lf5o=,CeVoX0VYfBAefRLfFoKKaYbZkzI=
-2,-58,iP+Kq/CtXK1KOsrc5j+4lD7lf5o=,CeVoX0VYfBAefRLfFoKKaYbZkzI=
-1,-58,iP+Kq/CtXK1KOsrc5j+4lD7lf5o=,CeVoX0VYfBAefRLfFoKKaYbZkzI=
-3,-64,iP+Kq/CtXK1KOsrc5j+4lD7lf5o=,CeVoX0VYfBAefRLfFoKKaYbZkzI=
-2,-64,iP+Kq/CtXK1KOsrc5j+4lD7lf5o=,CeVoX0VYfBAefRLfFoKKaYbZkzI=
-1,-64,iP+Kq/CtXK1KOsrc5j+4lD7lf5o=,CeVoX0VYfBAefRLfFoKKaYbZkzI=
-8,-63,iP+Kq/CtXK1KOsrc5j+4lD7lf5o=,CeVoX0VYfBAefRLfFoKKaYbZkzI=
-7,-63,iP+Kq/CtXK1KOsrc5j+4lD7lf5o=,CeVoX0VYfBAefRLfFoKKaYbZkzI=
-6,-63,iP+Kq/CtXK1KOsrc5j+4lD7lf5o=,CeVoX0VYfBAefRLfFoKKaYbZkzI=
-5,-63,iP+Kq/CtXK1KOsrc5j+4lD7lf5o=,CeVoX0VYfBAefRLfFoKKaYbZkzI=
-4,-63,iP+Kq/CtXK1KOsrc5j+4lD7lf5o=,CeVoX0VYfBAefRLfFoKKaYbZkzI=
-3,-63,iP+Kq/CtXK1KOsrc5j+4lD7lf5o=,CeVoX0VYfBAefRLfFoKKaYbZkzI=
-2,-63,iP+Kq/CtXK1KOsrc5j+4lD7lf5o=,CeVoX0VYfBAefRLfFoKKaYbZkzI=
-1,-63,iP+Kq/CtXK1KOsrc5j+4lD7lf5o=,CeVoX0VYfBAefRLfFoKKaYbZkzI=
-8,-62,iP+Kq/CtXK1KOsrc5j+4lD7lf5o=,CeVoX0VYfBAefRLfFoKKaYbZkzI=
-7,-62,iP+Kq/CtXK1KOsrc5j+4lD7lf5o=,CeVoX0VYfBAefRLfFoKKaYbZkzI=
-6,-62,iP+Kq/CtXK1KOsrc5j+4lD7lf5o=,CeVoX0VYfBAefRLfFoKKaYbZkzI=
-5,-62,iP+Kq/CtXK1KOsrc5j+4lD7lf5o=,CeVoX0VYfBAefRLfFoKKaYbZkzI=
-4,-62,iP+Kq/CtXK1KOsrc5j+4lD7lf5o=,CeVoX0VYfBAefRLfFoKKaYbZkzI=
-3,-62,iP+Kq/CtXK1KOsrc5j+4lD7lf5o=,CeVoX0VYfBAefRLfFoKKaYbZkzI=
-2,-62,iP+Kq/CtXK1KOsrc5j+4lD7lf5o=,CeVoX0VYfBAefRLfFoKKaYbZkzI=
-1,-62,iP+Kq/CtXK1KOsrc5j+4lD7lf5o=,CeVoX0VYfBAefRLfFoKKaYbZkzI=
-8,-61,iP+Kq/CtXK1KOsrc5j+4lD7lf5o=,CeVoX0VYfBAefRLfFoKKaYbZkzI=
-7,-61,iP+Kq/CtXK1KOsrc5j+4lD7lf5o=,CeVoX0VYfBAefRLfFoKKaYbZkzI=
-6,-61,iP+Kq/CtXK1KOsrc5j+4lD7lf5o=,CeVoX0VYfBAefRLfFoKKaYbZkzI=
-5,-61,iP+Kq/CtXK1KOsrc5j+4lD7lf5o=,CeVoX0VYfBAefRLfFoKKaYbZkzI=
-4,-61,iP+Kq/CtXK1KOsrc5j+4lD7lf5o=,CeVoX0VYfBAefRLfFoKKaYbZkzI=
-3,-61,iP+Kq/CtXK1KOsrc5j+4lD7lf5o=,CeVoX0VYfBAefRLfFoKKaYbZkzI=
-2,-61,iP+Kq/CtXK1KOsrc5j+4lD7lf5o=,CeVoX0VYfBAefRLfFoKKaYbZkzI=
-1,-61,iP+Kq/CtXK1KOsrc5j+4lD7lf5o=,CeVoX0VYfBAefRLfFoKKaYbZkzI=
-8,-60,iP+Kq/CtXK1KOsrc5j+4lD7lf5o=,CeVoX0VYfBAefRLfFoKKaYbZkzI=
-7,-60,iP+Kq/CtXK1KOsrc5j+4lD7lf5o=,CeVoX0VYfBAefRLfFoKKaYbZkzI=
-6,-60,iP+Kq/CtXK1KOsrc5j+4lD7lf5o=,CeVoX0VYfBAefRLfFoKKaYbZkzI=
-5,-60,iP+Kq/CtXK1KOsrc5j+4lD7lf5o=,CeVoX0VYfBAefRLfFoKKaYbZkzI=
-4,-60,iP+Kq/CtXK1KOsrc5j+4lD7lf5o=,CeVoX0VYfBAefRLfFoKKaYbZkzI=
-2,-60,iP+Kq/CtXK1KOsrc5j+4lD7lf5o=,CeVoX0VYfBAefRLfFoKKaYbZkzI=
-3,-60,iP+Kq/CtXK1KOsrc5j+4lD7lf5o=,CeVoX0VYfBAefRLfFoKKaYbZkzI=
-8,-59,iP+Kq/CtXK1KOsrc5j+4lD7lf5o=,CeVoX0VYfBAefRLfFoKKaYbZkzI=
-1,-60,iP+Kq/CtXK1KOsrc5j+4lD7lf5o=,CeVoX0VYfBAefRLfFoKKaYbZkzI=
-7,-59,iP+Kq/CtXK1KOsrc5j+4lD7lf5o=,CeVoX0VYfBAefRLfFoKKaYbZkzI=
-6,-59,iP+Kq/CtXK1KOsrc5j+4lD7lf5o=,CeVoX0VYfBAefRLfFoKKaYbZkzI=
-5,-59,iP+Kq/CtXK1KOsrc5j+4lD7lf5o=,CeVoX0VYfBAefRLfFoKKaYbZkzI=
-4,-51,iP+Kq/CtXK1KOsrc5j+4lD7lf5o=,flI+jZ1M+GHIh+qFItbMG9xEqv8=
-9,-49,iP+Kq/CtXK1KOsrc5j+4lD7lf5o=,VFipITITp5FiuxtGppHh7hHc5YU=
-8,-54,iP+Kq/CtXK1KOsrc5j+4lD7lf5o=,flI+jZ1M+GHIh+qFItbMG9xEqv8=
-9,-50,iP+Kq/CtXK1KOsrc5j+4lD7lf5o=,VFipITITp5FiuxtGppHh7hHc5YU=
-5,-51,iP+Kq/CtXK1KOsrc5j+4lD7lf5o=,flI+jZ1M+GHIh+qFItbMG9xEqv8=
-4,-49,iP+Kq/CtXK1KOsrc5j+4lD7lf5o=,flI+jZ1M+GHIh+qFItbMG9xEqv8=
-3,-49,iP+Kq/CtXK1KOsrc5j+4lD7lf5o=,flI+jZ1M+GHIh+qFItbMG9xEqv8=
-2,-49,iP+Kq/CtXK1KOsrc5j+4lD7lf5o=,flI+jZ1M+GHIh+qFItbMG9xEqv8=
-1,-52,iP+Kq/CtXK1KOsrc5j+4lD7lf5o=,flI+jZ1M+GHIh+qFItbMG9xEqv8=
-8,-51,iP+Kq/CtXK1KOsrc5j+4lD7lf5o=,flI+jZ1M+GHIh+qFItbMG9xEqv8=
-7,-51,iP+Kq/CtXK1KOsrc5j+4lD7lf5o=,flI+jZ1M+GHIh+qFItbMG9xEqv8=
-3,-51,iP+Kq/CtXK1KOsrc5j+4lD7lf5o=,flI+jZ1M+GHIh+qFItbMG9xEqv8=
-9,-53,iP+Kq/CtXK1KOsrc5j+4lD7lf5o=,VFipITITp5FiuxtGppHh7hHc5YU=
-2,-51,iP+Kq/CtXK1KOsrc5j+4lD7lf5o=,flI+jZ1M+GHIh+qFItbMG9xEqv8=
-7,-53,iP+Kq/CtXK1KOsrc5j+4lD7lf5o=,flI+jZ1M+GHIh+qFItbMG9xEqv8=
-1,-49,iP+Kq/CtXK1KOsrc5j+4lD7lf5o=,flI+jZ1M+GHIh+qFItbMG9xEqv8=
-8,-55,iP+Kq/CtXK1KOsrc5j+4lD7lf5o=,flI+jZ1M+GHIh+qFItbMG9xEqv8=
-6,-53,iP+Kq/CtXK1KOsrc5j+4lD7lf5o=,flI+jZ1M+GHIh+qFItbMG9xEqv8=
-8,-56,iP+Kq/CtXK1KOsrc5j+4lD7lf5o=,flI+jZ1M+GHIh+qFItbMG9xEqv8=
-1,-51,iP+Kq/CtXK1KOsrc5j+4lD7lf5o=,flI+jZ1M+GHIh+qFItbMG9xEqv8=
-6,-56,iP+Kq/CtXK1KOsrc5j+4lD7lf5o=,flI+jZ1M+GHIh+qFItbMG9xEqv8=
-8,-50,iP+Kq/CtXK1KOsrc5j+4lD7lf5o=,flI+jZ1M+GHIh+qFItbMG9xEqv8=
-7,-50,iP+Kq/CtXK1KOsrc5j+4lD7lf5o=,flI+jZ1M+GHIh+qFItbMG9xEqv8=
-5,-56,iP+Kq/CtXK1KOsrc5j+4lD7lf5o=,flI+jZ1M+GHIh+qFItbMG9xEqv8=
-5,-53,iP+Kq/CtXK1KOsrc5j+4lD7lf5o=,flI+jZ1M+GHIh+qFItbMG9xEqv8=
-5,-55,iP+Kq/CtXK1KOsrc5j+4lD7lf5o=,flI+jZ1M+GHIh+qFItbMG9xEqv8=
-9,-52,iP+Kq/CtXK1KOsrc5j+4lD7lf5o=,VFipITITp5FiuxtGppHh7hHc5YU=
-4,-56,iP+Kq/CtXK1KOsrc5j+4lD7lf5o=,flI+jZ1M+GHIh+qFItbMG9xEqv8=
-3,-56,iP+Kq/CtXK1KOsrc5j+4lD7lf5o=,flI+jZ1M+GHIh+qFItbMG9xEqv8=
-4,-55,iP+Kq/CtXK1KOsrc5j+4lD7lf5o=,flI+jZ1M+GHIh+qFItbMG9xEqv8=
-2,-56,iP+Kq/CtXK1KOsrc5j+4lD7lf5o=,flI+jZ1M+GHIh+qFItbMG9xEqv8=
-1,-55,iP+Kq/CtXK1KOsrc5j+4lD7lf5o=,flI+jZ1M+GHIh+qFItbMG9xEqv8=
-8,-52,iP+Kq/CtXK1KOsrc5j+4lD7lf5o=,flI+jZ1M+GHIh+qFItbMG9xEqv8=
-1,-53,iP+Kq/CtXK1KOsrc5j+4lD7lf5o=,flI+jZ1M+GHIh+qFItbMG9xEqv8=
-5,-49,iP+Kq/CtXK1KOsrc5j+4lD7lf5o=,flI+jZ1M+GHIh+qFItbMG9xEqv8=
-9,-54,iP+Kq/CtXK1KOsrc5j+4lD7lf5o=,VFipITITp5FiuxtGppHh7hHc5YU=
-6,-49,iP+Kq/CtXK1KOsrc5j+4lD7lf5o=,flI+jZ1M+GHIh+qFItbMG9xEqv8=
-2,-52,iP+Kq/CtXK1KOsrc5j+4lD7lf5o=,flI+jZ1M+GHIh+qFItbMG9xEqv8=
-7,-49,iP+Kq/CtXK1KOsrc5j+4lD7lf5o=,flI+jZ1M+GHIh+qFItbMG9xEqv8=
-2,-53,iP+Kq/CtXK1KOsrc5j+4lD7lf5o=,flI+jZ1M+GHIh+qFItbMG9xEqv8=
-9,-55,iP+Kq/CtXK1KOsrc5j+4lD7lf5o=,VFipITITp5FiuxtGppHh7hHc5YU=
-6,-55,iP+Kq/CtXK1KOsrc5j+4lD7lf5o=,flI+jZ1M+GHIh+qFItbMG9xEqv8=
-8,-49,iP+Kq/CtXK1KOsrc5j+4lD7lf5o=,flI+jZ1M+GHIh+qFItbMG9xEqv8=
-3,-52,iP+Kq/CtXK1KOsrc5j+4lD7lf5o=,flI+jZ1M+GHIh+qFItbMG9xEqv8=
-8,-53,iP+Kq/CtXK1KOsrc5j+4lD7lf5o=,flI+jZ1M+GHIh+qFItbMG9xEqv8=
-1,-54,iP+Kq/CtXK1KOsrc5j+4lD7lf5o=,flI+jZ1M+GHIh+qFItbMG9xEqv8=
-1,-50,iP+Kq/CtXK1KOsrc5j+4lD7lf5o=,flI+jZ1M+GHIh+qFItbMG9xEqv8=
-2,-54,iP+Kq/CtXK1KOsrc5j+4lD7lf5o=,flI+jZ1M+GHIh+qFItbMG9xEqv8=
-6,-51,iP+Kq/CtXK1KOsrc5j+4lD7lf5o=,flI+jZ1M+GHIh+qFItbMG9xEqv8=
-3,-54,iP+Kq/CtXK1KOsrc5j+4lD7lf5o=,flI+jZ1M+GHIh+qFItbMG9xEqv8=
-4,-54,iP+Kq/CtXK1KOsrc5j+4lD7lf5o=,flI+jZ1M+GHIh+qFItbMG9xEqv8=
-2,-55,iP+Kq/CtXK1KOsrc5j+4lD7lf5o=,flI+jZ1M+GHIh+qFItbMG9xEqv8=
-5,-54,iP+Kq/CtXK1KOsrc5j+4lD7lf5o=,flI+jZ1M+GHIh+qFItbMG9xEqv8=
-3,-53,iP+Kq/CtXK1KOsrc5j+4lD7lf5o=,flI+jZ1M+GHIh+qFItbMG9xEqv8=
-4,-52,iP+Kq/CtXK1KOsrc5j+4lD7lf5o=,flI+jZ1M+GHIh+qFItbMG9xEqv8=
-6,-54,iP+Kq/CtXK1KOsrc5j+4lD7lf5o=,flI+jZ1M+GHIh+qFItbMG9xEqv8=
-2,-50,iP+Kq/CtXK1KOsrc5j+4lD7lf5o=,flI+jZ1M+GHIh+qFItbMG9xEqv8=
-7,-54,iP+Kq/CtXK1KOsrc5j+4lD7lf5o=,flI+jZ1M+GHIh+qFItbMG9xEqv8=
-9,-56,iP+Kq/CtXK1KOsrc5j+4lD7lf5o=,VFipITITp5FiuxtGppHh7hHc5YU=
-5,-52,iP+Kq/CtXK1KOsrc5j+4lD7lf5o=,flI+jZ1M+GHIh+qFItbMG9xEqv8=
-7,-55,iP+Kq/CtXK1KOsrc5j+4lD7lf5o=,flI+jZ1M+GHIh+qFItbMG9xEqv8=
-3,-50,iP+Kq/CtXK1KOsrc5j+4lD7lf5o=,flI+jZ1M+GHIh+qFItbMG9xEqv8=
-9,-51,iP+Kq/CtXK1KOsrc5j+4lD7lf5o=,VFipITITp5FiuxtGppHh7hHc5YU=
-4,-50,iP+Kq/CtXK1KOsrc5j+4lD7lf5o=,flI+jZ1M+GHIh+qFItbMG9xEqv8=
-6,-52,iP+Kq/CtXK1KOsrc5j+4lD7lf5o=,flI+jZ1M+GHIh+qFItbMG9xEqv8=
-5,-50,iP+Kq/CtXK1KOsrc5j+4lD7lf5o=,flI+jZ1M+GHIh+qFItbMG9xEqv8=
-1,-57,iP+Kq/CtXK1KOsrc5j+4lD7lf5o=,CeVoX0VYfBAefRLfFoKKaYbZkzI=
-3,-55,iP+Kq/CtXK1KOsrc5j+4lD7lf5o=,flI+jZ1M+GHIh+qFItbMG9xEqv8=
-2,-57,iP+Kq/CtXK1KOsrc5j+4lD7lf5o=,CeVoX0VYfBAefRLfFoKKaYbZkzI=
-4,-53,iP+Kq/CtXK1KOsrc5j+4lD7lf5o=,flI+jZ1M+GHIh+qFItbMG9xEqv8=
-3,-57,iP+Kq/CtXK1KOsrc5j+4lD7lf5o=,CeVoX0VYfBAefRLfFoKKaYbZkzI=
-4,-57,iP+Kq/CtXK1KOsrc5j+4lD7lf5o=,CeVoX0VYfBAefRLfFoKKaYbZkzI=
-5,-57,iP+Kq/CtXK1KOsrc5j+4lD7lf5o=,CeVoX0VYfBAefRLfFoKKaYbZkzI=
-7,-52,iP+Kq/CtXK1KOsrc5j+4lD7lf5o=,flI+jZ1M+GHIh+qFItbMG9xEqv8=
-6,-57,iP+Kq/CtXK1KOsrc5j+4lD7lf5o=,CeVoX0VYfBAefRLfFoKKaYbZkzI=
-8,-57,iP+Kq/CtXK1KOsrc5j+4lD7lf5o=,CeVoX0VYfBAefRLfFoKKaYbZkzI=
-7,-56,iP+Kq/CtXK1KOsrc5j+4lD7lf5o=,flI+jZ1M+GHIh+qFItbMG9xEqv8=
-6,-50,iP+Kq/CtXK1KOsrc5j+4lD7lf5o=,flI+jZ1M+GHIh+qFItbMG9xEqv8=
-7,-57,iP+Kq/CtXK1KOsrc5j+4lD7lf5o=,CeVoX0VYfBAefRLfFoKKaYbZkzI=
-1,-56,iP+Kq/CtXK1KOsrc5j+4lD7lf5o=,flI+jZ1M+GHIh+qFItbMG9xEqv8=
-20,-61,y25Dtunoi/Yc2BHtvBer0a4If+E=,ZGhPhpdyIzWH8vHrlHdZ2/iKejU=
-21,-61,y25Dtunoi/Yc2BHtvBer0a4If+E=,ZGhPhpdyIzWH8vHrlHdZ2/iKejU=
-23,-61,y25Dtunoi/Yc2BHtvBer0a4If+E=,ZGhPhpdyIzWH8vHrlHdZ2/iKejU=
-22,-61,y25Dtunoi/Yc2BHtvBer0a4If+E=,ZGhPhpdyIzWH8vHrlHdZ2/iKejU=
-17,-62,y25Dtunoi/Yc2BHtvBer0a4If+E=,ZGhPhpdyIzWH8vHrlHdZ2/iKejU=
-18,-62,y25Dtunoi/Yc2BHtvBer0a4If+E=,ZGhPhpdyIzWH8vHrlHdZ2/iKejU=
-19,-62,y25Dtunoi/Yc2BHtvBer0a4If+E=,ZGhPhpdyIzWH8vHrlHdZ2/iKejU=
-20,-62,y25Dtunoi/Yc2BHtvBer0a4If+E=,ZGhPhpdyIzWH8vHrlHdZ2/iKejU=
-24,-61,y25Dtunoi/Yc2BHtvBer0a4If+E=,ZGhPhpdyIzWH8vHrlHdZ2/iKejU=
-23,-62,y25Dtunoi/Yc2BHtvBer0a4If+E=,ZGhPhpdyIzWH8vHrlHdZ2/iKejU=
-21,-62,y25Dtunoi/Yc2BHtvBer0a4If+E=,ZGhPhpdyIzWH8vHrlHdZ2/iKejU=
-22,-62,y25Dtunoi/Yc2BHtvBer0a4If+E=,ZGhPhpdyIzWH8vHrlHdZ2/iKejU=
-24,-62,y25Dtunoi/Yc2BHtvBer0a4If+E=,ZGhPhpdyIzWH8vHrlHdZ2/iKejU=
-17,-63,y25Dtunoi/Yc2BHtvBer0a4If+E=,ZGhPhpdyIzWH8vHrlHdZ2/iKejU=
-18,-63,y25Dtunoi/Yc2BHtvBer0a4If+E=,ZGhPhpdyIzWH8vHrlHdZ2/iKejU=
-19,-63,y25Dtunoi/Yc2BHtvBer0a4If+E=,ZGhPhpdyIzWH8vHrlHdZ2/iKejU=
-20,-63,y25Dtunoi/Yc2BHtvBer0a4If+E=,ZGhPhpdyIzWH8vHrlHdZ2/iKejU=
-21,-63,y25Dtunoi/Yc2BHtvBer0a4If+E=,ZGhPhpdyIzWH8vHrlHdZ2/iKejU=
-22,-63,y25Dtunoi/Yc2BHtvBer0a4If+E=,ZGhPhpdyIzWH8vHrlHdZ2/iKejU=
-23,-63,y25Dtunoi/Yc2BHtvBer0a4If+E=,ZGhPhpdyIzWH8vHrlHdZ2/iKejU=
-17,-58,y25Dtunoi/Yc2BHtvBer0a4If+E=,ZGhPhpdyIzWH8vHrlHdZ2/iKejU=
-24,-63,y25Dtunoi/Yc2BHtvBer0a4If+E=,ZGhPhpdyIzWH8vHrlHdZ2/iKejU=
-17,-64,y25Dtunoi/Yc2BHtvBer0a4If+E=,ZGhPhpdyIzWH8vHrlHdZ2/iKejU=
-18,-64,y25Dtunoi/Yc2BHtvBer0a4If+E=,ZGhPhpdyIzWH8vHrlHdZ2/iKejU=
-19,-64,y25Dtunoi/Yc2BHtvBer0a4If+E=,ZGhPhpdyIzWH8vHrlHdZ2/iKejU=
-20,-64,y25Dtunoi/Yc2BHtvBer0a4If+E=,ZGhPhpdyIzWH8vHrlHdZ2/iKejU=
-21,-64,y25Dtunoi/Yc2BHtvBer0a4If+E=,ZGhPhpdyIzWH8vHrlHdZ2/iKejU=
-22,-64,y25Dtunoi/Yc2BHtvBer0a4If+E=,ZGhPhpdyIzWH8vHrlHdZ2/iKejU=
-23,-64,y25Dtunoi/Yc2BHtvBer0a4If+E=,ZGhPhpdyIzWH8vHrlHdZ2/iKejU=
-24,-64,y25Dtunoi/Yc2BHtvBer0a4If+E=,ZGhPhpdyIzWH8vHrlHdZ2/iKejU=
-20,-58,y25Dtunoi/Yc2BHtvBer0a4If+E=,ZGhPhpdyIzWH8vHrlHdZ2/iKejU=
-19,-58,y25Dtunoi/Yc2BHtvBer0a4If+E=,ZGhPhpdyIzWH8vHrlHdZ2/iKejU=
-21,-58,y25Dtunoi/Yc2BHtvBer0a4If+E=,ZGhPhpdyIzWH8vHrlHdZ2/iKejU=
-22,-58,y25Dtunoi/Yc2BHtvBer0a4If+E=,ZGhPhpdyIzWH8vHrlHdZ2/iKejU=
-23,-58,y25Dtunoi/Yc2BHtvBer0a4If+E=,ZGhPhpdyIzWH8vHrlHdZ2/iKejU=
-24,-58,y25Dtunoi/Yc2BHtvBer0a4If+E=,ZGhPhpdyIzWH8vHrlHdZ2/iKejU=
-17,-59,y25Dtunoi/Yc2BHtvBer0a4If+E=,ZGhPhpdyIzWH8vHrlHdZ2/iKejU=
-18,-59,y25Dtunoi/Yc2BHtvBer0a4If+E=,ZGhPhpdyIzWH8vHrlHdZ2/iKejU=
-18,-58,y25Dtunoi/Yc2BHtvBer0a4If+E=,ZGhPhpdyIzWH8vHrlHdZ2/iKejU=
-19,-59,y25Dtunoi/Yc2BHtvBer0a4If+E=,ZGhPhpdyIzWH8vHrlHdZ2/iKejU=
-20,-59,y25Dtunoi/Yc2BHtvBer0a4If+E=,ZGhPhpdyIzWH8vHrlHdZ2/iKejU=
-22,-59,y25Dtunoi/Yc2BHtvBer0a4If+E=,ZGhPhpdyIzWH8vHrlHdZ2/iKejU=
-21,-59,y25Dtunoi/Yc2BHtvBer0a4If+E=,ZGhPhpdyIzWH8vHrlHdZ2/iKejU=
-24,-59,y25Dtunoi/Yc2BHtvBer0a4If+E=,ZGhPhpdyIzWH8vHrlHdZ2/iKejU=
-17,-60,y25Dtunoi/Yc2BHtvBer0a4If+E=,ZGhPhpdyIzWH8vHrlHdZ2/iKejU=
-23,-59,y25Dtunoi/Yc2BHtvBer0a4If+E=,ZGhPhpdyIzWH8vHrlHdZ2/iKejU=
-18,-60,y25Dtunoi/Yc2BHtvBer0a4If+E=,ZGhPhpdyIzWH8vHrlHdZ2/iKejU=
-19,-60,y25Dtunoi/Yc2BHtvBer0a4If+E=,ZGhPhpdyIzWH8vHrlHdZ2/iKejU=
-20,-60,y25Dtunoi/Yc2BHtvBer0a4If+E=,ZGhPhpdyIzWH8vHrlHdZ2/iKejU=
-21,-60,y25Dtunoi/Yc2BHtvBer0a4If+E=,ZGhPhpdyIzWH8vHrlHdZ2/iKejU=
-22,-60,y25Dtunoi/Yc2BHtvBer0a4If+E=,ZGhPhpdyIzWH8vHrlHdZ2/iKejU=
-23,-60,y25Dtunoi/Yc2BHtvBer0a4If+E=,ZGhPhpdyIzWH8vHrlHdZ2/iKejU=
-24,-60,y25Dtunoi/Yc2BHtvBer0a4If+E=,ZGhPhpdyIzWH8vHrlHdZ2/iKejU=
-17,-61,y25Dtunoi/Yc2BHtvBer0a4If+E=,ZGhPhpdyIzWH8vHrlHdZ2/iKejU=
-18,-61,y25Dtunoi/Yc2BHtvBer0a4If+E=,ZGhPhpdyIzWH8vHrlHdZ2/iKejU=
-19,-61,y25Dtunoi/Yc2BHtvBer0a4If+E=,ZGhPhpdyIzWH8vHrlHdZ2/iKejU=
-17,-57,y25Dtunoi/Yc2BHtvBer0a4If+E=,ZGhPhpdyIzWH8vHrlHdZ2/iKejU=
-20,-51,y25Dtunoi/Yc2BHtvBer0a4If+E=,azMUW+RNyjN/8lEP+8ArFP9gFVw=
-24,-54,y25Dtunoi/Yc2BHtvBer0a4If+E=,azMUW+RNyjN/8lEP+8ArFP9gFVw=
-18,-57,y25Dtunoi/Yc2BHtvBer0a4If+E=,ZGhPhpdyIzWH8vHrlHdZ2/iKejU=
-21,-51,y25Dtunoi/Yc2BHtvBer0a4If+E=,azMUW+RNyjN/8lEP+8ArFP9gFVw=
-20,-57,y25Dtunoi/Yc2BHtvBer0a4If+E=,ZGhPhpdyIzWH8vHrlHdZ2/iKejU=
-21,-57,y25Dtunoi/Yc2BHtvBer0a4If+E=,ZGhPhpdyIzWH8vHrlHdZ2/iKejU=
-20,-52,y25Dtunoi/Yc2BHtvBer0a4If+E=,azMUW+RNyjN/8lEP+8ArFP9gFVw=
-20,-53,y25Dtunoi/Yc2BHtvBer0a4If+E=,azMUW+RNyjN/8lEP+8ArFP9gFVw=
-19,-52,y25Dtunoi/Yc2BHtvBer0a4If+E=,azMUW+RNyjN/8lEP+8ArFP9gFVw=
-22,-51,y25Dtunoi/Yc2BHtvBer0a4If+E=,azMUW+RNyjN/8lEP+8ArFP9gFVw=
-22,-57,y25Dtunoi/Yc2BHtvBer0a4If+E=,ZGhPhpdyIzWH8vHrlHdZ2/iKejU=
-23,-51,y25Dtunoi/Yc2BHtvBer0a4If+E=,azMUW+RNyjN/8lEP+8ArFP9gFVw=
-23,-57,y25Dtunoi/Yc2BHtvBer0a4If+E=,ZGhPhpdyIzWH8vHrlHdZ2/iKejU=
-24,-57,y25Dtunoi/Yc2BHtvBer0a4If+E=,ZGhPhpdyIzWH8vHrlHdZ2/iKejU=
-21,-53,y25Dtunoi/Yc2BHtvBer0a4If+E=,azMUW+RNyjN/8lEP+8ArFP9gFVw=
-24,-51,y25Dtunoi/Yc2BHtvBer0a4If+E=,azMUW+RNyjN/8lEP+8ArFP9gFVw=
-19,-57,y25Dtunoi/Yc2BHtvBer0a4If+E=,ZGhPhpdyIzWH8vHrlHdZ2/iKejU=
-19,-51,y25Dtunoi/Yc2BHtvBer0a4If+E=,azMUW+RNyjN/8lEP+8ArFP9gFVw=
-17,-54,y25Dtunoi/Yc2BHtvBer0a4If+E=,azMUW+RNyjN/8lEP+8ArFP9gFVw=
-18,-54,y25Dtunoi/Yc2BHtvBer0a4If+E=,azMUW+RNyjN/8lEP+8ArFP9gFVw=
-19,-53,y25Dtunoi/Yc2BHtvBer0a4If+E=,azMUW+RNyjN/8lEP+8ArFP9gFVw=
-20,-49,y25Dtunoi/Yc2BHtvBer0a4If+E=,azMUW+RNyjN/8lEP+8ArFP9gFVw=
-21,-49,y25Dtunoi/Yc2BHtvBer0a4If+E=,azMUW+RNyjN/8lEP+8ArFP9gFVw=
-22,-53,y25Dtunoi/Yc2BHtvBer0a4If+E=,azMUW+RNyjN/8lEP+8ArFP9gFVw=
-18,-51,y25Dtunoi/Yc2BHtvBer0a4If+E=,azMUW+RNyjN/8lEP+8ArFP9gFVw=
-17,-49,y25Dtunoi/Yc2BHtvBer0a4If+E=,azMUW+RNyjN/8lEP+8ArFP9gFVw=
-22,-49,y25Dtunoi/Yc2BHtvBer0a4If+E=,azMUW+RNyjN/8lEP+8ArFP9gFVw=
-23,-49,y25Dtunoi/Yc2BHtvBer0a4If+E=,azMUW+RNyjN/8lEP+8ArFP9gFVw=
-23,-53,y25Dtunoi/Yc2BHtvBer0a4If+E=,azMUW+RNyjN/8lEP+8ArFP9gFVw=
-24,-49,y25Dtunoi/Yc2BHtvBer0a4If+E=,azMUW+RNyjN/8lEP+8ArFP9gFVw=
-21,-52,y25Dtunoi/Yc2BHtvBer0a4If+E=,azMUW+RNyjN/8lEP+8ArFP9gFVw=
-19,-49,y25Dtunoi/Yc2BHtvBer0a4If+E=,azMUW+RNyjN/8lEP+8ArFP9gFVw=
-21,-56,y25Dtunoi/Yc2BHtvBer0a4If+E=,azMUW+RNyjN/8lEP+8ArFP9gFVw=
-22,-52,y25Dtunoi/Yc2BHtvBer0a4If+E=,azMUW+RNyjN/8lEP+8ArFP9gFVw=
-17,-52,y25Dtunoi/Yc2BHtvBer0a4If+E=,azMUW+RNyjN/8lEP+8ArFP9gFVw=
-18,-49,y25Dtunoi/Yc2BHtvBer0a4If+E=,azMUW+RNyjN/8lEP+8ArFP9gFVw=
-17,-55,y25Dtunoi/Yc2BHtvBer0a4If+E=,azMUW+RNyjN/8lEP+8ArFP9gFVw=
-20,-54,y25Dtunoi/Yc2BHtvBer0a4If+E=,azMUW+RNyjN/8lEP+8ArFP9gFVw=
-23,-52,y25Dtunoi/Yc2BHtvBer0a4If+E=,azMUW+RNyjN/8lEP+8ArFP9gFVw=
-18,-53,y25Dtunoi/Yc2BHtvBer0a4If+E=,azMUW+RNyjN/8lEP+8ArFP9gFVw=
-23,-54,y25Dtunoi/Yc2BHtvBer0a4If+E=,azMUW+RNyjN/8lEP+8ArFP9gFVw=
-17,-50,y25Dtunoi/Yc2BHtvBer0a4If+E=,azMUW+RNyjN/8lEP+8ArFP9gFVw=
-20,-50,y25Dtunoi/Yc2BHtvBer0a4If+E=,azMUW+RNyjN/8lEP+8ArFP9gFVw=
-17,-53,y25Dtunoi/Yc2BHtvBer0a4If+E=,azMUW+RNyjN/8lEP+8ArFP9gFVw=
-24,-56,y25Dtunoi/Yc2BHtvBer0a4If+E=,azMUW+RNyjN/8lEP+8ArFP9gFVw=
-18,-50,y25Dtunoi/Yc2BHtvBer0a4If+E=,azMUW+RNyjN/8lEP+8ArFP9gFVw=
-21,-50,y25Dtunoi/Yc2BHtvBer0a4If+E=,azMUW+RNyjN/8lEP+8ArFP9gFVw=
-22,-50,y25Dtunoi/Yc2BHtvBer0a4If+E=,azMUW+RNyjN/8lEP+8ArFP9gFVw=
-21,-54,y25Dtunoi/Yc2BHtvBer0a4If+E=,azMUW+RNyjN/8lEP+8ArFP9gFVw=
-24,-52,y25Dtunoi/Yc2BHtvBer0a4If+E=,azMUW+RNyjN/8lEP+8ArFP9gFVw=
-19,-54,y25Dtunoi/Yc2BHtvBer0a4If+E=,azMUW+RNyjN/8lEP+8ArFP9gFVw=
-18,-55,y25Dtunoi/Yc2BHtvBer0a4If+E=,azMUW+RNyjN/8lEP+8ArFP9gFVw=
-23,-50,y25Dtunoi/Yc2BHtvBer0a4If+E=,azMUW+RNyjN/8lEP+8ArFP9gFVw=
-19,-50,y25Dtunoi/Yc2BHtvBer0a4If+E=,azMUW+RNyjN/8lEP+8ArFP9gFVw=
-22,-55,y25Dtunoi/Yc2BHtvBer0a4If+E=,azMUW+RNyjN/8lEP+8ArFP9gFVw=
-24,-50,y25Dtunoi/Yc2BHtvBer0a4If+E=,azMUW+RNyjN/8lEP+8ArFP9gFVw=
-21,-55,y25Dtunoi/Yc2BHtvBer0a4If+E=,azMUW+RNyjN/8lEP+8ArFP9gFVw=
-24,-53,y25Dtunoi/Yc2BHtvBer0a4If+E=,azMUW+RNyjN/8lEP+8ArFP9gFVw=
-22,-56,y25Dtunoi/Yc2BHtvBer0a4If+E=,azMUW+RNyjN/8lEP+8ArFP9gFVw=
-23,-56,y25Dtunoi/Yc2BHtvBer0a4If+E=,azMUW+RNyjN/8lEP+8ArFP9gFVw=
-23,-55,y25Dtunoi/Yc2BHtvBer0a4If+E=,azMUW+RNyjN/8lEP+8ArFP9gFVw=
-24,-55,y25Dtunoi/Yc2BHtvBer0a4If+E=,azMUW+RNyjN/8lEP+8ArFP9gFVw=
-20,-56,y25Dtunoi/Yc2BHtvBer0a4If+E=,azMUW+RNyjN/8lEP+8ArFP9gFVw=
-20,-55,y25Dtunoi/Yc2BHtvBer0a4If+E=,azMUW+RNyjN/8lEP+8ArFP9gFVw=
-17,-56,y25Dtunoi/Yc2BHtvBer0a4If+E=,azMUW+RNyjN/8lEP+8ArFP9gFVw=
-22,-54,y25Dtunoi/Yc2BHtvBer0a4If+E=,azMUW+RNyjN/8lEP+8ArFP9gFVw=
-19,-55,y25Dtunoi/Yc2BHtvBer0a4If+E=,azMUW+RNyjN/8lEP+8ArFP9gFVw=
-17,-51,y25Dtunoi/Yc2BHtvBer0a4If+E=,azMUW+RNyjN/8lEP+8ArFP9gFVw=
-18,-52,y25Dtunoi/Yc2BHtvBer0a4If+E=,azMUW+RNyjN/8lEP+8ArFP9gFVw=
-18,-56,y25Dtunoi/Yc2BHtvBer0a4If+E=,azMUW+RNyjN/8lEP+8ArFP9gFVw=
-19,-56,y25Dtunoi/Yc2BHtvBer0a4If+E=,azMUW+RNyjN/8lEP+8ArFP9gFVw=
-24,-38,w+fuUgWjqfkMozBcCQOpxXBdnII=,sumUB9WdWvMl7ScBshNANK1/YE4=
-21,-35,w+fuUgWjqfkMozBcCQOpxXBdnII=,sumUB9WdWvMl7ScBshNANK1/YE4=
-22,-35,w+fuUgWjqfkMozBcCQOpxXBdnII=,sumUB9WdWvMl7ScBshNANK1/YE4=
-17,-38,8eb0YxbB84NpclRRj5FKVN58TVA=,sumUB9WdWvMl7ScBshNANK1/YE4=
-19,-36,8eb0YxbB84NpclRRj5FKVN58TVA=,sumUB9WdWvMl7ScBshNANK1/YE4=
-19,-37,8eb0YxbB84NpclRRj5FKVN58TVA=,sumUB9WdWvMl7ScBshNANK1/YE4=
-20,-36,8eb0YxbB84NpclRRj5FKVN58TVA=,sumUB9WdWvMl7ScBshNANK1/YE4=
-23,-35,8eb0YxbB84NpclRRj5FKVN58TVA=,sumUB9WdWvMl7ScBshNANK1/YE4=
-18,-39,8eb0YxbB84NpclRRj5FKVN58TVA=,sumUB9WdWvMl7ScBshNANK1/YE4=
-17,-39,8eb0YxbB84NpclRRj5FKVN58TVA=,sumUB9WdWvMl7ScBshNANK1/YE4=
-21,-37,8eb0YxbB84NpclRRj5FKVN58TVA=,sumUB9WdWvMl7ScBshNANK1/YE4=
-22,-39,8eb0YxbB84NpclRRj5FKVN58TVA=,sumUB9WdWvMl7ScBshNANK1/YE4=
-21,-39,8eb0YxbB84NpclRRj5FKVN58TVA=,sumUB9WdWvMl7ScBshNANK1/YE4=
-23,-39,8eb0YxbB84NpclRRj5FKVN58TVA=,sumUB9WdWvMl7ScBshNANK1/YE4=
-24,-39,8eb0YxbB84NpclRRj5FKVN58TVA=,sumUB9WdWvMl7ScBshNANK1/YE4=
-24,-35,8eb0YxbB84NpclRRj5FKVN58TVA=,sumUB9WdWvMl7ScBshNANK1/YE4=
-22,-37,8eb0YxbB84NpclRRj5FKVN58TVA=,sumUB9WdWvMl7ScBshNANK1/YE4=
-22,-36,8eb0YxbB84NpclRRj5FKVN58TVA=,sumUB9WdWvMl7ScBshNANK1/YE4=
-23,-36,8eb0YxbB84NpclRRj5FKVN58TVA=,sumUB9WdWvMl7ScBshNANK1/YE4=
-18,-38,8eb0YxbB84NpclRRj5FKVN58TVA=,sumUB9WdWvMl7ScBshNANK1/YE4=
-21,-36,8eb0YxbB84NpclRRj5FKVN58TVA=,sumUB9WdWvMl7ScBshNANK1/YE4=
-19,-39,8eb0YxbB84NpclRRj5FKVN58TVA=,sumUB9WdWvMl7ScBshNANK1/YE4=
-20,-39,8eb0YxbB84NpclRRj5FKVN58TVA=,sumUB9WdWvMl7ScBshNANK1/YE4=
-20,-45,8eb0YxbB84NpclRRj5FKVN58TVA=,Sk2mfHuY0EcB5RVaNxYZjk2nfWg=
-17,-41,8eb0YxbB84NpclRRj5FKVN58TVA=,Sk2mfHuY0EcB5RVaNxYZjk2nfWg=
-20,-37,8eb0YxbB84NpclRRj5FKVN58TVA=,sumUB9WdWvMl7ScBshNANK1/YE4=
-21,-33,8eb0YxbB84NpclRRj5FKVN58TVA=,sumUB9WdWvMl7ScBshNANK1/YE4=
-22,-33,8eb0YxbB84NpclRRj5FKVN58TVA=,sumUB9WdWvMl7ScBshNANK1/YE4=
-23,-33,8eb0YxbB84NpclRRj5FKVN58TVA=,sumUB9WdWvMl7ScBshNANK1/YE4=
-21,-45,8eb0YxbB84NpclRRj5FKVN58TVA=,Sk2mfHuY0EcB5RVaNxYZjk2nfWg=
-20,-33,8eb0YxbB84NpclRRj5FKVN58TVA=,sumUB9WdWvMl7ScBshNANK1/YE4=
-24,-36,8eb0YxbB84NpclRRj5FKVN58TVA=,sumUB9WdWvMl7ScBshNANK1/YE4=
-22,-45,8eb0YxbB84NpclRRj5FKVN58TVA=,Sk2mfHuY0EcB5RVaNxYZjk2nfWg=
-19,-38,8eb0YxbB84NpclRRj5FKVN58TVA=,sumUB9WdWvMl7ScBshNANK1/YE4=
-17,-33,8eb0YxbB84NpclRRj5FKVN58TVA=,sumUB9WdWvMl7ScBshNANK1/YE4=
-23,-45,8eb0YxbB84NpclRRj5FKVN58TVA=,Sk2mfHuY0EcB5RVaNxYZjk2nfWg=
-21,-38,8eb0YxbB84NpclRRj5FKVN58TVA=,sumUB9WdWvMl7ScBshNANK1/YE4=
-24,-33,8eb0YxbB84NpclRRj5FKVN58TVA=,sumUB9WdWvMl7ScBshNANK1/YE4=
-24,-45,8eb0YxbB84NpclRRj5FKVN58TVA=,Sk2mfHuY0EcB5RVaNxYZjk2nfWg=
-19,-45,8eb0YxbB84NpclRRj5FKVN58TVA=,Sk2mfHuY0EcB5RVaNxYZjk2nfWg=
-17,-34,8eb0YxbB84NpclRRj5FKVN58TVA=,sumUB9WdWvMl7ScBshNANK1/YE4=
-19,-33,8eb0YxbB84NpclRRj5FKVN58TVA=,sumUB9WdWvMl7ScBshNANK1/YE4=
-21,-41,8eb0YxbB84NpclRRj5FKVN58TVA=,Sk2mfHuY0EcB5RVaNxYZjk2nfWg=
-18,-33,8eb0YxbB84NpclRRj5FKVN58TVA=,sumUB9WdWvMl7ScBshNANK1/YE4=
-22,-38,8eb0YxbB84NpclRRj5FKVN58TVA=,sumUB9WdWvMl7ScBshNANK1/YE4=
-22,-41,8eb0YxbB84NpclRRj5FKVN58TVA=,Sk2mfHuY0EcB5RVaNxYZjk2nfWg=
-19,-41,8eb0YxbB84NpclRRj5FKVN58TVA=,Sk2mfHuY0EcB5RVaNxYZjk2nfWg=
-17,-37,8eb0YxbB84NpclRRj5FKVN58TVA=,sumUB9WdWvMl7ScBshNANK1/YE4=
-20,-38,8eb0YxbB84NpclRRj5FKVN58TVA=,sumUB9WdWvMl7ScBshNANK1/YE4=
-20,-41,8eb0YxbB84NpclRRj5FKVN58TVA=,Sk2mfHuY0EcB5RVaNxYZjk2nfWg=
-17,-46,8eb0YxbB84NpclRRj5FKVN58TVA=,Sk2mfHuY0EcB5RVaNxYZjk2nfWg=
-23,-41,8eb0YxbB84NpclRRj5FKVN58TVA=,Sk2mfHuY0EcB5RVaNxYZjk2nfWg=
-22,-34,8eb0YxbB84NpclRRj5FKVN58TVA=,sumUB9WdWvMl7ScBshNANK1/YE4=
-23,-34,8eb0YxbB84NpclRRj5FKVN58TVA=,sumUB9WdWvMl7ScBshNANK1/YE4=
-23,-38,8eb0YxbB84NpclRRj5FKVN58TVA=,sumUB9WdWvMl7ScBshNANK1/YE4=
-24,-41,8eb0YxbB84NpclRRj5FKVN58TVA=,Sk2mfHuY0EcB5RVaNxYZjk2nfWg=
-18,-34,8eb0YxbB84NpclRRj5FKVN58TVA=,sumUB9WdWvMl7ScBshNANK1/YE4=
-20,-34,8eb0YxbB84NpclRRj5FKVN58TVA=,sumUB9WdWvMl7ScBshNANK1/YE4=
-17,-42,8eb0YxbB84NpclRRj5FKVN58TVA=,Sk2mfHuY0EcB5RVaNxYZjk2nfWg=
-18,-45,8eb0YxbB84NpclRRj5FKVN58TVA=,Sk2mfHuY0EcB5RVaNxYZjk2nfWg=
-19,-34,8eb0YxbB84NpclRRj5FKVN58TVA=,sumUB9WdWvMl7ScBshNANK1/YE4=
-23,-37,8eb0YxbB84NpclRRj5FKVN58TVA=,sumUB9WdWvMl7ScBshNANK1/YE4=
-18,-37,8eb0YxbB84NpclRRj5FKVN58TVA=,sumUB9WdWvMl7ScBshNANK1/YE4=
-21,-34,8eb0YxbB84NpclRRj5FKVN58TVA=,sumUB9WdWvMl7ScBshNANK1/YE4=
-24,-34,8eb0YxbB84NpclRRj5FKVN58TVA=,sumUB9WdWvMl7ScBshNANK1/YE4=
-20,-46,8eb0YxbB84NpclRRj5FKVN58TVA=,Sk2mfHuY0EcB5RVaNxYZjk2nfWg=
-22,-46,8eb0YxbB84NpclRRj5FKVN58TVA=,Sk2mfHuY0EcB5RVaNxYZjk2nfWg=
-23,-46,8eb0YxbB84NpclRRj5FKVN58TVA=,Sk2mfHuY0EcB5RVaNxYZjk2nfWg=
-21,-46,8eb0YxbB84NpclRRj5FKVN58TVA=,Sk2mfHuY0EcB5RVaNxYZjk2nfWg=
-17,-36,8eb0YxbB84NpclRRj5FKVN58TVA=,sumUB9WdWvMl7ScBshNANK1/YE4=
-24,-46,8eb0YxbB84NpclRRj5FKVN58TVA=,Sk2mfHuY0EcB5RVaNxYZjk2nfWg=
-17,-45,8eb0YxbB84NpclRRj5FKVN58TVA=,Sk2mfHuY0EcB5RVaNxYZjk2nfWg=
-24,-44,8eb0YxbB84NpclRRj5FKVN58TVA=,Sk2mfHuY0EcB5RVaNxYZjk2nfWg=
-22,-44,8eb0YxbB84NpclRRj5FKVN58TVA=,Sk2mfHuY0EcB5RVaNxYZjk2nfWg=
-21,-44,8eb0YxbB84NpclRRj5FKVN58TVA=,Sk2mfHuY0EcB5RVaNxYZjk2nfWg=
-23,-44,8eb0YxbB84NpclRRj5FKVN58TVA=,Sk2mfHuY0EcB5RVaNxYZjk2nfWg=
-20,-44,8eb0YxbB84NpclRRj5FKVN58TVA=,Sk2mfHuY0EcB5RVaNxYZjk2nfWg=
-20,-42,8eb0YxbB84NpclRRj5FKVN58TVA=,Sk2mfHuY0EcB5RVaNxYZjk2nfWg=
-17,-35,8eb0YxbB84NpclRRj5FKVN58TVA=,sumUB9WdWvMl7ScBshNANK1/YE4=
-19,-46,8eb0YxbB84NpclRRj5FKVN58TVA=,Sk2mfHuY0EcB5RVaNxYZjk2nfWg=
-22,-42,8eb0YxbB84NpclRRj5FKVN58TVA=,Sk2mfHuY0EcB5RVaNxYZjk2nfWg=
-21,-42,8eb0YxbB84NpclRRj5FKVN58TVA=,Sk2mfHuY0EcB5RVaNxYZjk2nfWg=
-24,-37,8eb0YxbB84NpclRRj5FKVN58TVA=,sumUB9WdWvMl7ScBshNANK1/YE4=
-23,-42,8eb0YxbB84NpclRRj5FKVN58TVA=,Sk2mfHuY0EcB5RVaNxYZjk2nfWg=
-18,-42,8eb0YxbB84NpclRRj5FKVN58TVA=,Sk2mfHuY0EcB5RVaNxYZjk2nfWg=
-18,-46,8eb0YxbB84NpclRRj5FKVN58TVA=,Sk2mfHuY0EcB5RVaNxYZjk2nfWg=
-21,-40,8eb0YxbB84NpclRRj5FKVN58TVA=,sumUB9WdWvMl7ScBshNANK1/YE4=
-19,-42,8eb0YxbB84NpclRRj5FKVN58TVA=,Sk2mfHuY0EcB5RVaNxYZjk2nfWg=
-18,-36,8eb0YxbB84NpclRRj5FKVN58TVA=,sumUB9WdWvMl7ScBshNANK1/YE4=
-17,-47,8eb0YxbB84NpclRRj5FKVN58TVA=,Sk2mfHuY0EcB5RVaNxYZjk2nfWg=
-18,-35,8eb0YxbB84NpclRRj5FKVN58TVA=,sumUB9WdWvMl7ScBshNANK1/YE4=
-22,-40,8eb0YxbB84NpclRRj5FKVN58TVA=,sumUB9WdWvMl7ScBshNANK1/YE4=
-19,-44,8eb0YxbB84NpclRRj5FKVN58TVA=,Sk2mfHuY0EcB5RVaNxYZjk2nfWg=
-24,-42,8eb0YxbB84NpclRRj5FKVN58TVA=,Sk2mfHuY0EcB5RVaNxYZjk2nfWg=
-20,-35,8eb0YxbB84NpclRRj5FKVN58TVA=,sumUB9WdWvMl7ScBshNANK1/YE4=
-23,-40,8eb0YxbB84NpclRRj5FKVN58TVA=,sumUB9WdWvMl7ScBshNANK1/YE4=
-17,-40,8eb0YxbB84NpclRRj5FKVN58TVA=,sumUB9WdWvMl7ScBshNANK1/YE4=
-19,-35,8eb0YxbB84NpclRRj5FKVN58TVA=,sumUB9WdWvMl7ScBshNANK1/YE4=
-20,-47,8eb0YxbB84NpclRRj5FKVN58TVA=,Sk2mfHuY0EcB5RVaNxYZjk2nfWg=
-17,-43,8eb0YxbB84NpclRRj5FKVN58TVA=,Sk2mfHuY0EcB5RVaNxYZjk2nfWg=
-20,-40,8eb0YxbB84NpclRRj5FKVN58TVA=,sumUB9WdWvMl7ScBshNANK1/YE4=
-21,-47,8eb0YxbB84NpclRRj5FKVN58TVA=,Sk2mfHuY0EcB5RVaNxYZjk2nfWg=
-19,-40,8eb0YxbB84NpclRRj5FKVN58TVA=,sumUB9WdWvMl7ScBshNANK1/YE4=
-24,-40,8eb0YxbB84NpclRRj5FKVN58TVA=,sumUB9WdWvMl7ScBshNANK1/YE4=
-22,-47,8eb0YxbB84NpclRRj5FKVN58TVA=,Sk2mfHuY0EcB5RVaNxYZjk2nfWg=
-18,-47,8eb0YxbB84NpclRRj5FKVN58TVA=,Sk2mfHuY0EcB5RVaNxYZjk2nfWg=
-19,-47,8eb0YxbB84NpclRRj5FKVN58TVA=,Sk2mfHuY0EcB5RVaNxYZjk2nfWg=
-21,-43,8eb0YxbB84NpclRRj5FKVN58TVA=,Sk2mfHuY0EcB5RVaNxYZjk2nfWg=
-23,-47,8eb0YxbB84NpclRRj5FKVN58TVA=,Sk2mfHuY0EcB5RVaNxYZjk2nfWg=
-22,-43,8eb0YxbB84NpclRRj5FKVN58TVA=,Sk2mfHuY0EcB5RVaNxYZjk2nfWg=
-23,-43,8eb0YxbB84NpclRRj5FKVN58TVA=,Sk2mfHuY0EcB5RVaNxYZjk2nfWg=
-18,-44,8eb0YxbB84NpclRRj5FKVN58TVA=,Sk2mfHuY0EcB5RVaNxYZjk2nfWg=
-24,-47,8eb0YxbB84NpclRRj5FKVN58TVA=,Sk2mfHuY0EcB5RVaNxYZjk2nfWg=
-24,-48,8eb0YxbB84NpclRRj5FKVN58TVA=,Sk2mfHuY0EcB5RVaNxYZjk2nfWg=
-23,-48,8eb0YxbB84NpclRRj5FKVN58TVA=,Sk2mfHuY0EcB5RVaNxYZjk2nfWg=
-22,-48,8eb0YxbB84NpclRRj5FKVN58TVA=,Sk2mfHuY0EcB5RVaNxYZjk2nfWg=
-21,-48,8eb0YxbB84NpclRRj5FKVN58TVA=,Sk2mfHuY0EcB5RVaNxYZjk2nfWg=
-20,-43,8eb0YxbB84NpclRRj5FKVN58TVA=,Sk2mfHuY0EcB5RVaNxYZjk2nfWg=
-20,-48,8eb0YxbB84NpclRRj5FKVN58TVA=,Sk2mfHuY0EcB5RVaNxYZjk2nfWg=
-24,-43,8eb0YxbB84NpclRRj5FKVN58TVA=,Sk2mfHuY0EcB5RVaNxYZjk2nfWg=
-18,-41,8eb0YxbB84NpclRRj5FKVN58TVA=,Sk2mfHuY0EcB5RVaNxYZjk2nfWg=
-19,-43,8eb0YxbB84NpclRRj5FKVN58TVA=,Sk2mfHuY0EcB5RVaNxYZjk2nfWg=
-17,-48,8eb0YxbB84NpclRRj5FKVN58TVA=,Sk2mfHuY0EcB5RVaNxYZjk2nfWg=
-18,-43,8eb0YxbB84NpclRRj5FKVN58TVA=,Sk2mfHuY0EcB5RVaNxYZjk2nfWg=
-18,-40,8eb0YxbB84NpclRRj5FKVN58TVA=,sumUB9WdWvMl7ScBshNANK1/YE4=
-17,-44,8eb0YxbB84NpclRRj5FKVN58TVA=,Sk2mfHuY0EcB5RVaNxYZjk2nfWg=
-19,-48,8eb0YxbB84NpclRRj5FKVN58TVA=,Sk2mfHuY0EcB5RVaNxYZjk2nfWg=
-18,-48,8eb0YxbB84NpclRRj5FKVN58TVA=,Sk2mfHuY0EcB5RVaNxYZjk2nfWg=
