-27,6,sYfFRwJiZ0ujaXrJ+P20mOlnPsE=,ksGk3Wpyu/S/dm4QwkYD5VtcIv8=
-27,4,sYfFRwJiZ0ujaXrJ+P20mOlnPsE=,ksGk3Wpyu/S/dm4QwkYD5VtcIv8=
-28,6,sYfFRwJiZ0ujaXrJ+P20mOlnPsE=,ksGk3Wpyu/S/dm4QwkYD5VtcIv8=
-29,6,sYfFRwJiZ0ujaXrJ+P20mOlnPsE=,ksGk3Wpyu/S/dm4QwkYD5VtcIv8=
-31,4,sYfFRwJiZ0ujaXrJ+P20mOlnPsE=,ksGk3Wpyu/S/dm4QwkYD5VtcIv8=
-26,2,sYfFRwJiZ0ujaXrJ+P20mOlnPsE=,ksGk3Wpyu/S/dm4QwkYD5VtcIv8=
-31,1,sYfFRwJiZ0ujaXrJ+P20mOlnPsE=,ksGk3Wpyu/S/dm4QwkYD5VtcIv8=
-26,4,sYfFRwJiZ0ujaXrJ+P20mOlnPsE=,ksGk3Wpyu/S/dm4QwkYD5VtcIv8=
-27,3,sYfFRwJiZ0ujaXrJ+P20mOlnPsE=,ksGk3Wpyu/S/dm4QwkYD5VtcIv8=
-26,3,sYfFRwJiZ0ujaXrJ+P20mOlnPsE=,ksGk3Wpyu/S/dm4QwkYD5VtcIv8=
-30,6,sYfFRwJiZ0ujaXrJ+P20mOlnPsE=,ksGk3Wpyu/S/dm4QwkYD5VtcIv8=
-29,3,sYfFRwJiZ0ujaXrJ+P20mOlnPsE=,ksGk3Wpyu/S/dm4QwkYD5VtcIv8=
-30,4,sYfFRwJiZ0ujaXrJ+P20mOlnPsE=,ksGk3Wpyu/S/dm4QwkYD5VtcIv8=
-31,6,sYfFRwJiZ0ujaXrJ+P20mOlnPsE=,ksGk3Wpyu/S/dm4QwkYD5VtcIv8=
-30,3,sYfFRwJiZ0ujaXrJ+P20mOlnPsE=,ksGk3Wpyu/S/dm4QwkYD5VtcIv8=
-28,3,sYfFRwJiZ0ujaXrJ+P20mOlnPsE=,ksGk3Wpyu/S/dm4QwkYD5VtcIv8=
-31,2,sYfFRwJiZ0ujaXrJ+P20mOlnPsE=,ksGk3Wpyu/S/dm4QwkYD5VtcIv8=
-30,2,sYfFRwJiZ0ujaXrJ+P20mOlnPsE=,ksGk3Wpyu/S/dm4QwkYD5VtcIv8=
-26,1,sYfFRwJiZ0ujaXrJ+P20mOlnPsE=,ksGk3Wpyu/S/dm4QwkYD5VtcIv8=
-28,5,sYfFRwJiZ0ujaXrJ+P20mOlnPsE=,ksGk3Wpyu/S/dm4QwkYD5VtcIv8=
-27,5,sYfFRwJiZ0ujaXrJ+P20mOlnPsE=,ksGk3Wpyu/S/dm4QwkYD5VtcIv8=
-29,5,sYfFRwJiZ0ujaXrJ+P20mOlnPsE=,ksGk3Wpyu/S/dm4QwkYD5VtcIv8=
-31,3,sYfFRwJiZ0ujaXrJ+P20mOlnPsE=,ksGk3Wpyu/S/dm4QwkYD5VtcIv8=
-27,1,sYfFRwJiZ0ujaXrJ+P20mOlnPsE=,ksGk3Wpyu/S/dm4QwkYD5VtcIv8=
-26,6,sYfFRwJiZ0ujaXrJ+P20mOlnPsE=,ksGk3Wpyu/S/dm4QwkYD5VtcIv8=
-26,5,sYfFRwJiZ0ujaXrJ+P20mOlnPsE=,ksGk3Wpyu/S/dm4QwkYD5VtcIv8=
-30,5,sYfFRwJiZ0ujaXrJ+P20mOlnPsE=,ksGk3Wpyu/S/dm4QwkYD5VtcIv8=
-29,2,sYfFRwJiZ0ujaXrJ+P20mOlnPsE=,ksGk3Wpyu/S/dm4QwkYD5VtcIv8=
-27,2,sYfFRwJiZ0ujaXrJ+P20mOlnPsE=,ksGk3Wpyu/S/dm4QwkYD5VtcIv8=
-30,1,sYfFRwJiZ0ujaXrJ+P20mOlnPsE=,ksGk3Wpyu/S/dm4QwkYD5VtcIv8=
-28,4,sYfFRwJiZ0ujaXrJ+P20mOlnPsE=,ksGk3Wpyu/S/dm4QwkYD5VtcIv8=
-31,5,sYfFRwJiZ0ujaXrJ+P20mOlnPsE=,ksGk3Wpyu/S/dm4QwkYD5VtcIv8=
-28,1,sYfFRwJiZ0ujaXrJ+P20mOlnPsE=,ksGk3Wpyu/S/dm4QwkYD5VtcIv8=
-28,2,sYfFRwJiZ0ujaXrJ+P20mOlnPsE=,ksGk3Wpyu/S/dm4QwkYD5VtcIv8=
-29,4,sYfFRwJiZ0ujaXrJ+P20mOlnPsE=,ksGk3Wpyu/S/dm4QwkYD5VtcIv8=
-29,1,sYfFRwJiZ0ujaXrJ+P20mOlnPsE=,ksGk3Wpyu/S/dm4QwkYD5VtcIv8=
-20,13,LoUznhuIfgtBsrp4Hhr0krfl9dI=,aEW6Ipa2+cT2ekbx6ICIowY5nMQ=
-19,13,LoUznhuIfgtBsrp4Hhr0krfl9dI=,aEW6Ipa2+cT2ekbx6ICIowY5nMQ=
-18,13,LoUznhuIfgtBsrp4Hhr0krfl9dI=,aEW6Ipa2+cT2ekbx6ICIowY5nMQ=
-23,14,LoUznhuIfgtBsrp4Hhr0krfl9dI=,aEW6Ipa2+cT2ekbx6ICIowY5nMQ=
-22,14,LoUznhuIfgtBsrp4Hhr0krfl9dI=,aEW6Ipa2+cT2ekbx6ICIowY5nMQ=
-21,14,LoUznhuIfgtBsrp4Hhr0krfl9dI=,aEW6Ipa2+cT2ekbx6ICIowY5nMQ=
-23,13,LoUznhuIfgtBsrp4Hhr0krfl9dI=,aEW6Ipa2+cT2ekbx6ICIowY5nMQ=
-20,14,LoUznhuIfgtBsrp4Hhr0krfl9dI=,aEW6Ipa2+cT2ekbx6ICIowY5nMQ=
-22,13,LoUznhuIfgtBsrp4Hhr0krfl9dI=,aEW6Ipa2+cT2ekbx6ICIowY5nMQ=
-21,13,LoUznhuIfgtBsrp4Hhr0krfl9dI=,aEW6Ipa2+cT2ekbx6ICIowY5nMQ=
-18,12,LoUznhuIfgtBsrp4Hhr0krfl9dI=,aEW6Ipa2+cT2ekbx6ICIowY5nMQ=
-19,12,LoUznhuIfgtBsrp4Hhr0krfl9dI=,aEW6Ipa2+cT2ekbx6ICIowY5nMQ=
-21,12,LoUznhuIfgtBsrp4Hhr0krfl9dI=,aEW6Ipa2+cT2ekbx6ICIowY5nMQ=
-22,12,LoUznhuIfgtBsrp4Hhr0krfl9dI=,aEW6Ipa2+cT2ekbx6ICIowY5nMQ=
-19,14,LoUznhuIfgtBsrp4Hhr0krfl9dI=,aEW6Ipa2+cT2ekbx6ICIowY5nMQ=
-18,14,LoUznhuIfgtBsrp4Hhr0krfl9dI=,aEW6Ipa2+cT2ekbx6ICIowY5nMQ=
-23,9,LoUznhuIfgtBsrp4Hhr0krfl9dI=,aEW6Ipa2+cT2ekbx6ICIowY5nMQ=
-19,11,LoUznhuIfgtBsrp4Hhr0krfl9dI=,aEW6Ipa2+cT2ekbx6ICIowY5nMQ=
-22,9,LoUznhuIfgtBsrp4Hhr0krfl9dI=,aEW6Ipa2+cT2ekbx6ICIowY5nMQ=
-23,12,LoUznhuIfgtBsrp4Hhr0krfl9dI=,aEW6Ipa2+cT2ekbx6ICIowY5nMQ=
-18,11,LoUznhuIfgtBsrp4Hhr0krfl9dI=,aEW6Ipa2+cT2ekbx6ICIowY5nMQ=
-21,11,LoUznhuIfgtBsrp4Hhr0krfl9dI=,aEW6Ipa2+cT2ekbx6ICIowY5nMQ=
-22,11,LoUznhuIfgtBsrp4Hhr0krfl9dI=,aEW6Ipa2+cT2ekbx6ICIowY5nMQ=
-21,9,LoUznhuIfgtBsrp4Hhr0krfl9dI=,aEW6Ipa2+cT2ekbx6ICIowY5nMQ=
-18,10,LoUznhuIfgtBsrp4Hhr0krfl9dI=,aEW6Ipa2+cT2ekbx6ICIowY5nMQ=
-23,11,LoUznhuIfgtBsrp4Hhr0krfl9dI=,aEW6Ipa2+cT2ekbx6ICIowY5nMQ=
-19,10,LoUznhuIfgtBsrp4Hhr0krfl9dI=,aEW6Ipa2+cT2ekbx6ICIowY5nMQ=
-20,11,LoUznhuIfgtBsrp4Hhr0krfl9dI=,aEW6Ipa2+cT2ekbx6ICIowY5nMQ=
-20,10,LoUznhuIfgtBsrp4Hhr0krfl9dI=,aEW6Ipa2+cT2ekbx6ICIowY5nMQ=
-20,12,LoUznhuIfgtBsrp4Hhr0krfl9dI=,aEW6Ipa2+cT2ekbx6ICIowY5nMQ=
-20,9,LoUznhuIfgtBsrp4Hhr0krfl9dI=,aEW6Ipa2+cT2ekbx6ICIowY5nMQ=
-21,10,LoUznhuIfgtBsrp4Hhr0krfl9dI=,aEW6Ipa2+cT2ekbx6ICIowY5nMQ=
-22,10,LoUznhuIfgtBsrp4Hhr0krfl9dI=,aEW6Ipa2+cT2ekbx6ICIowY5nMQ=
-23,10,LoUznhuIfgtBsrp4Hhr0krfl9dI=,aEW6Ipa2+cT2ekbx6ICIowY5nMQ=
-18,9,LoUznhuIfgtBsrp4Hhr0krfl9dI=,aEW6Ipa2+cT2ekbx6ICIowY5nMQ=
-20,3,5msVd08/+DoB8MtwjtfHK2YUERY=,l849tWYwVqH9pfT6fZ2brfFEkvg=
-19,9,LoUznhuIfgtBsrp4Hhr0krfl9dI=,aEW6Ipa2+cT2ekbx6ICIowY5nMQ=
-21,4,LoUznhuIfgtBsrp4Hhr0krfl9dI=,l849tWYwVqH9pfT6fZ2brfFEkvg=
-19,3,LoUznhuIfgtBsrp4Hhr0krfl9dI=,l849tWYwVqH9pfT6fZ2brfFEkvg=
-22,3,5msVd08/+DoB8MtwjtfHK2YUERY=,l849tWYwVqH9pfT6fZ2brfFEkvg=
-21,3,5msVd08/+DoB8MtwjtfHK2YUERY=,l849tWYwVqH9pfT6fZ2brfFEkvg=
-25,4,LoUznhuIfgtBsrp4Hhr0krfl9dI=,ksGk3Wpyu/S/dm4QwkYD5VtcIv8=
-19,7,LoUznhuIfgtBsrp4Hhr0krfl9dI=,l849tWYwVqH9pfT6fZ2brfFEkvg=
-23,8,LoUznhuIfgtBsrp4Hhr0krfl9dI=,aEW6Ipa2+cT2ekbx6ICIowY5nMQ=
-24,3,5msVd08/+DoB8MtwjtfHK2YUERY=,l849tWYwVqH9pfT6fZ2brfFEkvg=
-22,8,LoUznhuIfgtBsrp4Hhr0krfl9dI=,aEW6Ipa2+cT2ekbx6ICIowY5nMQ=
-24,4,LoUznhuIfgtBsrp4Hhr0krfl9dI=,l849tWYwVqH9pfT6fZ2brfFEkvg=
-21,7,LoUznhuIfgtBsrp4Hhr0krfl9dI=,l849tWYwVqH9pfT6fZ2brfFEkvg=
-18,7,LoUznhuIfgtBsrp4Hhr0krfl9dI=,l849tWYwVqH9pfT6fZ2brfFEkvg=
-23,7,LoUznhuIfgtBsrp4Hhr0krfl9dI=,l849tWYwVqH9pfT6fZ2brfFEkvg=
-23,4,LoUznhuIfgtBsrp4Hhr0krfl9dI=,l849tWYwVqH9pfT6fZ2brfFEkvg=
-22,4,LoUznhuIfgtBsrp4Hhr0krfl9dI=,l849tWYwVqH9pfT6fZ2brfFEkvg=
-21,8,LoUznhuIfgtBsrp4Hhr0krfl9dI=,aEW6Ipa2+cT2ekbx6ICIowY5nMQ=
-20,7,LoUznhuIfgtBsrp4Hhr0krfl9dI=,l849tWYwVqH9pfT6fZ2brfFEkvg=
-22,7,LoUznhuIfgtBsrp4Hhr0krfl9dI=,l849tWYwVqH9pfT6fZ2brfFEkvg=
-18,3,LoUznhuIfgtBsrp4Hhr0krfl9dI=,l849tWYwVqH9pfT6fZ2brfFEkvg=
-19,2,5msVd08/+DoB8MtwjtfHK2YUERY=,l849tWYwVqH9pfT6fZ2brfFEkvg=
-23,3,5msVd08/+DoB8MtwjtfHK2YUERY=,l849tWYwVqH9pfT6fZ2brfFEkvg=
-20,2,5msVd08/+DoB8MtwjtfHK2YUERY=,l849tWYwVqH9pfT6fZ2brfFEkvg=
-20,4,LoUznhuIfgtBsrp4Hhr0krfl9dI=,l849tWYwVqH9pfT6fZ2brfFEkvg=
-18,2,5msVd08/+DoB8MtwjtfHK2YUERY=,l849tWYwVqH9pfT6fZ2brfFEkvg=
-25,5,LoUznhuIfgtBsrp4Hhr0krfl9dI=,ksGk3Wpyu/S/dm4QwkYD5VtcIv8=
-20,8,LoUznhuIfgtBsrp4Hhr0krfl9dI=,aEW6Ipa2+cT2ekbx6ICIowY5nMQ=
-21,2,5msVd08/+DoB8MtwjtfHK2YUERY=,l849tWYwVqH9pfT6fZ2brfFEkvg=
-22,2,5msVd08/+DoB8MtwjtfHK2YUERY=,l849tWYwVqH9pfT6fZ2brfFEkvg=
-23,2,5msVd08/+DoB8MtwjtfHK2YUERY=,l849tWYwVqH9pfT6fZ2brfFEkvg=
-24,2,5msVd08/+DoB8MtwjtfHK2YUERY=,l849tWYwVqH9pfT6fZ2brfFEkvg=
-19,4,LoUznhuIfgtBsrp4Hhr0krfl9dI=,l849tWYwVqH9pfT6fZ2brfFEkvg=
-18,4,LoUznhuIfgtBsrp4Hhr0krfl9dI=,l849tWYwVqH9pfT6fZ2brfFEkvg=
-24,5,LoUznhuIfgtBsrp4Hhr0krfl9dI=,l849tWYwVqH9pfT6fZ2brfFEkvg=
-25,1,5msVd08/+DoB8MtwjtfHK2YUERY=,ksGk3Wpyu/S/dm4QwkYD5VtcIv8=
-19,8,LoUznhuIfgtBsrp4Hhr0krfl9dI=,aEW6Ipa2+cT2ekbx6ICIowY5nMQ=
-18,8,LoUznhuIfgtBsrp4Hhr0krfl9dI=,aEW6Ipa2+cT2ekbx6ICIowY5nMQ=
-18,6,5msVd08/+DoB8MtwjtfHK2YUERY=,l849tWYwVqH9pfT6fZ2brfFEkvg=
-23,5,LoUznhuIfgtBsrp4Hhr0krfl9dI=,l849tWYwVqH9pfT6fZ2brfFEkvg=
-18,1,5msVd08/+DoB8MtwjtfHK2YUERY=,l849tWYwVqH9pfT6fZ2brfFEkvg=
-22,5,5msVd08/+DoB8MtwjtfHK2YUERY=,l849tWYwVqH9pfT6fZ2brfFEkvg=
-21,5,5msVd08/+DoB8MtwjtfHK2YUERY=,l849tWYwVqH9pfT6fZ2brfFEkvg=
-19,6,5msVd08/+DoB8MtwjtfHK2YUERY=,l849tWYwVqH9pfT6fZ2brfFEkvg=
-19,1,5msVd08/+DoB8MtwjtfHK2YUERY=,l849tWYwVqH9pfT6fZ2brfFEkvg=
-21,1,LoUznhuIfgtBsrp4Hhr0krfl9dI=,l849tWYwVqH9pfT6fZ2brfFEkvg=
-20,1,5msVd08/+DoB8MtwjtfHK2YUERY=,l849tWYwVqH9pfT6fZ2brfFEkvg=
-23,1,5msVd08/+DoB8MtwjtfHK2YUERY=,l849tWYwVqH9pfT6fZ2brfFEkvg=
-22,1,5msVd08/+DoB8MtwjtfHK2YUERY=,l849tWYwVqH9pfT6fZ2brfFEkvg=
-24,1,5msVd08/+DoB8MtwjtfHK2YUERY=,l849tWYwVqH9pfT6fZ2brfFEkvg=
-20,6,5msVd08/+DoB8MtwjtfHK2YUERY=,l849tWYwVqH9pfT6fZ2brfFEkvg=
-25,2,LoUznhuIfgtBsrp4Hhr0krfl9dI=,ksGk3Wpyu/S/dm4QwkYD5VtcIv8=
-21,6,5msVd08/+DoB8MtwjtfHK2YUERY=,l849tWYwVqH9pfT6fZ2brfFEkvg=
-25,3,5msVd08/+DoB8MtwjtfHK2YUERY=,ksGk3Wpyu/S/dm4QwkYD5VtcIv8=
-20,5,5msVd08/+DoB8MtwjtfHK2YUERY=,l849tWYwVqH9pfT6fZ2brfFEkvg=
-24,6,5msVd08/+DoB8MtwjtfHK2YUERY=,l849tWYwVqH9pfT6fZ2brfFEkvg=
-22,6,5msVd08/+DoB8MtwjtfHK2YUERY=,l849tWYwVqH9pfT6fZ2brfFEkvg=
-25,6,5msVd08/+DoB8MtwjtfHK2YUERY=,ksGk3Wpyu/S/dm4QwkYD5VtcIv8=
-23,6,5msVd08/+DoB8MtwjtfHK2YUERY=,l849tWYwVqH9pfT6fZ2brfFEkvg=
-18,5,5msVd08/+DoB8MtwjtfHK2YUERY=,l849tWYwVqH9pfT6fZ2brfFEkvg=
-19,5,5msVd08/+DoB8MtwjtfHK2YUERY=,l849tWYwVqH9pfT6fZ2brfFEkvg=
-28,7,LoUznhuIfgtBsrp4Hhr0krfl9dI=,ksGk3Wpyu/S/dm4QwkYD5VtcIv8=
-27,7,LoUznhuIfgtBsrp4Hhr0krfl9dI=,ksGk3Wpyu/S/dm4QwkYD5VtcIv8=
-26,7,LoUznhuIfgtBsrp4Hhr0krfl9dI=,ksGk3Wpyu/S/dm4QwkYD5VtcIv8=
-25,7,LoUznhuIfgtBsrp4Hhr0krfl9dI=,ksGk3Wpyu/S/dm4QwkYD5VtcIv8=
-29,7,LoUznhuIfgtBsrp4Hhr0krfl9dI=,ksGk3Wpyu/S/dm4QwkYD5VtcIv8=
-24,7,LoUznhuIfgtBsrp4Hhr0krfl9dI=,l849tWYwVqH9pfT6fZ2brfFEkvg=
-24,13,LoUznhuIfgtBsrp4Hhr0krfl9dI=,aEW6Ipa2+cT2ekbx6ICIowY5nMQ=
-26,14,LoUznhuIfgtBsrp4Hhr0krfl9dI=,ngGcGkG4GvxFmqoe9G6A6eH9pdE=
-31,8,LoUznhuIfgtBsrp4Hhr0krfl9dI=,ngGcGkG4GvxFmqoe9G6A6eH9pdE=
-30,7,LoUznhuIfgtBsrp4Hhr0krfl9dI=,ksGk3Wpyu/S/dm4QwkYD5VtcIv8=
-31,7,LoUznhuIfgtBsrp4Hhr0krfl9dI=,ksGk3Wpyu/S/dm4QwkYD5VtcIv8=
-24,8,LoUznhuIfgtBsrp4Hhr0krfl9dI=,aEW6Ipa2+cT2ekbx6ICIowY5nMQ=
-25,14,LoUznhuIfgtBsrp4Hhr0krfl9dI=,ngGcGkG4GvxFmqoe9G6A6eH9pdE=
-30,8,LoUznhuIfgtBsrp4Hhr0krfl9dI=,ngGcGkG4GvxFmqoe9G6A6eH9pdE=
-29,8,LoUznhuIfgtBsrp4Hhr0krfl9dI=,ngGcGkG4GvxFmqoe9G6A6eH9pdE=
-28,14,LoUznhuIfgtBsrp4Hhr0krfl9dI=,ngGcGkG4GvxFmqoe9G6A6eH9pdE=
-25,13,LoUznhuIfgtBsrp4Hhr0krfl9dI=,ngGcGkG4GvxFmqoe9G6A6eH9pdE=
-24,14,LoUznhuIfgtBsrp4Hhr0krfl9dI=,aEW6Ipa2+cT2ekbx6ICIowY5nMQ=
-27,14,LoUznhuIfgtBsrp4Hhr0krfl9dI=,ngGcGkG4GvxFmqoe9G6A6eH9pdE=
-31,14,LoUznhuIfgtBsrp4Hhr0krfl9dI=,ngGcGkG4GvxFmqoe9G6A6eH9pdE=
-27,8,LoUznhuIfgtBsrp4Hhr0krfl9dI=,ngGcGkG4GvxFmqoe9G6A6eH9pdE=
-28,8,LoUznhuIfgtBsrp4Hhr0krfl9dI=,ngGcGkG4GvxFmqoe9G6A6eH9pdE=
-30,14,LoUznhuIfgtBsrp4Hhr0krfl9dI=,ngGcGkG4GvxFmqoe9G6A6eH9pdE=
-26,13,LoUznhuIfgtBsrp4Hhr0krfl9dI=,ngGcGkG4GvxFmqoe9G6A6eH9pdE=
-24,12,LoUznhuIfgtBsrp4Hhr0krfl9dI=,aEW6Ipa2+cT2ekbx6ICIowY5nMQ=
-24,9,LoUznhuIfgtBsrp4Hhr0krfl9dI=,aEW6Ipa2+cT2ekbx6ICIowY5nMQ=
-31,13,LoUznhuIfgtBsrp4Hhr0krfl9dI=,ngGcGkG4GvxFmqoe9G6A6eH9pdE=
-27,13,LoUznhuIfgtBsrp4Hhr0krfl9dI=,ngGcGkG4GvxFmqoe9G6A6eH9pdE=
-29,13,LoUznhuIfgtBsrp4Hhr0krfl9dI=,ngGcGkG4GvxFmqoe9G6A6eH9pdE=
-26,8,LoUznhuIfgtBsrp4Hhr0krfl9dI=,ngGcGkG4GvxFmqoe9G6A6eH9pdE=
-30,13,LoUznhuIfgtBsrp4Hhr0krfl9dI=,ngGcGkG4GvxFmqoe9G6A6eH9pdE=
-25,8,LoUznhuIfgtBsrp4Hhr0krfl9dI=,ngGcGkG4GvxFmqoe9G6A6eH9pdE=
-24,11,LoUznhuIfgtBsrp4Hhr0krfl9dI=,aEW6Ipa2+cT2ekbx6ICIowY5nMQ=
-25,12,LoUznhuIfgtBsrp4Hhr0krfl9dI=,ngGcGkG4GvxFmqoe9G6A6eH9pdE=
-31,9,LoUznhuIfgtBsrp4Hhr0krfl9dI=,ngGcGkG4GvxFmqoe9G6A6eH9pdE=
-26,12,LoUznhuIfgtBsrp4Hhr0krfl9dI=,ngGcGkG4GvxFmqoe9G6A6eH9pdE=
-27,12,LoUznhuIfgtBsrp4Hhr0krfl9dI=,ngGcGkG4GvxFmqoe9G6A6eH9pdE=
-30,9,LoUznhuIfgtBsrp4Hhr0krfl9dI=,ngGcGkG4GvxFmqoe9G6A6eH9pdE=
-29,9,LoUznhuIfgtBsrp4Hhr0krfl9dI=,ngGcGkG4GvxFmqoe9G6A6eH9pdE=
-28,9,LoUznhuIfgtBsrp4Hhr0krfl9dI=,ngGcGkG4GvxFmqoe9G6A6eH9pdE=
-27,9,LoUznhuIfgtBsrp4Hhr0krfl9dI=,ngGcGkG4GvxFmqoe9G6A6eH9pdE=
-29,12,LoUznhuIfgtBsrp4Hhr0krfl9dI=,ngGcGkG4GvxFmqoe9G6A6eH9pdE=
-30,12,LoUznhuIfgtBsrp4Hhr0krfl9dI=,ngGcGkG4GvxFmqoe9G6A6eH9pdE=
-26,9,LoUznhuIfgtBsrp4Hhr0krfl9dI=,ngGcGkG4GvxFmqoe9G6A6eH9pdE=
-28,13,LoUznhuIfgtBsrp4Hhr0krfl9dI=,ngGcGkG4GvxFmqoe9G6A6eH9pdE=
-28,12,LoUznhuIfgtBsrp4Hhr0krfl9dI=,ngGcGkG4GvxFmqoe9G6A6eH9pdE=
-28,11,LoUznhuIfgtBsrp4Hhr0krfl9dI=,ngGcGkG4GvxFmqoe9G6A6eH9pdE=
-29,11,LoUznhuIfgtBsrp4Hhr0krfl9dI=,ngGcGkG4GvxFmqoe9G6A6eH9pdE=
-25,9,LoUznhuIfgtBsrp4Hhr0krfl9dI=,ngGcGkG4GvxFmqoe9G6A6eH9pdE=
-29,14,LoUznhuIfgtBsrp4Hhr0krfl9dI=,ngGcGkG4GvxFmqoe9G6A6eH9pdE=
-25,11,LoUznhuIfgtBsrp4Hhr0krfl9dI=,ngGcGkG4GvxFmqoe9G6A6eH9pdE=
-30,11,LoUznhuIfgtBsrp4Hhr0krfl9dI=,ngGcGkG4GvxFmqoe9G6A6eH9pdE=
-26,11,LoUznhuIfgtBsrp4Hhr0krfl9dI=,ngGcGkG4GvxFmqoe9G6A6eH9pdE=
-27,11,LoUznhuIfgtBsrp4Hhr0krfl9dI=,ngGcGkG4GvxFmqoe9G6A6eH9pdE=
-27,10,LoUznhuIfgtBsrp4Hhr0krfl9dI=,ngGcGkG4GvxFmqoe9G6A6eH9pdE=
-28,10,LoUznhuIfgtBsrp4Hhr0krfl9dI=,ngGcGkG4GvxFmqoe9G6A6eH9pdE=
-29,10,LoUznhuIfgtBsrp4Hhr0krfl9dI=,ngGcGkG4GvxFmqoe9G6A6eH9pdE=
-31,10,LoUznhuIfgtBsrp4Hhr0krfl9dI=,ngGcGkG4GvxFmqoe9G6A6eH9pdE=
-30,10,LoUznhuIfgtBsrp4Hhr0krfl9dI=,ngGcGkG4GvxFmqoe9G6A6eH9pdE=
-31,11,LoUznhuIfgtBsrp4Hhr0krfl9dI=,ngGcGkG4GvxFmqoe9G6A6eH9pdE=
-26,10,LoUznhuIfgtBsrp4Hhr0krfl9dI=,ngGcGkG4GvxFmqoe9G6A6eH9pdE=
-31,12,LoUznhuIfgtBsrp4Hhr0krfl9dI=,ngGcGkG4GvxFmqoe9G6A6eH9pdE=
-25,10,LoUznhuIfgtBsrp4Hhr0krfl9dI=,ngGcGkG4GvxFmqoe9G6A6eH9pdE=
-24,10,LoUznhuIfgtBsrp4Hhr0krfl9dI=,aEW6Ipa2+cT2ekbx6ICIowY5nMQ=
-17,6,5msVd08/+DoB8MtwjtfHK2YUERY=,l849tWYwVqH9pfT6fZ2brfFEkvg=
-17,5,5msVd08/+DoB8MtwjtfHK2YUERY=,l849tWYwVqH9pfT6fZ2brfFEkvg=
-17,2,5msVd08/+DoB8MtwjtfHK2YUERY=,l849tWYwVqH9pfT6fZ2brfFEkvg=
-17,3,LoUznhuIfgtBsrp4Hhr0krfl9dI=,l849tWYwVqH9pfT6fZ2brfFEkvg=
-17,4,LoUznhuIfgtBsrp4Hhr0krfl9dI=,l849tWYwVqH9pfT6fZ2brfFEkvg=
-17,1,5msVd08/+DoB8MtwjtfHK2YUERY=,l849tWYwVqH9pfT6fZ2brfFEkvg=
-17,13,LoUznhuIfgtBsrp4Hhr0krfl9dI=,aEW6Ipa2+cT2ekbx6ICIowY5nMQ=
-17,9,LoUznhuIfgtBsrp4Hhr0krfl9dI=,aEW6Ipa2+cT2ekbx6ICIowY5nMQ=
-17,8,LoUznhuIfgtBsrp4Hhr0krfl9dI=,aEW6Ipa2+cT2ekbx6ICIowY5nMQ=
-17,12,LoUznhuIfgtBsrp4Hhr0krfl9dI=,aEW6Ipa2+cT2ekbx6ICIowY5nMQ=
-17,7,LoUznhuIfgtBsrp4Hhr0krfl9dI=,l849tWYwVqH9pfT6fZ2brfFEkvg=
-17,14,LoUznhuIfgtBsrp4Hhr0krfl9dI=,aEW6Ipa2+cT2ekbx6ICIowY5nMQ=
-17,10,LoUznhuIfgtBsrp4Hhr0krfl9dI=,aEW6Ipa2+cT2ekbx6ICIowY5nMQ=
-17,11,LoUznhuIfgtBsrp4Hhr0krfl9dI=,aEW6Ipa2+cT2ekbx6ICIowY5nMQ=
-18,15,LoUznhuIfgtBsrp4Hhr0krfl9dI=,aEW6Ipa2+cT2ekbx6ICIowY5nMQ=
-23,15,LoUznhuIfgtBsrp4Hhr0krfl9dI=,aEW6Ipa2+cT2ekbx6ICIowY5nMQ=
-22,15,LoUznhuIfgtBsrp4Hhr0krfl9dI=,aEW6Ipa2+cT2ekbx6ICIowY5nMQ=
-19,15,LoUznhuIfgtBsrp4Hhr0krfl9dI=,aEW6Ipa2+cT2ekbx6ICIowY5nMQ=
-21,15,LoUznhuIfgtBsrp4Hhr0krfl9dI=,aEW6Ipa2+cT2ekbx6ICIowY5nMQ=
-20,15,LoUznhuIfgtBsrp4Hhr0krfl9dI=,aEW6Ipa2+cT2ekbx6ICIowY5nMQ=
-31,15,LoUznhuIfgtBsrp4Hhr0krfl9dI=,ngGcGkG4GvxFmqoe9G6A6eH9pdE=
-24,15,LoUznhuIfgtBsrp4Hhr0krfl9dI=,aEW6Ipa2+cT2ekbx6ICIowY5nMQ=
-30,15,LoUznhuIfgtBsrp4Hhr0krfl9dI=,ngGcGkG4GvxFmqoe9G6A6eH9pdE=
-26,15,LoUznhuIfgtBsrp4Hhr0krfl9dI=,ngGcGkG4GvxFmqoe9G6A6eH9pdE=
-28,15,LoUznhuIfgtBsrp4Hhr0krfl9dI=,ngGcGkG4GvxFmqoe9G6A6eH9pdE=
-27,15,LoUznhuIfgtBsrp4Hhr0krfl9dI=,ngGcGkG4GvxFmqoe9G6A6eH9pdE=
-25,15,LoUznhuIfgtBsrp4Hhr0krfl9dI=,ngGcGkG4GvxFmqoe9G6A6eH9pdE=
-29,15,LoUznhuIfgtBsrp4Hhr0krfl9dI=,ngGcGkG4GvxFmqoe9G6A6eH9pdE=
-32,10,LoUznhuIfgtBsrp4Hhr0krfl9dI=,ngGcGkG4GvxFmqoe9G6A6eH9pdE=
-32,11,LoUznhuIfgtBsrp4Hhr0krfl9dI=,ngGcGkG4GvxFmqoe9G6A6eH9pdE=
-32,14,LoUznhuIfgtBsrp4Hhr0krfl9dI=,ngGcGkG4GvxFmqoe9G6A6eH9pdE=
-32,12,LoUznhuIfgtBsrp4Hhr0krfl9dI=,ngGcGkG4GvxFmqoe9G6A6eH9pdE=
-32,9,LoUznhuIfgtBsrp4Hhr0krfl9dI=,ngGcGkG4GvxFmqoe9G6A6eH9pdE=
-32,13,LoUznhuIfgtBsrp4Hhr0krfl9dI=,ngGcGkG4GvxFmqoe9G6A6eH9pdE=
-32,1,sYfFRwJiZ0ujaXrJ+P20mOlnPsE=,ksGk3Wpyu/S/dm4QwkYD5VtcIv8=
-32,6,sYfFRwJiZ0ujaXrJ+P20mOlnPsE=,ksGk3Wpyu/S/dm4QwkYD5VtcIv8=
-32,2,sYfFRwJiZ0ujaXrJ+P20mOlnPsE=,ksGk3Wpyu/S/dm4QwkYD5VtcIv8=
-32,7,LoUznhuIfgtBsrp4Hhr0krfl9dI=,ksGk3Wpyu/S/dm4QwkYD5VtcIv8=
-32,4,sYfFRwJiZ0ujaXrJ+P20mOlnPsE=,ksGk3Wpyu/S/dm4QwkYD5VtcIv8=
-32,3,sYfFRwJiZ0ujaXrJ+P20mOlnPsE=,ksGk3Wpyu/S/dm4QwkYD5VtcIv8=
-32,8,LoUznhuIfgtBsrp4Hhr0krfl9dI=,ngGcGkG4GvxFmqoe9G6A6eH9pdE=
-32,5,sYfFRwJiZ0ujaXrJ+P20mOlnPsE=,ksGk3Wpyu/S/dm4QwkYD5VtcIv8=
-26,0,sYfFRwJiZ0ujaXrJ+P20mOlnPsE=,ksGk3Wpyu/S/dm4QwkYD5VtcIv8=
-31,0,sYfFRwJiZ0ujaXrJ+P20mOlnPsE=,ksGk3Wpyu/S/dm4QwkYD5VtcIv8=
-30,0,sYfFRwJiZ0ujaXrJ+P20mOlnPsE=,ksGk3Wpyu/S/dm4QwkYD5VtcIv8=
-27,0,sYfFRwJiZ0ujaXrJ+P20mOlnPsE=,ksGk3Wpyu/S/dm4QwkYD5VtcIv8=
-28,0,sYfFRwJiZ0ujaXrJ+P20mOlnPsE=,ksGk3Wpyu/S/dm4QwkYD5VtcIv8=
-29,0,sYfFRwJiZ0ujaXrJ+P20mOlnPsE=,ksGk3Wpyu/S/dm4QwkYD5VtcIv8=
-20,0,5msVd08/+DoB8MtwjtfHK2YUERY=,l849tWYwVqH9pfT6fZ2brfFEkvg=
-18,0,5msVd08/+DoB8MtwjtfHK2YUERY=,l849tWYwVqH9pfT6fZ2brfFEkvg=
-23,0,LoUznhuIfgtBsrp4Hhr0krfl9dI=,l849tWYwVqH9pfT6fZ2brfFEkvg=
-24,0,LoUznhuIfgtBsrp4Hhr0krfl9dI=,l849tWYwVqH9pfT6fZ2brfFEkvg=
-19,0,5msVd08/+DoB8MtwjtfHK2YUERY=,l849tWYwVqH9pfT6fZ2brfFEkvg=
-25,0,5msVd08/+DoB8MtwjtfHK2YUERY=,ksGk3Wpyu/S/dm4QwkYD5VtcIv8=
-21,0,5msVd08/+DoB8MtwjtfHK2YUERY=,l849tWYwVqH9pfT6fZ2brfFEkvg=
-22,0,LoUznhuIfgtBsrp4Hhr0krfl9dI=,l849tWYwVqH9pfT6fZ2brfFEkvg=
-17,0,5msVd08/+DoB8MtwjtfHK2YUERY=,l849tWYwVqH9pfT6fZ2brfFEkvg=
-32,15,LoUznhuIfgtBsrp4Hhr0krfl9dI=,ngGcGkG4GvxFmqoe9G6A6eH9pdE=
-17,15,LoUznhuIfgtBsrp4Hhr0krfl9dI=,aEW6Ipa2+cT2ekbx6ICIowY5nMQ=
-32,0,sYfFRwJiZ0ujaXrJ+P20mOlnPsE=,ksGk3Wpyu/S/dm4QwkYD5VtcIv8=
-31,25,0AJwHbp97HEf8V5O1o/473yvxq4=,djK3heXwM2MjsN1tnVw5wG5Ie5s=
-26,30,0AJwHbp97HEf8V5O1o/473yvxq4=,djK3heXwM2MjsN1tnVw5wG5Ie5s=
-27,30,0AJwHbp97HEf8V5O1o/473yvxq4=,djK3heXwM2MjsN1tnVw5wG5Ie5s=
-29,30,0AJwHbp97HEf8V5O1o/473yvxq4=,djK3heXwM2MjsN1tnVw5wG5Ie5s=
-30,30,0AJwHbp97HEf8V5O1o/473yvxq4=,djK3heXwM2MjsN1tnVw5wG5Ie5s=
-28,30,0AJwHbp97HEf8V5O1o/473yvxq4=,djK3heXwM2MjsN1tnVw5wG5Ie5s=
-31,30,0AJwHbp97HEf8V5O1o/473yvxq4=,djK3heXwM2MjsN1tnVw5wG5Ie5s=
-26,29,0AJwHbp97HEf8V5O1o/473yvxq4=,djK3heXwM2MjsN1tnVw5wG5Ie5s=
-27,29,0AJwHbp97HEf8V5O1o/473yvxq4=,djK3heXwM2MjsN1tnVw5wG5Ie5s=
-28,29,0AJwHbp97HEf8V5O1o/473yvxq4=,djK3heXwM2MjsN1tnVw5wG5Ie5s=
-30,29,0AJwHbp97HEf8V5O1o/473yvxq4=,djK3heXwM2MjsN1tnVw5wG5Ie5s=
-29,29,0AJwHbp97HEf8V5O1o/473yvxq4=,djK3heXwM2MjsN1tnVw5wG5Ie5s=
-26,28,0AJwHbp97HEf8V5O1o/473yvxq4=,djK3heXwM2MjsN1tnVw5wG5Ie5s=
-31,29,0AJwHbp97HEf8V5O1o/473yvxq4=,djK3heXwM2MjsN1tnVw5wG5Ie5s=
-28,28,0AJwHbp97HEf8V5O1o/473yvxq4=,djK3heXwM2MjsN1tnVw5wG5Ie5s=
-29,28,0AJwHbp97HEf8V5O1o/473yvxq4=,djK3heXwM2MjsN1tnVw5wG5Ie5s=
-27,28,0AJwHbp97HEf8V5O1o/473yvxq4=,djK3heXwM2MjsN1tnVw5wG5Ie5s=
-28,27,0AJwHbp97HEf8V5O1o/473yvxq4=,djK3heXwM2MjsN1tnVw5wG5Ie5s=
-26,27,0AJwHbp97HEf8V5O1o/473yvxq4=,djK3heXwM2MjsN1tnVw5wG5Ie5s=
-29,27,0AJwHbp97HEf8V5O1o/473yvxq4=,djK3heXwM2MjsN1tnVw5wG5Ie5s=
-31,28,0AJwHbp97HEf8V5O1o/473yvxq4=,djK3heXwM2MjsN1tnVw5wG5Ie5s=
-30,27,0AJwHbp97HEf8V5O1o/473yvxq4=,djK3heXwM2MjsN1tnVw5wG5Ie5s=
-27,27,0AJwHbp97HEf8V5O1o/473yvxq4=,djK3heXwM2MjsN1tnVw5wG5Ie5s=
-30,28,0AJwHbp97HEf8V5O1o/473yvxq4=,djK3heXwM2MjsN1tnVw5wG5Ie5s=
-31,27,0AJwHbp97HEf8V5O1o/473yvxq4=,djK3heXwM2MjsN1tnVw5wG5Ie5s=
-26,26,0AJwHbp97HEf8V5O1o/473yvxq4=,djK3heXwM2MjsN1tnVw5wG5Ie5s=
-28,26,0AJwHbp97HEf8V5O1o/473yvxq4=,djK3heXwM2MjsN1tnVw5wG5Ie5s=
-29,26,0AJwHbp97HEf8V5O1o/473yvxq4=,djK3heXwM2MjsN1tnVw5wG5Ie5s=
-30,26,0AJwHbp97HEf8V5O1o/473yvxq4=,djK3heXwM2MjsN1tnVw5wG5Ie5s=
-27,26,0AJwHbp97HEf8V5O1o/473yvxq4=,djK3heXwM2MjsN1tnVw5wG5Ie5s=
-31,26,0AJwHbp97HEf8V5O1o/473yvxq4=,djK3heXwM2MjsN1tnVw5wG5Ie5s=
-26,25,0AJwHbp97HEf8V5O1o/473yvxq4=,djK3heXwM2MjsN1tnVw5wG5Ie5s=
-27,25,0AJwHbp97HEf8V5O1o/473yvxq4=,djK3heXwM2MjsN1tnVw5wG5Ie5s=
-28,25,0AJwHbp97HEf8V5O1o/473yvxq4=,djK3heXwM2MjsN1tnVw5wG5Ie5s=
-29,25,0AJwHbp97HEf8V5O1o/473yvxq4=,djK3heXwM2MjsN1tnVw5wG5Ie5s=
-19,19,0AJwHbp97HEf8V5O1o/473yvxq4=,wI7lUzdqneoggZoXGEgwLia8ciE=
-30,25,0AJwHbp97HEf8V5O1o/473yvxq4=,djK3heXwM2MjsN1tnVw5wG5Ie5s=
-18,19,0AJwHbp97HEf8V5O1o/473yvxq4=,wI7lUzdqneoggZoXGEgwLia8ciE=
-23,20,0AJwHbp97HEf8V5O1o/473yvxq4=,wI7lUzdqneoggZoXGEgwLia8ciE=
-22,20,0AJwHbp97HEf8V5O1o/473yvxq4=,wI7lUzdqneoggZoXGEgwLia8ciE=
-21,20,0AJwHbp97HEf8V5O1o/473yvxq4=,wI7lUzdqneoggZoXGEgwLia8ciE=
-20,20,0AJwHbp97HEf8V5O1o/473yvxq4=,wI7lUzdqneoggZoXGEgwLia8ciE=
-18,20,0AJwHbp97HEf8V5O1o/473yvxq4=,wI7lUzdqneoggZoXGEgwLia8ciE=
-19,20,0AJwHbp97HEf8V5O1o/473yvxq4=,wI7lUzdqneoggZoXGEgwLia8ciE=
-20,19,0AJwHbp97HEf8V5O1o/473yvxq4=,wI7lUzdqneoggZoXGEgwLia8ciE=
-23,21,0AJwHbp97HEf8V5O1o/473yvxq4=,wI7lUzdqneoggZoXGEgwLia8ciE=
-22,21,0AJwHbp97HEf8V5O1o/473yvxq4=,wI7lUzdqneoggZoXGEgwLia8ciE=
-21,21,0AJwHbp97HEf8V5O1o/473yvxq4=,wI7lUzdqneoggZoXGEgwLia8ciE=
-23,17,0AJwHbp97HEf8V5O1o/473yvxq4=,wI7lUzdqneoggZoXGEgwLia8ciE=
-22,17,0AJwHbp97HEf8V5O1o/473yvxq4=,wI7lUzdqneoggZoXGEgwLia8ciE=
-21,17,0AJwHbp97HEf8V5O1o/473yvxq4=,wI7lUzdqneoggZoXGEgwLia8ciE=
-20,17,0AJwHbp97HEf8V5O1o/473yvxq4=,wI7lUzdqneoggZoXGEgwLia8ciE=
-21,19,0AJwHbp97HEf8V5O1o/473yvxq4=,wI7lUzdqneoggZoXGEgwLia8ciE=
-20,21,0AJwHbp97HEf8V5O1o/473yvxq4=,wI7lUzdqneoggZoXGEgwLia8ciE=
-22,19,0AJwHbp97HEf8V5O1o/473yvxq4=,wI7lUzdqneoggZoXGEgwLia8ciE=
-23,19,0AJwHbp97HEf8V5O1o/473yvxq4=,wI7lUzdqneoggZoXGEgwLia8ciE=
-18,18,0AJwHbp97HEf8V5O1o/473yvxq4=,wI7lUzdqneoggZoXGEgwLia8ciE=
-19,18,0AJwHbp97HEf8V5O1o/473yvxq4=,wI7lUzdqneoggZoXGEgwLia8ciE=
-19,21,0AJwHbp97HEf8V5O1o/473yvxq4=,wI7lUzdqneoggZoXGEgwLia8ciE=
-19,17,0AJwHbp97HEf8V5O1o/473yvxq4=,wI7lUzdqneoggZoXGEgwLia8ciE=
-18,17,0AJwHbp97HEf8V5O1o/473yvxq4=,wI7lUzdqneoggZoXGEgwLia8ciE=
-18,21,0AJwHbp97HEf8V5O1o/473yvxq4=,wI7lUzdqneoggZoXGEgwLia8ciE=
-23,22,0AJwHbp97HEf8V5O1o/473yvxq4=,wI7lUzdqneoggZoXGEgwLia8ciE=
-22,22,0AJwHbp97HEf8V5O1o/473yvxq4=,wI7lUzdqneoggZoXGEgwLia8ciE=
-20,18,0AJwHbp97HEf8V5O1o/473yvxq4=,wI7lUzdqneoggZoXGEgwLia8ciE=
-21,22,0AJwHbp97HEf8V5O1o/473yvxq4=,wI7lUzdqneoggZoXGEgwLia8ciE=
-20,22,0AJwHbp97HEf8V5O1o/473yvxq4=,wI7lUzdqneoggZoXGEgwLia8ciE=
-21,18,0AJwHbp97HEf8V5O1o/473yvxq4=,wI7lUzdqneoggZoXGEgwLia8ciE=
-19,22,0AJwHbp97HEf8V5O1o/473yvxq4=,wI7lUzdqneoggZoXGEgwLia8ciE=
-23,18,0AJwHbp97HEf8V5O1o/473yvxq4=,wI7lUzdqneoggZoXGEgwLia8ciE=
-22,18,0AJwHbp97HEf8V5O1o/473yvxq4=,wI7lUzdqneoggZoXGEgwLia8ciE=
-18,22,0AJwHbp97HEf8V5O1o/473yvxq4=,wI7lUzdqneoggZoXGEgwLia8ciE=
-20,29,LoUznhuIfgtBsrp4Hhr0krfl9dI=,mkre4QR2fZ5SEQkeAKWzil4JB+0=
-19,29,0AJwHbp97HEf8V5O1o/473yvxq4=,mkre4QR2fZ5SEQkeAKWzil4JB+0=
-21,29,LoUznhuIfgtBsrp4Hhr0krfl9dI=,mkre4QR2fZ5SEQkeAKWzil4JB+0=
-18,23,0AJwHbp97HEf8V5O1o/473yvxq4=,wI7lUzdqneoggZoXGEgwLia8ciE=
-22,29,LoUznhuIfgtBsrp4Hhr0krfl9dI=,mkre4QR2fZ5SEQkeAKWzil4JB+0=
-23,29,vIDvwBl8O8TXPyG1cT9xCZhOPm4=,mkre4QR2fZ5SEQkeAKWzil4JB+0=
-24,29,0AJwHbp97HEf8V5O1o/473yvxq4=,mkre4QR2fZ5SEQkeAKWzil4JB+0=
-23,24,0AJwHbp97HEf8V5O1o/473yvxq4=,mkre4QR2fZ5SEQkeAKWzil4JB+0=
-19,23,0AJwHbp97HEf8V5O1o/473yvxq4=,wI7lUzdqneoggZoXGEgwLia8ciE=
-22,24,0AJwHbp97HEf8V5O1o/473yvxq4=,mkre4QR2fZ5SEQkeAKWzil4JB+0=
-18,29,vIDvwBl8O8TXPyG1cT9xCZhOPm4=,mkre4QR2fZ5SEQkeAKWzil4JB+0=
-22,23,0AJwHbp97HEf8V5O1o/473yvxq4=,wI7lUzdqneoggZoXGEgwLia8ciE=
-23,23,0AJwHbp97HEf8V5O1o/473yvxq4=,wI7lUzdqneoggZoXGEgwLia8ciE=
-21,23,0AJwHbp97HEf8V5O1o/473yvxq4=,wI7lUzdqneoggZoXGEgwLia8ciE=
-19,28,vIDvwBl8O8TXPyG1cT9xCZhOPm4=,mkre4QR2fZ5SEQkeAKWzil4JB+0=
-25,30,0AJwHbp97HEf8V5O1o/473yvxq4=,djK3heXwM2MjsN1tnVw5wG5Ie5s=
-20,28,vIDvwBl8O8TXPyG1cT9xCZhOPm4=,mkre4QR2fZ5SEQkeAKWzil4JB+0=
-21,28,vIDvwBl8O8TXPyG1cT9xCZhOPm4=,mkre4QR2fZ5SEQkeAKWzil4JB+0=
-22,28,vIDvwBl8O8TXPyG1cT9xCZhOPm4=,mkre4QR2fZ5SEQkeAKWzil4JB+0=
-23,28,vIDvwBl8O8TXPyG1cT9xCZhOPm4=,mkre4QR2fZ5SEQkeAKWzil4JB+0=
-24,28,0AJwHbp97HEf8V5O1o/473yvxq4=,mkre4QR2fZ5SEQkeAKWzil4JB+0=
-25,29,0AJwHbp97HEf8V5O1o/473yvxq4=,djK3heXwM2MjsN1tnVw5wG5Ie5s=
-25,28,0AJwHbp97HEf8V5O1o/473yvxq4=,djK3heXwM2MjsN1tnVw5wG5Ie5s=
-18,28,vIDvwBl8O8TXPyG1cT9xCZhOPm4=,mkre4QR2fZ5SEQkeAKWzil4JB+0=
-20,23,0AJwHbp97HEf8V5O1o/473yvxq4=,wI7lUzdqneoggZoXGEgwLia8ciE=
-21,27,vIDvwBl8O8TXPyG1cT9xCZhOPm4=,mkre4QR2fZ5SEQkeAKWzil4JB+0=
-25,27,0AJwHbp97HEf8V5O1o/473yvxq4=,djK3heXwM2MjsN1tnVw5wG5Ie5s=
-18,27,vIDvwBl8O8TXPyG1cT9xCZhOPm4=,mkre4QR2fZ5SEQkeAKWzil4JB+0=
-23,27,vIDvwBl8O8TXPyG1cT9xCZhOPm4=,mkre4QR2fZ5SEQkeAKWzil4JB+0=
-25,26,0AJwHbp97HEf8V5O1o/473yvxq4=,djK3heXwM2MjsN1tnVw5wG5Ie5s=
-24,27,0AJwHbp97HEf8V5O1o/473yvxq4=,mkre4QR2fZ5SEQkeAKWzil4JB+0=
-22,27,vIDvwBl8O8TXPyG1cT9xCZhOPm4=,mkre4QR2fZ5SEQkeAKWzil4JB+0=
-21,24,0AJwHbp97HEf8V5O1o/473yvxq4=,mkre4QR2fZ5SEQkeAKWzil4JB+0=
-25,25,0AJwHbp97HEf8V5O1o/473yvxq4=,djK3heXwM2MjsN1tnVw5wG5Ie5s=
-20,27,vIDvwBl8O8TXPyG1cT9xCZhOPm4=,mkre4QR2fZ5SEQkeAKWzil4JB+0=
-20,24,0AJwHbp97HEf8V5O1o/473yvxq4=,mkre4QR2fZ5SEQkeAKWzil4JB+0=
-24,30,0AJwHbp97HEf8V5O1o/473yvxq4=,mkre4QR2fZ5SEQkeAKWzil4JB+0=
-23,30,vIDvwBl8O8TXPyG1cT9xCZhOPm4=,mkre4QR2fZ5SEQkeAKWzil4JB+0=
-19,24,0AJwHbp97HEf8V5O1o/473yvxq4=,mkre4QR2fZ5SEQkeAKWzil4JB+0=
-22,30,vIDvwBl8O8TXPyG1cT9xCZhOPm4=,mkre4QR2fZ5SEQkeAKWzil4JB+0=
-18,24,0AJwHbp97HEf8V5O1o/473yvxq4=,mkre4QR2fZ5SEQkeAKWzil4JB+0=
-24,25,0AJwHbp97HEf8V5O1o/473yvxq4=,mkre4QR2fZ5SEQkeAKWzil4JB+0=
-23,25,0AJwHbp97HEf8V5O1o/473yvxq4=,mkre4QR2fZ5SEQkeAKWzil4JB+0=
-21,30,vIDvwBl8O8TXPyG1cT9xCZhOPm4=,mkre4QR2fZ5SEQkeAKWzil4JB+0=
-19,27,vIDvwBl8O8TXPyG1cT9xCZhOPm4=,mkre4QR2fZ5SEQkeAKWzil4JB+0=
-22,25,0AJwHbp97HEf8V5O1o/473yvxq4=,mkre4QR2fZ5SEQkeAKWzil4JB+0=
-18,26,vIDvwBl8O8TXPyG1cT9xCZhOPm4=,mkre4QR2fZ5SEQkeAKWzil4JB+0=
-19,26,vIDvwBl8O8TXPyG1cT9xCZhOPm4=,mkre4QR2fZ5SEQkeAKWzil4JB+0=
-20,26,vIDvwBl8O8TXPyG1cT9xCZhOPm4=,mkre4QR2fZ5SEQkeAKWzil4JB+0=
-24,26,0AJwHbp97HEf8V5O1o/473yvxq4=,mkre4QR2fZ5SEQkeAKWzil4JB+0=
-21,25,0AJwHbp97HEf8V5O1o/473yvxq4=,mkre4QR2fZ5SEQkeAKWzil4JB+0=
-20,30,vIDvwBl8O8TXPyG1cT9xCZhOPm4=,mkre4QR2fZ5SEQkeAKWzil4JB+0=
-18,25,vIDvwBl8O8TXPyG1cT9xCZhOPm4=,mkre4QR2fZ5SEQkeAKWzil4JB+0=
-19,25,vIDvwBl8O8TXPyG1cT9xCZhOPm4=,mkre4QR2fZ5SEQkeAKWzil4JB+0=
-18,30,vIDvwBl8O8TXPyG1cT9xCZhOPm4=,mkre4QR2fZ5SEQkeAKWzil4JB+0=
-19,30,vIDvwBl8O8TXPyG1cT9xCZhOPm4=,mkre4QR2fZ5SEQkeAKWzil4JB+0=
-22,26,vIDvwBl8O8TXPyG1cT9xCZhOPm4=,mkre4QR2fZ5SEQkeAKWzil4JB+0=
-23,26,0AJwHbp97HEf8V5O1o/473yvxq4=,mkre4QR2fZ5SEQkeAKWzil4JB+0=
-20,25,vIDvwBl8O8TXPyG1cT9xCZhOPm4=,mkre4QR2fZ5SEQkeAKWzil4JB+0=
-21,26,0AJwHbp97HEf8V5O1o/473yvxq4=,mkre4QR2fZ5SEQkeAKWzil4JB+0=
-24,19,0AJwHbp97HEf8V5O1o/473yvxq4=,wI7lUzdqneoggZoXGEgwLia8ciE=
-27,22,0AJwHbp97HEf8V5O1o/473yvxq4=,wb9WjyxLVFA2SjCNDWilQIbPL9s=
-25,20,0AJwHbp97HEf8V5O1o/473yvxq4=,wb9WjyxLVFA2SjCNDWilQIbPL9s=
-30,18,0AJwHbp97HEf8V5O1o/473yvxq4=,wb9WjyxLVFA2SjCNDWilQIbPL9s=
-28,22,0AJwHbp97HEf8V5O1o/473yvxq4=,wb9WjyxLVFA2SjCNDWilQIbPL9s=
-26,20,0AJwHbp97HEf8V5O1o/473yvxq4=,wb9WjyxLVFA2SjCNDWilQIbPL9s=
-27,20,0AJwHbp97HEf8V5O1o/473yvxq4=,wb9WjyxLVFA2SjCNDWilQIbPL9s=
-28,23,0AJwHbp97HEf8V5O1o/473yvxq4=,wb9WjyxLVFA2SjCNDWilQIbPL9s=
-31,19,0AJwHbp97HEf8V5O1o/473yvxq4=,wb9WjyxLVFA2SjCNDWilQIbPL9s=
-24,23,0AJwHbp97HEf8V5O1o/473yvxq4=,wI7lUzdqneoggZoXGEgwLia8ciE=
-29,23,0AJwHbp97HEf8V5O1o/473yvxq4=,wb9WjyxLVFA2SjCNDWilQIbPL9s=
-27,23,0AJwHbp97HEf8V5O1o/473yvxq4=,wb9WjyxLVFA2SjCNDWilQIbPL9s=
-24,22,0AJwHbp97HEf8V5O1o/473yvxq4=,wI7lUzdqneoggZoXGEgwLia8ciE=
-29,17,0AJwHbp97HEf8V5O1o/473yvxq4=,wb9WjyxLVFA2SjCNDWilQIbPL9s=
-31,20,0AJwHbp97HEf8V5O1o/473yvxq4=,wb9WjyxLVFA2SjCNDWilQIbPL9s=
-24,18,0AJwHbp97HEf8V5O1o/473yvxq4=,wI7lUzdqneoggZoXGEgwLia8ciE=
-30,23,0AJwHbp97HEf8V5O1o/473yvxq4=,wb9WjyxLVFA2SjCNDWilQIbPL9s=
-26,23,0AJwHbp97HEf8V5O1o/473yvxq4=,wb9WjyxLVFA2SjCNDWilQIbPL9s=
-25,18,0AJwHbp97HEf8V5O1o/473yvxq4=,wb9WjyxLVFA2SjCNDWilQIbPL9s=
-31,17,0AJwHbp97HEf8V5O1o/473yvxq4=,wb9WjyxLVFA2SjCNDWilQIbPL9s=
-30,17,0AJwHbp97HEf8V5O1o/473yvxq4=,wb9WjyxLVFA2SjCNDWilQIbPL9s=
-25,23,0AJwHbp97HEf8V5O1o/473yvxq4=,wb9WjyxLVFA2SjCNDWilQIbPL9s=
-25,19,0AJwHbp97HEf8V5O1o/473yvxq4=,wb9WjyxLVFA2SjCNDWilQIbPL9s=
-29,22,0AJwHbp97HEf8V5O1o/473yvxq4=,wb9WjyxLVFA2SjCNDWilQIbPL9s=
-27,21,0AJwHbp97HEf8V5O1o/473yvxq4=,wb9WjyxLVFA2SjCNDWilQIbPL9s=
-26,19,0AJwHbp97HEf8V5O1o/473yvxq4=,wb9WjyxLVFA2SjCNDWilQIbPL9s=
-24,17,0AJwHbp97HEf8V5O1o/473yvxq4=,wI7lUzdqneoggZoXGEgwLia8ciE=
-30,20,0AJwHbp97HEf8V5O1o/473yvxq4=,wb9WjyxLVFA2SjCNDWilQIbPL9s=
-28,21,0AJwHbp97HEf8V5O1o/473yvxq4=,wb9WjyxLVFA2SjCNDWilQIbPL9s=
-26,18,0AJwHbp97HEf8V5O1o/473yvxq4=,wb9WjyxLVFA2SjCNDWilQIbPL9s=
-24,24,0AJwHbp97HEf8V5O1o/473yvxq4=,mkre4QR2fZ5SEQkeAKWzil4JB+0=
-29,21,0AJwHbp97HEf8V5O1o/473yvxq4=,wb9WjyxLVFA2SjCNDWilQIbPL9s=
-30,22,0AJwHbp97HEf8V5O1o/473yvxq4=,wb9WjyxLVFA2SjCNDWilQIbPL9s=
-29,18,0AJwHbp97HEf8V5O1o/473yvxq4=,wb9WjyxLVFA2SjCNDWilQIbPL9s=
-27,19,0AJwHbp97HEf8V5O1o/473yvxq4=,wb9WjyxLVFA2SjCNDWilQIbPL9s=
-30,21,0AJwHbp97HEf8V5O1o/473yvxq4=,wb9WjyxLVFA2SjCNDWilQIbPL9s=
-26,22,0AJwHbp97HEf8V5O1o/473yvxq4=,wb9WjyxLVFA2SjCNDWilQIbPL9s=
-28,19,0AJwHbp97HEf8V5O1o/473yvxq4=,wb9WjyxLVFA2SjCNDWilQIbPL9s=
-25,17,0AJwHbp97HEf8V5O1o/473yvxq4=,wb9WjyxLVFA2SjCNDWilQIbPL9s=
-24,20,0AJwHbp97HEf8V5O1o/473yvxq4=,wI7lUzdqneoggZoXGEgwLia8ciE=
-28,20,0AJwHbp97HEf8V5O1o/473yvxq4=,wb9WjyxLVFA2SjCNDWilQIbPL9s=
-29,20,0AJwHbp97HEf8V5O1o/473yvxq4=,wb9WjyxLVFA2SjCNDWilQIbPL9s=
-26,17,0AJwHbp97HEf8V5O1o/473yvxq4=,wb9WjyxLVFA2SjCNDWilQIbPL9s=
-31,24,0AJwHbp97HEf8V5O1o/473yvxq4=,djK3heXwM2MjsN1tnVw5wG5Ie5s=
-30,24,0AJwHbp97HEf8V5O1o/473yvxq4=,djK3heXwM2MjsN1tnVw5wG5Ie5s=
-29,19,0AJwHbp97HEf8V5O1o/473yvxq4=,wb9WjyxLVFA2SjCNDWilQIbPL9s=
-27,17,0AJwHbp97HEf8V5O1o/473yvxq4=,wb9WjyxLVFA2SjCNDWilQIbPL9s=
-29,24,0AJwHbp97HEf8V5O1o/473yvxq4=,djK3heXwM2MjsN1tnVw5wG5Ie5s=
-26,21,0AJwHbp97HEf8V5O1o/473yvxq4=,wb9WjyxLVFA2SjCNDWilQIbPL9s=
-28,17,0AJwHbp97HEf8V5O1o/473yvxq4=,wb9WjyxLVFA2SjCNDWilQIbPL9s=
-28,24,0AJwHbp97HEf8V5O1o/473yvxq4=,djK3heXwM2MjsN1tnVw5wG5Ie5s=
-24,21,0AJwHbp97HEf8V5O1o/473yvxq4=,wI7lUzdqneoggZoXGEgwLia8ciE=
-27,24,0AJwHbp97HEf8V5O1o/473yvxq4=,djK3heXwM2MjsN1tnVw5wG5Ie5s=
-30,19,0AJwHbp97HEf8V5O1o/473yvxq4=,wb9WjyxLVFA2SjCNDWilQIbPL9s=
-25,22,0AJwHbp97HEf8V5O1o/473yvxq4=,wb9WjyxLVFA2SjCNDWilQIbPL9s=
-26,24,0AJwHbp97HEf8V5O1o/473yvxq4=,djK3heXwM2MjsN1tnVw5wG5Ie5s=
-28,18,0AJwHbp97HEf8V5O1o/473yvxq4=,wb9WjyxLVFA2SjCNDWilQIbPL9s=
-25,21,0AJwHbp97HEf8V5O1o/473yvxq4=,wb9WjyxLVFA2SjCNDWilQIbPL9s=
-25,24,0AJwHbp97HEf8V5O1o/473yvxq4=,djK3heXwM2MjsN1tnVw5wG5Ie5s=
-31,23,0AJwHbp97HEf8V5O1o/473yvxq4=,wb9WjyxLVFA2SjCNDWilQIbPL9s=
-31,21,0AJwHbp97HEf8V5O1o/473yvxq4=,wb9WjyxLVFA2SjCNDWilQIbPL9s=
-31,22,0AJwHbp97HEf8V5O1o/473yvxq4=,wb9WjyxLVFA2SjCNDWilQIbPL9s=
-31,18,0AJwHbp97HEf8V5O1o/473yvxq4=,wb9WjyxLVFA2SjCNDWilQIbPL9s=
-27,18,0AJwHbp97HEf8V5O1o/473yvxq4=,wb9WjyxLVFA2SjCNDWilQIbPL9s=
-17,18,0AJwHbp97HEf8V5O1o/473yvxq4=,wI7lUzdqneoggZoXGEgwLia8ciE=
-17,19,0AJwHbp97HEf8V5O1o/473yvxq4=,wI7lUzdqneoggZoXGEgwLia8ciE=
-17,20,0AJwHbp97HEf8V5O1o/473yvxq4=,wI7lUzdqneoggZoXGEgwLia8ciE=
-23,16,0AJwHbp97HEf8V5O1o/473yvxq4=,wI7lUzdqneoggZoXGEgwLia8ciE=
-18,16,0AJwHbp97HEf8V5O1o/473yvxq4=,wI7lUzdqneoggZoXGEgwLia8ciE=
-19,16,0AJwHbp97HEf8V5O1o/473yvxq4=,wI7lUzdqneoggZoXGEgwLia8ciE=
-22,16,0AJwHbp97HEf8V5O1o/473yvxq4=,wI7lUzdqneoggZoXGEgwLia8ciE=
-21,16,0AJwHbp97HEf8V5O1o/473yvxq4=,wI7lUzdqneoggZoXGEgwLia8ciE=
-20,16,0AJwHbp97HEf8V5O1o/473yvxq4=,wI7lUzdqneoggZoXGEgwLia8ciE=
-17,17,0AJwHbp97HEf8V5O1o/473yvxq4=,wI7lUzdqneoggZoXGEgwLia8ciE=
-17,21,0AJwHbp97HEf8V5O1o/473yvxq4=,wI7lUzdqneoggZoXGEgwLia8ciE=
-17,22,0AJwHbp97HEf8V5O1o/473yvxq4=,wI7lUzdqneoggZoXGEgwLia8ciE=
-17,29,0AJwHbp97HEf8V5O1o/473yvxq4=,mkre4QR2fZ5SEQkeAKWzil4JB+0=
-17,24,0AJwHbp97HEf8V5O1o/473yvxq4=,mkre4QR2fZ5SEQkeAKWzil4JB+0=
-17,30,0AJwHbp97HEf8V5O1o/473yvxq4=,mkre4QR2fZ5SEQkeAKWzil4JB+0=
-17,25,0AJwHbp97HEf8V5O1o/473yvxq4=,mkre4QR2fZ5SEQkeAKWzil4JB+0=
-17,26,0AJwHbp97HEf8V5O1o/473yvxq4=,mkre4QR2fZ5SEQkeAKWzil4JB+0=
-17,28,0AJwHbp97HEf8V5O1o/473yvxq4=,mkre4QR2fZ5SEQkeAKWzil4JB+0=
-17,23,0AJwHbp97HEf8V5O1o/473yvxq4=,wI7lUzdqneoggZoXGEgwLia8ciE=
-17,27,0AJwHbp97HEf8V5O1o/473yvxq4=,mkre4QR2fZ5SEQkeAKWzil4JB+0=
-24,16,0AJwHbp97HEf8V5O1o/473yvxq4=,wI7lUzdqneoggZoXGEgwLia8ciE=
-26,16,0AJwHbp97HEf8V5O1o/473yvxq4=,wb9WjyxLVFA2SjCNDWilQIbPL9s=
-27,16,0AJwHbp97HEf8V5O1o/473yvxq4=,wb9WjyxLVFA2SjCNDWilQIbPL9s=
-28,16,0AJwHbp97HEf8V5O1o/473yvxq4=,wb9WjyxLVFA2SjCNDWilQIbPL9s=
-25,16,0AJwHbp97HEf8V5O1o/473yvxq4=,wb9WjyxLVFA2SjCNDWilQIbPL9s=
-30,16,0AJwHbp97HEf8V5O1o/473yvxq4=,wb9WjyxLVFA2SjCNDWilQIbPL9s=
-29,16,0AJwHbp97HEf8V5O1o/473yvxq4=,wb9WjyxLVFA2SjCNDWilQIbPL9s=
-31,16,0AJwHbp97HEf8V5O1o/473yvxq4=,wb9WjyxLVFA2SjCNDWilQIbPL9s=
-28,31,0AJwHbp97HEf8V5O1o/473yvxq4=,djK3heXwM2MjsN1tnVw5wG5Ie5s=
-29,31,0AJwHbp97HEf8V5O1o/473yvxq4=,djK3heXwM2MjsN1tnVw5wG5Ie5s=
-30,31,0AJwHbp97HEf8V5O1o/473yvxq4=,djK3heXwM2MjsN1tnVw5wG5Ie5s=
-31,31,0AJwHbp97HEf8V5O1o/473yvxq4=,djK3heXwM2MjsN1tnVw5wG5Ie5s=
-26,31,0AJwHbp97HEf8V5O1o/473yvxq4=,djK3heXwM2MjsN1tnVw5wG5Ie5s=
-27,31,0AJwHbp97HEf8V5O1o/473yvxq4=,djK3heXwM2MjsN1tnVw5wG5Ie5s=
-24,31,0AJwHbp97HEf8V5O1o/473yvxq4=,mkre4QR2fZ5SEQkeAKWzil4JB+0=
-23,31,0AJwHbp97HEf8V5O1o/473yvxq4=,mkre4QR2fZ5SEQkeAKWzil4JB+0=
-25,31,0AJwHbp97HEf8V5O1o/473yvxq4=,djK3heXwM2MjsN1tnVw5wG5Ie5s=
-22,31,0AJwHbp97HEf8V5O1o/473yvxq4=,mkre4QR2fZ5SEQkeAKWzil4JB+0=
-20,31,0AJwHbp97HEf8V5O1o/473yvxq4=,mkre4QR2fZ5SEQkeAKWzil4JB+0=
-32,20,0AJwHbp97HEf8V5O1o/473yvxq4=,wb9WjyxLVFA2SjCNDWilQIbPL9s=
-21,31,0AJwHbp97HEf8V5O1o/473yvxq4=,mkre4QR2fZ5SEQkeAKWzil4JB+0=
-19,31,0AJwHbp97HEf8V5O1o/473yvxq4=,mkre4QR2fZ5SEQkeAKWzil4JB+0=
-32,19,0AJwHbp97HEf8V5O1o/473yvxq4=,wb9WjyxLVFA2SjCNDWilQIbPL9s=
-18,31,0AJwHbp97HEf8V5O1o/473yvxq4=,mkre4QR2fZ5SEQkeAKWzil4JB+0=
-32,24,0AJwHbp97HEf8V5O1o/473yvxq4=,djK3heXwM2MjsN1tnVw5wG5Ie5s=
-32,18,0AJwHbp97HEf8V5O1o/473yvxq4=,wb9WjyxLVFA2SjCNDWilQIbPL9s=
-32,17,0AJwHbp97HEf8V5O1o/473yvxq4=,wb9WjyxLVFA2SjCNDWilQIbPL9s=
-32,30,0AJwHbp97HEf8V5O1o/473yvxq4=,djK3heXwM2MjsN1tnVw5wG5Ie5s=
-32,29,0AJwHbp97HEf8V5O1o/473yvxq4=,djK3heXwM2MjsN1tnVw5wG5Ie5s=
-32,28,0AJwHbp97HEf8V5O1o/473yvxq4=,djK3heXwM2MjsN1tnVw5wG5Ie5s=
-32,22,0AJwHbp97HEf8V5O1o/473yvxq4=,wb9WjyxLVFA2SjCNDWilQIbPL9s=
-32,26,0AJwHbp97HEf8V5O1o/473yvxq4=,djK3heXwM2MjsN1tnVw5wG5Ie5s=
-32,27,0AJwHbp97HEf8V5O1o/473yvxq4=,djK3heXwM2MjsN1tnVw5wG5Ie5s=
-32,21,0AJwHbp97HEf8V5O1o/473yvxq4=,wb9WjyxLVFA2SjCNDWilQIbPL9s=
-32,25,0AJwHbp97HEf8V5O1o/473yvxq4=,djK3heXwM2MjsN1tnVw5wG5Ie5s=
-32,23,0AJwHbp97HEf8V5O1o/473yvxq4=,wb9WjyxLVFA2SjCNDWilQIbPL9s=
-17,31,0AJwHbp97HEf8V5O1o/473yvxq4=,mkre4QR2fZ5SEQkeAKWzil4JB+0=
-32,31,0AJwHbp97HEf8V5O1o/473yvxq4=,djK3heXwM2MjsN1tnVw5wG5Ie5s=
-32,16,0AJwHbp97HEf8V5O1o/473yvxq4=,wb9WjyxLVFA2SjCNDWilQIbPL9s=
-17,16,0AJwHbp97HEf8V5O1o/473yvxq4=,wI7lUzdqneoggZoXGEgwLia8ciE=
-12,18,ygK4fZn+x2kgeJAEajXIx9kJGts=,KneaIBFgceddsvvQx752Z7uTyGo=
-11,22,ygK4fZn+x2kgeJAEajXIx9kJGts=,KneaIBFgceddsvvQx752Z7uTyGo=
-15,19,ygK4fZn+x2kgeJAEajXIx9kJGts=,KneaIBFgceddsvvQx752Z7uTyGo=
-12,22,ygK4fZn+x2kgeJAEajXIx9kJGts=,KneaIBFgceddsvvQx752Z7uTyGo=
-13,17,ygK4fZn+x2kgeJAEajXIx9kJGts=,KneaIBFgceddsvvQx752Z7uTyGo=
-13,22,ygK4fZn+x2kgeJAEajXIx9kJGts=,KneaIBFgceddsvvQx752Z7uTyGo=
-10,19,ygK4fZn+x2kgeJAEajXIx9kJGts=,KneaIBFgceddsvvQx752Z7uTyGo=
-14,17,ygK4fZn+x2kgeJAEajXIx9kJGts=,KneaIBFgceddsvvQx752Z7uTyGo=
-11,21,ygK4fZn+x2kgeJAEajXIx9kJGts=,KneaIBFgceddsvvQx752Z7uTyGo=
-15,17,ygK4fZn+x2kgeJAEajXIx9kJGts=,KneaIBFgceddsvvQx752Z7uTyGo=
-14,21,ygK4fZn+x2kgeJAEajXIx9kJGts=,KneaIBFgceddsvvQx752Z7uTyGo=
-12,21,ygK4fZn+x2kgeJAEajXIx9kJGts=,KneaIBFgceddsvvQx752Z7uTyGo=
-13,21,ygK4fZn+x2kgeJAEajXIx9kJGts=,KneaIBFgceddsvvQx752Z7uTyGo=
-15,21,ygK4fZn+x2kgeJAEajXIx9kJGts=,KneaIBFgceddsvvQx752Z7uTyGo=
-13,18,ygK4fZn+x2kgeJAEajXIx9kJGts=,KneaIBFgceddsvvQx752Z7uTyGo=
-14,18,ygK4fZn+x2kgeJAEajXIx9kJGts=,KneaIBFgceddsvvQx752Z7uTyGo=
-15,18,ygK4fZn+x2kgeJAEajXIx9kJGts=,KneaIBFgceddsvvQx752Z7uTyGo=
-10,20,ygK4fZn+x2kgeJAEajXIx9kJGts=,KneaIBFgceddsvvQx752Z7uTyGo=
-11,20,ygK4fZn+x2kgeJAEajXIx9kJGts=,KneaIBFgceddsvvQx752Z7uTyGo=
-11,17,ygK4fZn+x2kgeJAEajXIx9kJGts=,KneaIBFgceddsvvQx752Z7uTyGo=
-14,22,ygK4fZn+x2kgeJAEajXIx9kJGts=,KneaIBFgceddsvvQx752Z7uTyGo=
-15,22,ygK4fZn+x2kgeJAEajXIx9kJGts=,KneaIBFgceddsvvQx752Z7uTyGo=
-11,19,ygK4fZn+x2kgeJAEajXIx9kJGts=,KneaIBFgceddsvvQx752Z7uTyGo=
-13,19,ygK4fZn+x2kgeJAEajXIx9kJGts=,KneaIBFgceddsvvQx752Z7uTyGo=
-14,20,ygK4fZn+x2kgeJAEajXIx9kJGts=,KneaIBFgceddsvvQx752Z7uTyGo=
-15,20,ygK4fZn+x2kgeJAEajXIx9kJGts=,KneaIBFgceddsvvQx752Z7uTyGo=
-12,17,ygK4fZn+x2kgeJAEajXIx9kJGts=,KneaIBFgceddsvvQx752Z7uTyGo=
-10,22,ygK4fZn+x2kgeJAEajXIx9kJGts=,KneaIBFgceddsvvQx752Z7uTyGo=
-13,20,ygK4fZn+x2kgeJAEajXIx9kJGts=,KneaIBFgceddsvvQx752Z7uTyGo=
-10,17,ygK4fZn+x2kgeJAEajXIx9kJGts=,KneaIBFgceddsvvQx752Z7uTyGo=
-12,19,ygK4fZn+x2kgeJAEajXIx9kJGts=,KneaIBFgceddsvvQx752Z7uTyGo=
-12,20,ygK4fZn+x2kgeJAEajXIx9kJGts=,KneaIBFgceddsvvQx752Z7uTyGo=
-14,19,ygK4fZn+x2kgeJAEajXIx9kJGts=,KneaIBFgceddsvvQx752Z7uTyGo=
-10,18,ygK4fZn+x2kgeJAEajXIx9kJGts=,KneaIBFgceddsvvQx752Z7uTyGo=
-11,18,ygK4fZn+x2kgeJAEajXIx9kJGts=,KneaIBFgceddsvvQx752Z7uTyGo=
-10,21,ygK4fZn+x2kgeJAEajXIx9kJGts=,KneaIBFgceddsvvQx752Z7uTyGo=
-12,23,ygK4fZn+x2kgeJAEajXIx9kJGts=,KneaIBFgceddsvvQx752Z7uTyGo=
-10,30,tGFQIsMsY2aeTcwG5HR/4hte0kI=,AQETMGa1evk6PEZNVPUjT9V3Ovw=
-15,24,ygK4fZn+x2kgeJAEajXIx9kJGts=,AQETMGa1evk6PEZNVPUjT9V3Ovw=
-10,23,ygK4fZn+x2kgeJAEajXIx9kJGts=,KneaIBFgceddsvvQx752Z7uTyGo=
-11,23,ygK4fZn+x2kgeJAEajXIx9kJGts=,KneaIBFgceddsvvQx752Z7uTyGo=
-11,30,tGFQIsMsY2aeTcwG5HR/4hte0kI=,AQETMGa1evk6PEZNVPUjT9V3Ovw=
-14,24,ygK4fZn+x2kgeJAEajXIx9kJGts=,AQETMGa1evk6PEZNVPUjT9V3Ovw=
-13,24,ygK4fZn+x2kgeJAEajXIx9kJGts=,AQETMGa1evk6PEZNVPUjT9V3Ovw=
-12,24,ygK4fZn+x2kgeJAEajXIx9kJGts=,AQETMGa1evk6PEZNVPUjT9V3Ovw=
-11,24,ygK4fZn+x2kgeJAEajXIx9kJGts=,AQETMGa1evk6PEZNVPUjT9V3Ovw=
-10,24,ygK4fZn+x2kgeJAEajXIx9kJGts=,AQETMGa1evk6PEZNVPUjT9V3Ovw=
-13,23,ygK4fZn+x2kgeJAEajXIx9kJGts=,KneaIBFgceddsvvQx752Z7uTyGo=
-15,25,tGFQIsMsY2aeTcwG5HR/4hte0kI=,AQETMGa1evk6PEZNVPUjT9V3Ovw=
-14,25,tGFQIsMsY2aeTcwG5HR/4hte0kI=,AQETMGa1evk6PEZNVPUjT9V3Ovw=
-13,25,tGFQIsMsY2aeTcwG5HR/4hte0kI=,AQETMGa1evk6PEZNVPUjT9V3Ovw=
-11,25,tGFQIsMsY2aeTcwG5HR/4hte0kI=,AQETMGa1evk6PEZNVPUjT9V3Ovw=
-12,25,tGFQIsMsY2aeTcwG5HR/4hte0kI=,AQETMGa1evk6PEZNVPUjT9V3Ovw=
-12,30,tGFQIsMsY2aeTcwG5HR/4hte0kI=,AQETMGa1evk6PEZNVPUjT9V3Ovw=
-10,25,tGFQIsMsY2aeTcwG5HR/4hte0kI=,AQETMGa1evk6PEZNVPUjT9V3Ovw=
-13,30,tGFQIsMsY2aeTcwG5HR/4hte0kI=,AQETMGa1evk6PEZNVPUjT9V3Ovw=
-15,26,tGFQIsMsY2aeTcwG5HR/4hte0kI=,AQETMGa1evk6PEZNVPUjT9V3Ovw=
-4,29,KgrQLNZkXm1C25lY29nnxHiLV2g=,o2Lq+iFQCacxU+nLKQr0YeKuNdo=
-13,26,tGFQIsMsY2aeTcwG5HR/4hte0kI=,AQETMGa1evk6PEZNVPUjT9V3Ovw=
-12,26,tGFQIsMsY2aeTcwG5HR/4hte0kI=,AQETMGa1evk6PEZNVPUjT9V3Ovw=
-14,26,tGFQIsMsY2aeTcwG5HR/4hte0kI=,AQETMGa1evk6PEZNVPUjT9V3Ovw=
-3,29,tGFQIsMsY2aeTcwG5HR/4hte0kI=,o2Lq+iFQCacxU+nLKQr0YeKuNdo=
-15,30,tGFQIsMsY2aeTcwG5HR/4hte0kI=,AQETMGa1evk6PEZNVPUjT9V3Ovw=
-14,23,ygK4fZn+x2kgeJAEajXIx9kJGts=,KneaIBFgceddsvvQx752Z7uTyGo=
-5,29,KgrQLNZkXm1C25lY29nnxHiLV2g=,o2Lq+iFQCacxU+nLKQr0YeKuNdo=
-2,29,tGFQIsMsY2aeTcwG5HR/4hte0kI=,o2Lq+iFQCacxU+nLKQr0YeKuNdo=
-11,26,tGFQIsMsY2aeTcwG5HR/4hte0kI=,AQETMGa1evk6PEZNVPUjT9V3Ovw=
-14,30,tGFQIsMsY2aeTcwG5HR/4hte0kI=,AQETMGa1evk6PEZNVPUjT9V3Ovw=
-8,30,tGFQIsMsY2aeTcwG5HR/4hte0kI=,o2Lq+iFQCacxU+nLKQr0YeKuNdo=
-7,30,tGFQIsMsY2aeTcwG5HR/4hte0kI=,o2Lq+iFQCacxU+nLKQr0YeKuNdo=
-6,29,KgrQLNZkXm1C25lY29nnxHiLV2g=,o2Lq+iFQCacxU+nLKQr0YeKuNdo=
-6,30,tGFQIsMsY2aeTcwG5HR/4hte0kI=,o2Lq+iFQCacxU+nLKQr0YeKuNdo=
-5,30,tGFQIsMsY2aeTcwG5HR/4hte0kI=,o2Lq+iFQCacxU+nLKQr0YeKuNdo=
-7,29,KgrQLNZkXm1C25lY29nnxHiLV2g=,o2Lq+iFQCacxU+nLKQr0YeKuNdo=
-8,25,tGFQIsMsY2aeTcwG5HR/4hte0kI=,o2Lq+iFQCacxU+nLKQr0YeKuNdo=
-10,26,tGFQIsMsY2aeTcwG5HR/4hte0kI=,AQETMGa1evk6PEZNVPUjT9V3Ovw=
-15,23,ygK4fZn+x2kgeJAEajXIx9kJGts=,KneaIBFgceddsvvQx752Z7uTyGo=
-10,29,tGFQIsMsY2aeTcwG5HR/4hte0kI=,AQETMGa1evk6PEZNVPUjT9V3Ovw=
-9,30,tGFQIsMsY2aeTcwG5HR/4hte0kI=,AQETMGa1evk6PEZNVPUjT9V3Ovw=
-8,29,tGFQIsMsY2aeTcwG5HR/4hte0kI=,o2Lq+iFQCacxU+nLKQr0YeKuNdo=
-12,29,tGFQIsMsY2aeTcwG5HR/4hte0kI=,AQETMGa1evk6PEZNVPUjT9V3Ovw=
-7,25,tGFQIsMsY2aeTcwG5HR/4hte0kI=,o2Lq+iFQCacxU+nLKQr0YeKuNdo=
-15,27,tGFQIsMsY2aeTcwG5HR/4hte0kI=,AQETMGa1evk6PEZNVPUjT9V3Ovw=
-3,28,KgrQLNZkXm1C25lY29nnxHiLV2g=,o2Lq+iFQCacxU+nLKQr0YeKuNdo=
-11,29,tGFQIsMsY2aeTcwG5HR/4hte0kI=,AQETMGa1evk6PEZNVPUjT9V3Ovw=
-6,25,tGFQIsMsY2aeTcwG5HR/4hte0kI=,o2Lq+iFQCacxU+nLKQr0YeKuNdo=
-2,28,tGFQIsMsY2aeTcwG5HR/4hte0kI=,o2Lq+iFQCacxU+nLKQr0YeKuNdo=
-5,25,tGFQIsMsY2aeTcwG5HR/4hte0kI=,o2Lq+iFQCacxU+nLKQr0YeKuNdo=
-4,25,tGFQIsMsY2aeTcwG5HR/4hte0kI=,o2Lq+iFQCacxU+nLKQr0YeKuNdo=
-3,25,tGFQIsMsY2aeTcwG5HR/4hte0kI=,o2Lq+iFQCacxU+nLKQr0YeKuNdo=
-4,30,tGFQIsMsY2aeTcwG5HR/4hte0kI=,o2Lq+iFQCacxU+nLKQr0YeKuNdo=
-14,27,tGFQIsMsY2aeTcwG5HR/4hte0kI=,AQETMGa1evk6PEZNVPUjT9V3Ovw=
-13,29,tGFQIsMsY2aeTcwG5HR/4hte0kI=,AQETMGa1evk6PEZNVPUjT9V3Ovw=
-14,29,tGFQIsMsY2aeTcwG5HR/4hte0kI=,AQETMGa1evk6PEZNVPUjT9V3Ovw=
-4,28,KgrQLNZkXm1C25lY29nnxHiLV2g=,o2Lq+iFQCacxU+nLKQr0YeKuNdo=
-13,27,tGFQIsMsY2aeTcwG5HR/4hte0kI=,AQETMGa1evk6PEZNVPUjT9V3Ovw=
-15,29,tGFQIsMsY2aeTcwG5HR/4hte0kI=,AQETMGa1evk6PEZNVPUjT9V3Ovw=
-5,28,KgrQLNZkXm1C25lY29nnxHiLV2g=,o2Lq+iFQCacxU+nLKQr0YeKuNdo=
-2,25,tGFQIsMsY2aeTcwG5HR/4hte0kI=,o2Lq+iFQCacxU+nLKQr0YeKuNdo=
-9,29,tGFQIsMsY2aeTcwG5HR/4hte0kI=,AQETMGa1evk6PEZNVPUjT9V3Ovw=
-3,30,tGFQIsMsY2aeTcwG5HR/4hte0kI=,o2Lq+iFQCacxU+nLKQr0YeKuNdo=
-8,26,tGFQIsMsY2aeTcwG5HR/4hte0kI=,o2Lq+iFQCacxU+nLKQr0YeKuNdo=
-12,27,ygK4fZn+x2kgeJAEajXIx9kJGts=,AQETMGa1evk6PEZNVPUjT9V3Ovw=
-11,27,ygK4fZn+x2kgeJAEajXIx9kJGts=,AQETMGa1evk6PEZNVPUjT9V3Ovw=
-7,26,tGFQIsMsY2aeTcwG5HR/4hte0kI=,o2Lq+iFQCacxU+nLKQr0YeKuNdo=
-10,27,ygK4fZn+x2kgeJAEajXIx9kJGts=,AQETMGa1evk6PEZNVPUjT9V3Ovw=
-6,26,tGFQIsMsY2aeTcwG5HR/4hte0kI=,o2Lq+iFQCacxU+nLKQr0YeKuNdo=
-10,28,tGFQIsMsY2aeTcwG5HR/4hte0kI=,AQETMGa1evk6PEZNVPUjT9V3Ovw=
-2,30,tGFQIsMsY2aeTcwG5HR/4hte0kI=,o2Lq+iFQCacxU+nLKQr0YeKuNdo=
-6,28,tGFQIsMsY2aeTcwG5HR/4hte0kI=,o2Lq+iFQCacxU+nLKQr0YeKuNdo=
-7,28,tGFQIsMsY2aeTcwG5HR/4hte0kI=,o2Lq+iFQCacxU+nLKQr0YeKuNdo=
-11,28,tGFQIsMsY2aeTcwG5HR/4hte0kI=,AQETMGa1evk6PEZNVPUjT9V3Ovw=
-15,28,tGFQIsMsY2aeTcwG5HR/4hte0kI=,AQETMGa1evk6PEZNVPUjT9V3Ovw=
-8,28,tGFQIsMsY2aeTcwG5HR/4hte0kI=,o2Lq+iFQCacxU+nLKQr0YeKuNdo=
-9,25,tGFQIsMsY2aeTcwG5HR/4hte0kI=,AQETMGa1evk6PEZNVPUjT9V3Ovw=
-5,26,tGFQIsMsY2aeTcwG5HR/4hte0kI=,o2Lq+iFQCacxU+nLKQr0YeKuNdo=
-12,28,tGFQIsMsY2aeTcwG5HR/4hte0kI=,AQETMGa1evk6PEZNVPUjT9V3Ovw=
-4,26,tGFQIsMsY2aeTcwG5HR/4hte0kI=,o2Lq+iFQCacxU+nLKQr0YeKuNdo=
-3,26,tGFQIsMsY2aeTcwG5HR/4hte0kI=,o2Lq+iFQCacxU+nLKQr0YeKuNdo=
-9,27,tGFQIsMsY2aeTcwG5HR/4hte0kI=,AQETMGa1evk6PEZNVPUjT9V3Ovw=
-14,28,tGFQIsMsY2aeTcwG5HR/4hte0kI=,AQETMGa1evk6PEZNVPUjT9V3Ovw=
-2,26,tGFQIsMsY2aeTcwG5HR/4hte0kI=,o2Lq+iFQCacxU+nLKQr0YeKuNdo=
-8,27,tGFQIsMsY2aeTcwG5HR/4hte0kI=,o2Lq+iFQCacxU+nLKQr0YeKuNdo=
-13,28,tGFQIsMsY2aeTcwG5HR/4hte0kI=,AQETMGa1evk6PEZNVPUjT9V3Ovw=
-6,27,tGFQIsMsY2aeTcwG5HR/4hte0kI=,o2Lq+iFQCacxU+nLKQr0YeKuNdo=
-2,27,tGFQIsMsY2aeTcwG5HR/4hte0kI=,o2Lq+iFQCacxU+nLKQr0YeKuNdo=
-7,27,tGFQIsMsY2aeTcwG5HR/4hte0kI=,o2Lq+iFQCacxU+nLKQr0YeKuNdo=
-9,26,tGFQIsMsY2aeTcwG5HR/4hte0kI=,AQETMGa1evk6PEZNVPUjT9V3Ovw=
-3,27,tGFQIsMsY2aeTcwG5HR/4hte0kI=,o2Lq+iFQCacxU+nLKQr0YeKuNdo=
-4,27,tGFQIsMsY2aeTcwG5HR/4hte0kI=,o2Lq+iFQCacxU+nLKQr0YeKuNdo=
-5,27,tGFQIsMsY2aeTcwG5HR/4hte0kI=,o2Lq+iFQCacxU+nLKQr0YeKuNdo=
-9,28,tGFQIsMsY2aeTcwG5HR/4hte0kI=,AQETMGa1evk6PEZNVPUjT9V3Ovw=
-4,19,ygK4fZn+x2kgeJAEajXIx9kJGts=,ZBsZ2XjkoM6Yjms4yu5PxctjSrI=
-8,24,ygK4fZn+x2kgeJAEajXIx9kJGts=,o2Lq+iFQCacxU+nLKQr0YeKuNdo=
-6,19,ygK4fZn+x2kgeJAEajXIx9kJGts=,ZBsZ2XjkoM6Yjms4yu5PxctjSrI=
-5,19,ygK4fZn+x2kgeJAEajXIx9kJGts=,ZBsZ2XjkoM6Yjms4yu5PxctjSrI=
-9,19,ygK4fZn+x2kgeJAEajXIx9kJGts=,KneaIBFgceddsvvQx752Z7uTyGo=
-3,19,ygK4fZn+x2kgeJAEajXIx9kJGts=,ZBsZ2XjkoM6Yjms4yu5PxctjSrI=
-2,23,ygK4fZn+x2kgeJAEajXIx9kJGts=,ZBsZ2XjkoM6Yjms4yu5PxctjSrI=
-3,23,ygK4fZn+x2kgeJAEajXIx9kJGts=,ZBsZ2XjkoM6Yjms4yu5PxctjSrI=
-8,19,ygK4fZn+x2kgeJAEajXIx9kJGts=,ZBsZ2XjkoM6Yjms4yu5PxctjSrI=
-7,24,ygK4fZn+x2kgeJAEajXIx9kJGts=,o2Lq+iFQCacxU+nLKQr0YeKuNdo=
-2,18,ygK4fZn+x2kgeJAEajXIx9kJGts=,ZBsZ2XjkoM6Yjms4yu5PxctjSrI=
-9,20,ygK4fZn+x2kgeJAEajXIx9kJGts=,KneaIBFgceddsvvQx752Z7uTyGo=
-4,23,ygK4fZn+x2kgeJAEajXIx9kJGts=,ZBsZ2XjkoM6Yjms4yu5PxctjSrI=
-9,18,ygK4fZn+x2kgeJAEajXIx9kJGts=,KneaIBFgceddsvvQx752Z7uTyGo=
-3,18,ygK4fZn+x2kgeJAEajXIx9kJGts=,ZBsZ2XjkoM6Yjms4yu5PxctjSrI=
-7,23,ygK4fZn+x2kgeJAEajXIx9kJGts=,ZBsZ2XjkoM6Yjms4yu5PxctjSrI=
-4,18,ygK4fZn+x2kgeJAEajXIx9kJGts=,ZBsZ2XjkoM6Yjms4yu5PxctjSrI=
-9,23,ygK4fZn+x2kgeJAEajXIx9kJGts=,KneaIBFgceddsvvQx752Z7uTyGo=
-6,24,ygK4fZn+x2kgeJAEajXIx9kJGts=,o2Lq+iFQCacxU+nLKQr0YeKuNdo=
-6,23,ygK4fZn+x2kgeJAEajXIx9kJGts=,ZBsZ2XjkoM6Yjms4yu5PxctjSrI=
-5,18,ygK4fZn+x2kgeJAEajXIx9kJGts=,ZBsZ2XjkoM6Yjms4yu5PxctjSrI=
-8,23,ygK4fZn+x2kgeJAEajXIx9kJGts=,ZBsZ2XjkoM6Yjms4yu5PxctjSrI=
-5,24,ygK4fZn+x2kgeJAEajXIx9kJGts=,o2Lq+iFQCacxU+nLKQr0YeKuNdo=
-5,23,ygK4fZn+x2kgeJAEajXIx9kJGts=,ZBsZ2XjkoM6Yjms4yu5PxctjSrI=
-2,22,ygK4fZn+x2kgeJAEajXIx9kJGts=,ZBsZ2XjkoM6Yjms4yu5PxctjSrI=
-3,22,ygK4fZn+x2kgeJAEajXIx9kJGts=,ZBsZ2XjkoM6Yjms4yu5PxctjSrI=
-6,18,ygK4fZn+x2kgeJAEajXIx9kJGts=,ZBsZ2XjkoM6Yjms4yu5PxctjSrI=
-4,22,ygK4fZn+x2kgeJAEajXIx9kJGts=,ZBsZ2XjkoM6Yjms4yu5PxctjSrI=
-7,19,ygK4fZn+x2kgeJAEajXIx9kJGts=,ZBsZ2XjkoM6Yjms4yu5PxctjSrI=
-7,18,ygK4fZn+x2kgeJAEajXIx9kJGts=,ZBsZ2XjkoM6Yjms4yu5PxctjSrI=
-2,19,ygK4fZn+x2kgeJAEajXIx9kJGts=,ZBsZ2XjkoM6Yjms4yu5PxctjSrI=
-4,24,ygK4fZn+x2kgeJAEajXIx9kJGts=,o2Lq+iFQCacxU+nLKQr0YeKuNdo=
-3,24,ygK4fZn+x2kgeJAEajXIx9kJGts=,o2Lq+iFQCacxU+nLKQr0YeKuNdo=
-6,22,ygK4fZn+x2kgeJAEajXIx9kJGts=,ZBsZ2XjkoM6Yjms4yu5PxctjSrI=
-7,22,ygK4fZn+x2kgeJAEajXIx9kJGts=,ZBsZ2XjkoM6Yjms4yu5PxctjSrI=
-8,22,ygK4fZn+x2kgeJAEajXIx9kJGts=,ZBsZ2XjkoM6Yjms4yu5PxctjSrI=
-2,17,ygK4fZn+x2kgeJAEajXIx9kJGts=,ZBsZ2XjkoM6Yjms4yu5PxctjSrI=
-3,17,ygK4fZn+x2kgeJAEajXIx9kJGts=,ZBsZ2XjkoM6Yjms4yu5PxctjSrI=
-8,20,ygK4fZn+x2kgeJAEajXIx9kJGts=,ZBsZ2XjkoM6Yjms4yu5PxctjSrI=
-5,22,ygK4fZn+x2kgeJAEajXIx9kJGts=,ZBsZ2XjkoM6Yjms4yu5PxctjSrI=
-8,18,ygK4fZn+x2kgeJAEajXIx9kJGts=,ZBsZ2XjkoM6Yjms4yu5PxctjSrI=
-2,21,ygK4fZn+x2kgeJAEajXIx9kJGts=,ZBsZ2XjkoM6Yjms4yu5PxctjSrI=
-4,21,ygK4fZn+x2kgeJAEajXIx9kJGts=,ZBsZ2XjkoM6Yjms4yu5PxctjSrI=
-5,21,ygK4fZn+x2kgeJAEajXIx9kJGts=,ZBsZ2XjkoM6Yjms4yu5PxctjSrI=
-3,21,ygK4fZn+x2kgeJAEajXIx9kJGts=,ZBsZ2XjkoM6Yjms4yu5PxctjSrI=
-2,24,ygK4fZn+x2kgeJAEajXIx9kJGts=,o2Lq+iFQCacxU+nLKQr0YeKuNdo=
-4,17,ygK4fZn+x2kgeJAEajXIx9kJGts=,ZBsZ2XjkoM6Yjms4yu5PxctjSrI=
-5,17,ygK4fZn+x2kgeJAEajXIx9kJGts=,ZBsZ2XjkoM6Yjms4yu5PxctjSrI=
-7,21,ygK4fZn+x2kgeJAEajXIx9kJGts=,ZBsZ2XjkoM6Yjms4yu5PxctjSrI=
-8,21,ygK4fZn+x2kgeJAEajXIx9kJGts=,ZBsZ2XjkoM6Yjms4yu5PxctjSrI=
-7,20,ygK4fZn+x2kgeJAEajXIx9kJGts=,ZBsZ2XjkoM6Yjms4yu5PxctjSrI=
-9,17,ygK4fZn+x2kgeJAEajXIx9kJGts=,KneaIBFgceddsvvQx752Z7uTyGo=
-6,17,ygK4fZn+x2kgeJAEajXIx9kJGts=,ZBsZ2XjkoM6Yjms4yu5PxctjSrI=
-6,21,ygK4fZn+x2kgeJAEajXIx9kJGts=,ZBsZ2XjkoM6Yjms4yu5PxctjSrI=
-9,22,ygK4fZn+x2kgeJAEajXIx9kJGts=,KneaIBFgceddsvvQx752Z7uTyGo=
-9,21,ygK4fZn+x2kgeJAEajXIx9kJGts=,KneaIBFgceddsvvQx752Z7uTyGo=
-6,20,ygK4fZn+x2kgeJAEajXIx9kJGts=,ZBsZ2XjkoM6Yjms4yu5PxctjSrI=
-3,20,ygK4fZn+x2kgeJAEajXIx9kJGts=,ZBsZ2XjkoM6Yjms4yu5PxctjSrI=
-9,24,ygK4fZn+x2kgeJAEajXIx9kJGts=,AQETMGa1evk6PEZNVPUjT9V3Ovw=
-8,17,ygK4fZn+x2kgeJAEajXIx9kJGts=,ZBsZ2XjkoM6Yjms4yu5PxctjSrI=
-7,17,ygK4fZn+x2kgeJAEajXIx9kJGts=,ZBsZ2XjkoM6Yjms4yu5PxctjSrI=
-5,20,ygK4fZn+x2kgeJAEajXIx9kJGts=,ZBsZ2XjkoM6Yjms4yu5PxctjSrI=
-2,20,ygK4fZn+x2kgeJAEajXIx9kJGts=,ZBsZ2XjkoM6Yjms4yu5PxctjSrI=
-4,20,ygK4fZn+x2kgeJAEajXIx9kJGts=,ZBsZ2XjkoM6Yjms4yu5PxctjSrI=
-1,21,ygK4fZn+x2kgeJAEajXIx9kJGts=,ZBsZ2XjkoM6Yjms4yu5PxctjSrI=
-1,19,ygK4fZn+x2kgeJAEajXIx9kJGts=,ZBsZ2XjkoM6Yjms4yu5PxctjSrI=
-1,22,ygK4fZn+x2kgeJAEajXIx9kJGts=,ZBsZ2XjkoM6Yjms4yu5PxctjSrI=
-1,17,ygK4fZn+x2kgeJAEajXIx9kJGts=,ZBsZ2XjkoM6Yjms4yu5PxctjSrI=
-1,18,ygK4fZn+x2kgeJAEajXIx9kJGts=,ZBsZ2XjkoM6Yjms4yu5PxctjSrI=
-1,20,ygK4fZn+x2kgeJAEajXIx9kJGts=,ZBsZ2XjkoM6Yjms4yu5PxctjSrI=
-6,31,ygK4fZn+x2kgeJAEajXIx9kJGts=,o2Lq+iFQCacxU+nLKQr0YeKuNdo=
-5,31,ygK4fZn+x2kgeJAEajXIx9kJGts=,o2Lq+iFQCacxU+nLKQr0YeKuNdo=
-7,31,ygK4fZn+x2kgeJAEajXIx9kJGts=,o2Lq+iFQCacxU+nLKQr0YeKuNdo=
-4,31,ygK4fZn+x2kgeJAEajXIx9kJGts=,o2Lq+iFQCacxU+nLKQr0YeKuNdo=
-3,31,ygK4fZn+x2kgeJAEajXIx9kJGts=,o2Lq+iFQCacxU+nLKQr0YeKuNdo=
-2,31,ygK4fZn+x2kgeJAEajXIx9kJGts=,o2Lq+iFQCacxU+nLKQr0YeKuNdo=
-1,29,ygK4fZn+x2kgeJAEajXIx9kJGts=,o2Lq+iFQCacxU+nLKQr0YeKuNdo=
-1,23,ygK4fZn+x2kgeJAEajXIx9kJGts=,ZBsZ2XjkoM6Yjms4yu5PxctjSrI=
-1,27,ygK4fZn+x2kgeJAEajXIx9kJGts=,o2Lq+iFQCacxU+nLKQr0YeKuNdo=
-1,28,ygK4fZn+x2kgeJAEajXIx9kJGts=,o2Lq+iFQCacxU+nLKQr0YeKuNdo=
-1,26,ygK4fZn+x2kgeJAEajXIx9kJGts=,o2Lq+iFQCacxU+nLKQr0YeKuNdo=
-1,30,ygK4fZn+x2kgeJAEajXIx9kJGts=,o2Lq+iFQCacxU+nLKQr0YeKuNdo=
-1,24,ygK4fZn+x2kgeJAEajXIx9kJGts=,o2Lq+iFQCacxU+nLKQr0YeKuNdo=
-1,25,ygK4fZn+x2kgeJAEajXIx9kJGts=,o2Lq+iFQCacxU+nLKQr0YeKuNdo=
-13,31,ygK4fZn+x2kgeJAEajXIx9kJGts=,AQETMGa1evk6PEZNVPUjT9V3Ovw=
-8,31,ygK4fZn+x2kgeJAEajXIx9kJGts=,o2Lq+iFQCacxU+nLKQr0YeKuNdo=
-9,31,ygK4fZn+x2kgeJAEajXIx9kJGts=,AQETMGa1evk6PEZNVPUjT9V3Ovw=
-14,31,ygK4fZn+x2kgeJAEajXIx9kJGts=,AQETMGa1evk6PEZNVPUjT9V3Ovw=
-11,31,ygK4fZn+x2kgeJAEajXIx9kJGts=,AQETMGa1evk6PEZNVPUjT9V3Ovw=
-10,31,ygK4fZn+x2kgeJAEajXIx9kJGts=,AQETMGa1evk6PEZNVPUjT9V3Ovw=
-12,31,ygK4fZn+x2kgeJAEajXIx9kJGts=,AQETMGa1evk6PEZNVPUjT9V3Ovw=
-15,31,ygK4fZn+x2kgeJAEajXIx9kJGts=,AQETMGa1evk6PEZNVPUjT9V3Ovw=
-16,30,ygK4fZn+x2kgeJAEajXIx9kJGts=,AQETMGa1evk6PEZNVPUjT9V3Ovw=
-16,29,ygK4fZn+x2kgeJAEajXIx9kJGts=,AQETMGa1evk6PEZNVPUjT9V3Ovw=
-16,26,ygK4fZn+x2kgeJAEajXIx9kJGts=,AQETMGa1evk6PEZNVPUjT9V3Ovw=
-16,25,ygK4fZn+x2kgeJAEajXIx9kJGts=,AQETMGa1evk6PEZNVPUjT9V3Ovw=
-16,27,ygK4fZn+x2kgeJAEajXIx9kJGts=,AQETMGa1evk6PEZNVPUjT9V3Ovw=
-16,28,ygK4fZn+x2kgeJAEajXIx9kJGts=,AQETMGa1evk6PEZNVPUjT9V3Ovw=
-16,24,ygK4fZn+x2kgeJAEajXIx9kJGts=,AQETMGa1evk6PEZNVPUjT9V3Ovw=
-16,17,ygK4fZn+x2kgeJAEajXIx9kJGts=,KneaIBFgceddsvvQx752Z7uTyGo=
-16,19,ygK4fZn+x2kgeJAEajXIx9kJGts=,KneaIBFgceddsvvQx752Z7uTyGo=
-16,20,ygK4fZn+x2kgeJAEajXIx9kJGts=,KneaIBFgceddsvvQx752Z7uTyGo=
-16,18,ygK4fZn+x2kgeJAEajXIx9kJGts=,KneaIBFgceddsvvQx752Z7uTyGo=
-16,21,ygK4fZn+x2kgeJAEajXIx9kJGts=,KneaIBFgceddsvvQx752Z7uTyGo=
-13,16,ygK4fZn+x2kgeJAEajXIx9kJGts=,KneaIBFgceddsvvQx752Z7uTyGo=
-14,16,ygK4fZn+x2kgeJAEajXIx9kJGts=,KneaIBFgceddsvvQx752Z7uTyGo=
-15,16,ygK4fZn+x2kgeJAEajXIx9kJGts=,KneaIBFgceddsvvQx752Z7uTyGo=
-11,16,ygK4fZn+x2kgeJAEajXIx9kJGts=,KneaIBFgceddsvvQx752Z7uTyGo=
-16,23,ygK4fZn+x2kgeJAEajXIx9kJGts=,KneaIBFgceddsvvQx752Z7uTyGo=
-16,22,ygK4fZn+x2kgeJAEajXIx9kJGts=,KneaIBFgceddsvvQx752Z7uTyGo=
-10,16,ygK4fZn+x2kgeJAEajXIx9kJGts=,KneaIBFgceddsvvQx752Z7uTyGo=
-12,16,ygK4fZn+x2kgeJAEajXIx9kJGts=,KneaIBFgceddsvvQx752Z7uTyGo=
-3,16,ygK4fZn+x2kgeJAEajXIx9kJGts=,ZBsZ2XjkoM6Yjms4yu5PxctjSrI=
-5,16,ygK4fZn+x2kgeJAEajXIx9kJGts=,ZBsZ2XjkoM6Yjms4yu5PxctjSrI=
-4,16,ygK4fZn+x2kgeJAEajXIx9kJGts=,ZBsZ2XjkoM6Yjms4yu5PxctjSrI=
-2,16,ygK4fZn+x2kgeJAEajXIx9kJGts=,ZBsZ2XjkoM6Yjms4yu5PxctjSrI=
-9,16,ygK4fZn+x2kgeJAEajXIx9kJGts=,KneaIBFgceddsvvQx752Z7uTyGo=
-8,16,ygK4fZn+x2kgeJAEajXIx9kJGts=,ZBsZ2XjkoM6Yjms4yu5PxctjSrI=
-6,16,ygK4fZn+x2kgeJAEajXIx9kJGts=,ZBsZ2XjkoM6Yjms4yu5PxctjSrI=
-7,16,ygK4fZn+x2kgeJAEajXIx9kJGts=,ZBsZ2XjkoM6Yjms4yu5PxctjSrI=
-1,16,ygK4fZn+x2kgeJAEajXIx9kJGts=,ZBsZ2XjkoM6Yjms4yu5PxctjSrI=
-1,31,ygK4fZn+x2kgeJAEajXIx9kJGts=,o2Lq+iFQCacxU+nLKQr0YeKuNdo=
-16,31,ygK4fZn+x2kgeJAEajXIx9kJGts=,AQETMGa1evk6PEZNVPUjT9V3Ovw=
-16,16,ygK4fZn+x2kgeJAEajXIx9kJGts=,KneaIBFgceddsvvQx752Z7uTyGo=
-10,14,fINdJIUK+KqhzXIzqTKyGDJSQYc=,3tbSPfJFLmmPMcnV/NKvtbkTeyQ=
-15,9,fINdJIUK+KqhzXIzqTKyGDJSQYc=,3tbSPfJFLmmPMcnV/NKvtbkTeyQ=
-14,14,fINdJIUK+KqhzXIzqTKyGDJSQYc=,3tbSPfJFLmmPMcnV/NKvtbkTeyQ=
-10,13,ATuRm9doHZrb+j6aa+73xwE+JfI=,3tbSPfJFLmmPMcnV/NKvtbkTeyQ=
-14,9,ATuRm9doHZrb+j6aa+73xwE+JfI=,3tbSPfJFLmmPMcnV/NKvtbkTeyQ=
-11,14,fINdJIUK+KqhzXIzqTKyGDJSQYc=,3tbSPfJFLmmPMcnV/NKvtbkTeyQ=
-13,9,ATuRm9doHZrb+j6aa+73xwE+JfI=,3tbSPfJFLmmPMcnV/NKvtbkTeyQ=
-15,14,ATuRm9doHZrb+j6aa+73xwE+JfI=,3tbSPfJFLmmPMcnV/NKvtbkTeyQ=
-12,14,fINdJIUK+KqhzXIzqTKyGDJSQYc=,3tbSPfJFLmmPMcnV/NKvtbkTeyQ=
-12,9,ATuRm9doHZrb+j6aa+73xwE+JfI=,3tbSPfJFLmmPMcnV/NKvtbkTeyQ=
-11,13,ATuRm9doHZrb+j6aa+73xwE+JfI=,3tbSPfJFLmmPMcnV/NKvtbkTeyQ=
-10,12,ATuRm9doHZrb+j6aa+73xwE+JfI=,3tbSPfJFLmmPMcnV/NKvtbkTeyQ=
-11,9,ATuRm9doHZrb+j6aa+73xwE+JfI=,3tbSPfJFLmmPMcnV/NKvtbkTeyQ=
-10,9,ATuRm9doHZrb+j6aa+73xwE+JfI=,3tbSPfJFLmmPMcnV/NKvtbkTeyQ=
-11,12,ATuRm9doHZrb+j6aa+73xwE+JfI=,3tbSPfJFLmmPMcnV/NKvtbkTeyQ=
-15,10,ATuRm9doHZrb+j6aa+73xwE+JfI=,3tbSPfJFLmmPMcnV/NKvtbkTeyQ=
-14,13,ATuRm9doHZrb+j6aa+73xwE+JfI=,3tbSPfJFLmmPMcnV/NKvtbkTeyQ=
-14,10,ATuRm9doHZrb+j6aa+73xwE+JfI=,3tbSPfJFLmmPMcnV/NKvtbkTeyQ=
-13,13,ATuRm9doHZrb+j6aa+73xwE+JfI=,3tbSPfJFLmmPMcnV/NKvtbkTeyQ=
-15,13,ATuRm9doHZrb+j6aa+73xwE+JfI=,3tbSPfJFLmmPMcnV/NKvtbkTeyQ=
-13,10,ATuRm9doHZrb+j6aa+73xwE+JfI=,3tbSPfJFLmmPMcnV/NKvtbkTeyQ=
-12,10,ATuRm9doHZrb+j6aa+73xwE+JfI=,3tbSPfJFLmmPMcnV/NKvtbkTeyQ=
-11,10,ATuRm9doHZrb+j6aa+73xwE+JfI=,3tbSPfJFLmmPMcnV/NKvtbkTeyQ=
-12,13,ATuRm9doHZrb+j6aa+73xwE+JfI=,3tbSPfJFLmmPMcnV/NKvtbkTeyQ=
-10,11,ATuRm9doHZrb+j6aa+73xwE+JfI=,3tbSPfJFLmmPMcnV/NKvtbkTeyQ=
-11,11,ATuRm9doHZrb+j6aa+73xwE+JfI=,3tbSPfJFLmmPMcnV/NKvtbkTeyQ=
-12,11,ATuRm9doHZrb+j6aa+73xwE+JfI=,3tbSPfJFLmmPMcnV/NKvtbkTeyQ=
-10,10,ATuRm9doHZrb+j6aa+73xwE+JfI=,3tbSPfJFLmmPMcnV/NKvtbkTeyQ=
-13,11,ATuRm9doHZrb+j6aa+73xwE+JfI=,3tbSPfJFLmmPMcnV/NKvtbkTeyQ=
-12,12,ATuRm9doHZrb+j6aa+73xwE+JfI=,3tbSPfJFLmmPMcnV/NKvtbkTeyQ=
-15,11,ATuRm9doHZrb+j6aa+73xwE+JfI=,3tbSPfJFLmmPMcnV/NKvtbkTeyQ=
-15,12,ATuRm9doHZrb+j6aa+73xwE+JfI=,3tbSPfJFLmmPMcnV/NKvtbkTeyQ=
-14,12,ATuRm9doHZrb+j6aa+73xwE+JfI=,3tbSPfJFLmmPMcnV/NKvtbkTeyQ=
-13,12,ATuRm9doHZrb+j6aa+73xwE+JfI=,3tbSPfJFLmmPMcnV/NKvtbkTeyQ=
-14,11,ATuRm9doHZrb+j6aa+73xwE+JfI=,3tbSPfJFLmmPMcnV/NKvtbkTeyQ=
-13,14,ATuRm9doHZrb+j6aa+73xwE+JfI=,3tbSPfJFLmmPMcnV/NKvtbkTeyQ=
-13,7,FK4obVXF3DztAotiFvfR4bRp1jw=,qic7z+dS199Mp63mii6BRIw8oI0=
-10,4,FK4obVXF3DztAotiFvfR4bRp1jw=,qic7z+dS199Mp63mii6BRIw8oI0=
-12,7,FK4obVXF3DztAotiFvfR4bRp1jw=,qic7z+dS199Mp63mii6BRIw8oI0=
-11,6,FK4obVXF3DztAotiFvfR4bRp1jw=,qic7z+dS199Mp63mii6BRIw8oI0=
-15,3,FK4obVXF3DztAotiFvfR4bRp1jw=,qic7z+dS199Mp63mii6BRIw8oI0=
-15,2,FK4obVXF3DztAotiFvfR4bRp1jw=,qic7z+dS199Mp63mii6BRIw8oI0=
-11,4,FK4obVXF3DztAotiFvfR4bRp1jw=,qic7z+dS199Mp63mii6BRIw8oI0=
-11,7,FK4obVXF3DztAotiFvfR4bRp1jw=,qic7z+dS199Mp63mii6BRIw8oI0=
-15,7,FK4obVXF3DztAotiFvfR4bRp1jw=,qic7z+dS199Mp63mii6BRIw8oI0=
-14,7,FK4obVXF3DztAotiFvfR4bRp1jw=,qic7z+dS199Mp63mii6BRIw8oI0=
-10,3,FK4obVXF3DztAotiFvfR4bRp1jw=,qic7z+dS199Mp63mii6BRIw8oI0=
-13,6,FK4obVXF3DztAotiFvfR4bRp1jw=,qic7z+dS199Mp63mii6BRIw8oI0=
-10,2,FK4obVXF3DztAotiFvfR4bRp1jw=,qic7z+dS199Mp63mii6BRIw8oI0=
-12,6,FK4obVXF3DztAotiFvfR4bRp1jw=,qic7z+dS199Mp63mii6BRIw8oI0=
-11,3,FK4obVXF3DztAotiFvfR4bRp1jw=,qic7z+dS199Mp63mii6BRIw8oI0=
-14,1,FK4obVXF3DztAotiFvfR4bRp1jw=,qic7z+dS199Mp63mii6BRIw8oI0=
-10,7,FK4obVXF3DztAotiFvfR4bRp1jw=,qic7z+dS199Mp63mii6BRIw8oI0=
-13,1,FK4obVXF3DztAotiFvfR4bRp1jw=,qic7z+dS199Mp63mii6BRIw8oI0=
-11,2,FK4obVXF3DztAotiFvfR4bRp1jw=,qic7z+dS199Mp63mii6BRIw8oI0=
-15,1,FK4obVXF3DztAotiFvfR4bRp1jw=,qic7z+dS199Mp63mii6BRIw8oI0=
-15,4,FK4obVXF3DztAotiFvfR4bRp1jw=,qic7z+dS199Mp63mii6BRIw8oI0=
-11,5,FK4obVXF3DztAotiFvfR4bRp1jw=,qic7z+dS199Mp63mii6BRIw8oI0=
-12,5,FK4obVXF3DztAotiFvfR4bRp1jw=,qic7z+dS199Mp63mii6BRIw8oI0=
-14,6,FK4obVXF3DztAotiFvfR4bRp1jw=,qic7z+dS199Mp63mii6BRIw8oI0=
-14,4,FK4obVXF3DztAotiFvfR4bRp1jw=,qic7z+dS199Mp63mii6BRIw8oI0=
-12,3,FK4obVXF3DztAotiFvfR4bRp1jw=,qic7z+dS199Mp63mii6BRIw8oI0=
-14,5,FK4obVXF3DztAotiFvfR4bRp1jw=,qic7z+dS199Mp63mii6BRIw8oI0=
-10,1,FK4obVXF3DztAotiFvfR4bRp1jw=,qic7z+dS199Mp63mii6BRIw8oI0=
-12,2,FK4obVXF3DztAotiFvfR4bRp1jw=,qic7z+dS199Mp63mii6BRIw8oI0=
-15,5,FK4obVXF3DztAotiFvfR4bRp1jw=,qic7z+dS199Mp63mii6BRIw8oI0=
-13,5,FK4obVXF3DztAotiFvfR4bRp1jw=,qic7z+dS199Mp63mii6BRIw8oI0=
-15,6,FK4obVXF3DztAotiFvfR4bRp1jw=,qic7z+dS199Mp63mii6BRIw8oI0=
-13,3,FK4obVXF3DztAotiFvfR4bRp1jw=,qic7z+dS199Mp63mii6BRIw8oI0=
-13,4,FK4obVXF3DztAotiFvfR4bRp1jw=,qic7z+dS199Mp63mii6BRIw8oI0=
-11,1,FK4obVXF3DztAotiFvfR4bRp1jw=,qic7z+dS199Mp63mii6BRIw8oI0=
-12,4,FK4obVXF3DztAotiFvfR4bRp1jw=,qic7z+dS199Mp63mii6BRIw8oI0=
-12,1,FK4obVXF3DztAotiFvfR4bRp1jw=,qic7z+dS199Mp63mii6BRIw8oI0=
-10,5,FK4obVXF3DztAotiFvfR4bRp1jw=,qic7z+dS199Mp63mii6BRIw8oI0=
-10,8,FK4obVXF3DztAotiFvfR4bRp1jw=,3tbSPfJFLmmPMcnV/NKvtbkTeyQ=
-14,3,FK4obVXF3DztAotiFvfR4bRp1jw=,qic7z+dS199Mp63mii6BRIw8oI0=
-11,8,FK4obVXF3DztAotiFvfR4bRp1jw=,3tbSPfJFLmmPMcnV/NKvtbkTeyQ=
-14,8,FK4obVXF3DztAotiFvfR4bRp1jw=,3tbSPfJFLmmPMcnV/NKvtbkTeyQ=
-10,6,FK4obVXF3DztAotiFvfR4bRp1jw=,qic7z+dS199Mp63mii6BRIw8oI0=
-12,8,FK4obVXF3DztAotiFvfR4bRp1jw=,3tbSPfJFLmmPMcnV/NKvtbkTeyQ=
-13,8,FK4obVXF3DztAotiFvfR4bRp1jw=,3tbSPfJFLmmPMcnV/NKvtbkTeyQ=
-15,8,FK4obVXF3DztAotiFvfR4bRp1jw=,3tbSPfJFLmmPMcnV/NKvtbkTeyQ=
-14,2,FK4obVXF3DztAotiFvfR4bRp1jw=,qic7z+dS199Mp63mii6BRIw8oI0=
-13,2,FK4obVXF3DztAotiFvfR4bRp1jw=,qic7z+dS199Mp63mii6BRIw8oI0=
-5,13,ATuRm9doHZrb+j6aa+73xwE+JfI=,kFYir750iKKnKqQ1IJWdX+th1Wk=
-9,14,ATuRm9doHZrb+j6aa+73xwE+JfI=,3tbSPfJFLmmPMcnV/NKvtbkTeyQ=
-4,12,ATuRm9doHZrb+j6aa+73xwE+JfI=,kFYir750iKKnKqQ1IJWdX+th1Wk=
-3,12,ATuRm9doHZrb+j6aa+73xwE+JfI=,kFYir750iKKnKqQ1IJWdX+th1Wk=
-4,13,ATuRm9doHZrb+j6aa+73xwE+JfI=,kFYir750iKKnKqQ1IJWdX+th1Wk=
-6,13,ATuRm9doHZrb+j6aa+73xwE+JfI=,kFYir750iKKnKqQ1IJWdX+th1Wk=
-9,13,ATuRm9doHZrb+j6aa+73xwE+JfI=,3tbSPfJFLmmPMcnV/NKvtbkTeyQ=
-5,12,ATuRm9doHZrb+j6aa+73xwE+JfI=,kFYir750iKKnKqQ1IJWdX+th1Wk=
-9,12,ATuRm9doHZrb+j6aa+73xwE+JfI=,3tbSPfJFLmmPMcnV/NKvtbkTeyQ=
-8,13,ATuRm9doHZrb+j6aa+73xwE+JfI=,kFYir750iKKnKqQ1IJWdX+th1Wk=
-7,13,ATuRm9doHZrb+j6aa+73xwE+JfI=,kFYir750iKKnKqQ1IJWdX+th1Wk=
-2,12,ATuRm9doHZrb+j6aa+73xwE+JfI=,kFYir750iKKnKqQ1IJWdX+th1Wk=
-3,13,ATuRm9doHZrb+j6aa+73xwE+JfI=,kFYir750iKKnKqQ1IJWdX+th1Wk=
-6,12,ATuRm9doHZrb+j6aa+73xwE+JfI=,kFYir750iKKnKqQ1IJWdX+th1Wk=
-9,11,FK4obVXF3DztAotiFvfR4bRp1jw=,3tbSPfJFLmmPMcnV/NKvtbkTeyQ=
-3,11,ATuRm9doHZrb+j6aa+73xwE+JfI=,kFYir750iKKnKqQ1IJWdX+th1Wk=
-2,11,ATuRm9doHZrb+j6aa+73xwE+JfI=,kFYir750iKKnKqQ1IJWdX+th1Wk=
-8,12,ATuRm9doHZrb+j6aa+73xwE+JfI=,kFYir750iKKnKqQ1IJWdX+th1Wk=
-4,11,ATuRm9doHZrb+j6aa+73xwE+JfI=,kFYir750iKKnKqQ1IJWdX+th1Wk=
-2,13,ATuRm9doHZrb+j6aa+73xwE+JfI=,kFYir750iKKnKqQ1IJWdX+th1Wk=
-9,10,FK4obVXF3DztAotiFvfR4bRp1jw=,3tbSPfJFLmmPMcnV/NKvtbkTeyQ=
-5,11,ATuRm9doHZrb+j6aa+73xwE+JfI=,kFYir750iKKnKqQ1IJWdX+th1Wk=
-8,11,FK4obVXF3DztAotiFvfR4bRp1jw=,kFYir750iKKnKqQ1IJWdX+th1Wk=
-6,11,FK4obVXF3DztAotiFvfR4bRp1jw=,kFYir750iKKnKqQ1IJWdX+th1Wk=
-2,14,FK4obVXF3DztAotiFvfR4bRp1jw=,kFYir750iKKnKqQ1IJWdX+th1Wk=
-7,11,FK4obVXF3DztAotiFvfR4bRp1jw=,kFYir750iKKnKqQ1IJWdX+th1Wk=
-8,14,ATuRm9doHZrb+j6aa+73xwE+JfI=,kFYir750iKKnKqQ1IJWdX+th1Wk=
-9,9,FK4obVXF3DztAotiFvfR4bRp1jw=,3tbSPfJFLmmPMcnV/NKvtbkTeyQ=
-3,10,FK4obVXF3DztAotiFvfR4bRp1jw=,kFYir750iKKnKqQ1IJWdX+th1Wk=
-2,10,FK4obVXF3DztAotiFvfR4bRp1jw=,kFYir750iKKnKqQ1IJWdX+th1Wk=
-4,14,FK4obVXF3DztAotiFvfR4bRp1jw=,kFYir750iKKnKqQ1IJWdX+th1Wk=
-3,14,FK4obVXF3DztAotiFvfR4bRp1jw=,kFYir750iKKnKqQ1IJWdX+th1Wk=
-4,10,FK4obVXF3DztAotiFvfR4bRp1jw=,kFYir750iKKnKqQ1IJWdX+th1Wk=
-8,9,ATuRm9doHZrb+j6aa+73xwE+JfI=,kFYir750iKKnKqQ1IJWdX+th1Wk=
-5,14,FK4obVXF3DztAotiFvfR4bRp1jw=,kFYir750iKKnKqQ1IJWdX+th1Wk=
-5,10,FK4obVXF3DztAotiFvfR4bRp1jw=,kFYir750iKKnKqQ1IJWdX+th1Wk=
-6,14,FK4obVXF3DztAotiFvfR4bRp1jw=,kFYir750iKKnKqQ1IJWdX+th1Wk=
-7,10,FK4obVXF3DztAotiFvfR4bRp1jw=,kFYir750iKKnKqQ1IJWdX+th1Wk=
-6,10,FK4obVXF3DztAotiFvfR4bRp1jw=,kFYir750iKKnKqQ1IJWdX+th1Wk=
-8,10,FK4obVXF3DztAotiFvfR4bRp1jw=,kFYir750iKKnKqQ1IJWdX+th1Wk=
-7,14,FK4obVXF3DztAotiFvfR4bRp1jw=,kFYir750iKKnKqQ1IJWdX+th1Wk=
-7,9,ATuRm9doHZrb+j6aa+73xwE+JfI=,kFYir750iKKnKqQ1IJWdX+th1Wk=
-2,9,FK4obVXF3DztAotiFvfR4bRp1jw=,kFYir750iKKnKqQ1IJWdX+th1Wk=
-3,9,FK4obVXF3DztAotiFvfR4bRp1jw=,kFYir750iKKnKqQ1IJWdX+th1Wk=
-6,9,ATuRm9doHZrb+j6aa+73xwE+JfI=,kFYir750iKKnKqQ1IJWdX+th1Wk=
-4,9,FK4obVXF3DztAotiFvfR4bRp1jw=,kFYir750iKKnKqQ1IJWdX+th1Wk=
-5,9,FK4obVXF3DztAotiFvfR4bRp1jw=,kFYir750iKKnKqQ1IJWdX+th1Wk=
-7,12,ATuRm9doHZrb+j6aa+73xwE+JfI=,kFYir750iKKnKqQ1IJWdX+th1Wk=
-4,3,FK4obVXF3DztAotiFvfR4bRp1jw=,ZiG1NYkS8VOqzl9in0NWanziYyw=
-6,3,FK4obVXF3DztAotiFvfR4bRp1jw=,ZiG1NYkS8VOqzl9in0NWanziYyw=
-9,4,FK4obVXF3DztAotiFvfR4bRp1jw=,qic7z+dS199Mp63mii6BRIw8oI0=
-8,3,FK4obVXF3DztAotiFvfR4bRp1jw=,ZiG1NYkS8VOqzl9in0NWanziYyw=
-7,3,FK4obVXF3DztAotiFvfR4bRp1jw=,ZiG1NYkS8VOqzl9in0NWanziYyw=
-3,3,FK4obVXF3DztAotiFvfR4bRp1jw=,ZiG1NYkS8VOqzl9in0NWanziYyw=
-3,2,FK4obVXF3DztAotiFvfR4bRp1jw=,ZiG1NYkS8VOqzl9in0NWanziYyw=
-2,2,FK4obVXF3DztAotiFvfR4bRp1jw=,ZiG1NYkS8VOqzl9in0NWanziYyw=
-2,3,FK4obVXF3DztAotiFvfR4bRp1jw=,ZiG1NYkS8VOqzl9in0NWanziYyw=
-3,7,FK4obVXF3DztAotiFvfR4bRp1jw=,ZiG1NYkS8VOqzl9in0NWanziYyw=
-5,2,FK4obVXF3DztAotiFvfR4bRp1jw=,ZiG1NYkS8VOqzl9in0NWanziYyw=
-4,2,FK4obVXF3DztAotiFvfR4bRp1jw=,ZiG1NYkS8VOqzl9in0NWanziYyw=
-2,7,FK4obVXF3DztAotiFvfR4bRp1jw=,ZiG1NYkS8VOqzl9in0NWanziYyw=
-8,2,FK4obVXF3DztAotiFvfR4bRp1jw=,ZiG1NYkS8VOqzl9in0NWanziYyw=
-2,1,FK4obVXF3DztAotiFvfR4bRp1jw=,ZiG1NYkS8VOqzl9in0NWanziYyw=
-4,7,FK4obVXF3DztAotiFvfR4bRp1jw=,ZiG1NYkS8VOqzl9in0NWanziYyw=
-6,2,FK4obVXF3DztAotiFvfR4bRp1jw=,ZiG1NYkS8VOqzl9in0NWanziYyw=
-3,1,FK4obVXF3DztAotiFvfR4bRp1jw=,ZiG1NYkS8VOqzl9in0NWanziYyw=
-5,1,FK4obVXF3DztAotiFvfR4bRp1jw=,ZiG1NYkS8VOqzl9in0NWanziYyw=
-5,3,FK4obVXF3DztAotiFvfR4bRp1jw=,ZiG1NYkS8VOqzl9in0NWanziYyw=
-9,3,FK4obVXF3DztAotiFvfR4bRp1jw=,qic7z+dS199Mp63mii6BRIw8oI0=
-5,7,FK4obVXF3DztAotiFvfR4bRp1jw=,ZiG1NYkS8VOqzl9in0NWanziYyw=
-6,1,FK4obVXF3DztAotiFvfR4bRp1jw=,ZiG1NYkS8VOqzl9in0NWanziYyw=
-8,1,FK4obVXF3DztAotiFvfR4bRp1jw=,ZiG1NYkS8VOqzl9in0NWanziYyw=
-7,1,FK4obVXF3DztAotiFvfR4bRp1jw=,ZiG1NYkS8VOqzl9in0NWanziYyw=
-6,7,FK4obVXF3DztAotiFvfR4bRp1jw=,ZiG1NYkS8VOqzl9in0NWanziYyw=
-4,6,FK4obVXF3DztAotiFvfR4bRp1jw=,ZiG1NYkS8VOqzl9in0NWanziYyw=
-7,7,FK4obVXF3DztAotiFvfR4bRp1jw=,ZiG1NYkS8VOqzl9in0NWanziYyw=
-3,6,FK4obVXF3DztAotiFvfR4bRp1jw=,ZiG1NYkS8VOqzl9in0NWanziYyw=
-8,7,FK4obVXF3DztAotiFvfR4bRp1jw=,ZiG1NYkS8VOqzl9in0NWanziYyw=
-9,2,FK4obVXF3DztAotiFvfR4bRp1jw=,qic7z+dS199Mp63mii6BRIw8oI0=
-2,6,FK4obVXF3DztAotiFvfR4bRp1jw=,ZiG1NYkS8VOqzl9in0NWanziYyw=
-4,1,FK4obVXF3DztAotiFvfR4bRp1jw=,ZiG1NYkS8VOqzl9in0NWanziYyw=
-8,6,FK4obVXF3DztAotiFvfR4bRp1jw=,ZiG1NYkS8VOqzl9in0NWanziYyw=
-6,6,FK4obVXF3DztAotiFvfR4bRp1jw=,ZiG1NYkS8VOqzl9in0NWanziYyw=
-5,5,FK4obVXF3DztAotiFvfR4bRp1jw=,ZiG1NYkS8VOqzl9in0NWanziYyw=
-4,5,FK4obVXF3DztAotiFvfR4bRp1jw=,ZiG1NYkS8VOqzl9in0NWanziYyw=
-9,1,FK4obVXF3DztAotiFvfR4bRp1jw=,qic7z+dS199Mp63mii6BRIw8oI0=
-7,6,FK4obVXF3DztAotiFvfR4bRp1jw=,ZiG1NYkS8VOqzl9in0NWanziYyw=
-9,6,FK4obVXF3DztAotiFvfR4bRp1jw=,qic7z+dS199Mp63mii6BRIw8oI0=
-2,5,FK4obVXF3DztAotiFvfR4bRp1jw=,ZiG1NYkS8VOqzl9in0NWanziYyw=
-3,5,FK4obVXF3DztAotiFvfR4bRp1jw=,ZiG1NYkS8VOqzl9in0NWanziYyw=
-7,5,FK4obVXF3DztAotiFvfR4bRp1jw=,ZiG1NYkS8VOqzl9in0NWanziYyw=
-6,5,FK4obVXF3DztAotiFvfR4bRp1jw=,ZiG1NYkS8VOqzl9in0NWanziYyw=
-9,5,FK4obVXF3DztAotiFvfR4bRp1jw=,qic7z+dS199Mp63mii6BRIw8oI0=
-8,5,FK4obVXF3DztAotiFvfR4bRp1jw=,ZiG1NYkS8VOqzl9in0NWanziYyw=
-3,4,FK4obVXF3DztAotiFvfR4bRp1jw=,ZiG1NYkS8VOqzl9in0NWanziYyw=
-5,4,FK4obVXF3DztAotiFvfR4bRp1jw=,ZiG1NYkS8VOqzl9in0NWanziYyw=
-4,4,FK4obVXF3DztAotiFvfR4bRp1jw=,ZiG1NYkS8VOqzl9in0NWanziYyw=
-2,4,FK4obVXF3DztAotiFvfR4bRp1jw=,ZiG1NYkS8VOqzl9in0NWanziYyw=
-9,8,FK4obVXF3DztAotiFvfR4bRp1jw=,3tbSPfJFLmmPMcnV/NKvtbkTeyQ=
-4,8,FK4obVXF3DztAotiFvfR4bRp1jw=,kFYir750iKKnKqQ1IJWdX+th1Wk=
-3,8,FK4obVXF3DztAotiFvfR4bRp1jw=,kFYir750iKKnKqQ1IJWdX+th1Wk=
-2,8,FK4obVXF3DztAotiFvfR4bRp1jw=,kFYir750iKKnKqQ1IJWdX+th1Wk=
-6,4,FK4obVXF3DztAotiFvfR4bRp1jw=,ZiG1NYkS8VOqzl9in0NWanziYyw=
-5,8,FK4obVXF3DztAotiFvfR4bRp1jw=,kFYir750iKKnKqQ1IJWdX+th1Wk=
-6,8,FK4obVXF3DztAotiFvfR4bRp1jw=,kFYir750iKKnKqQ1IJWdX+th1Wk=
-5,6,FK4obVXF3DztAotiFvfR4bRp1jw=,ZiG1NYkS8VOqzl9in0NWanziYyw=
-7,2,FK4obVXF3DztAotiFvfR4bRp1jw=,ZiG1NYkS8VOqzl9in0NWanziYyw=
-8,8,FK4obVXF3DztAotiFvfR4bRp1jw=,kFYir750iKKnKqQ1IJWdX+th1Wk=
-7,8,FK4obVXF3DztAotiFvfR4bRp1jw=,kFYir750iKKnKqQ1IJWdX+th1Wk=
-8,4,FK4obVXF3DztAotiFvfR4bRp1jw=,ZiG1NYkS8VOqzl9in0NWanziYyw=
-9,7,FK4obVXF3DztAotiFvfR4bRp1jw=,qic7z+dS199Mp63mii6BRIw8oI0=
-7,4,FK4obVXF3DztAotiFvfR4bRp1jw=,ZiG1NYkS8VOqzl9in0NWanziYyw=
-1,5,FK4obVXF3DztAotiFvfR4bRp1jw=,ZiG1NYkS8VOqzl9in0NWanziYyw=
-1,2,FK4obVXF3DztAotiFvfR4bRp1jw=,ZiG1NYkS8VOqzl9in0NWanziYyw=
-1,4,FK4obVXF3DztAotiFvfR4bRp1jw=,ZiG1NYkS8VOqzl9in0NWanziYyw=
-1,3,FK4obVXF3DztAotiFvfR4bRp1jw=,ZiG1NYkS8VOqzl9in0NWanziYyw=
-1,6,FK4obVXF3DztAotiFvfR4bRp1jw=,ZiG1NYkS8VOqzl9in0NWanziYyw=
-1,1,FK4obVXF3DztAotiFvfR4bRp1jw=,ZiG1NYkS8VOqzl9in0NWanziYyw=
-1,13,FK4obVXF3DztAotiFvfR4bRp1jw=,kFYir750iKKnKqQ1IJWdX+th1Wk=
-1,12,FK4obVXF3DztAotiFvfR4bRp1jw=,kFYir750iKKnKqQ1IJWdX+th1Wk=
-1,10,FK4obVXF3DztAotiFvfR4bRp1jw=,kFYir750iKKnKqQ1IJWdX+th1Wk=
-1,7,FK4obVXF3DztAotiFvfR4bRp1jw=,ZiG1NYkS8VOqzl9in0NWanziYyw=
-1,14,FK4obVXF3DztAotiFvfR4bRp1jw=,kFYir750iKKnKqQ1IJWdX+th1Wk=
-1,11,FK4obVXF3DztAotiFvfR4bRp1jw=,kFYir750iKKnKqQ1IJWdX+th1Wk=
-1,9,FK4obVXF3DztAotiFvfR4bRp1jw=,kFYir750iKKnKqQ1IJWdX+th1Wk=
-1,8,FK4obVXF3DztAotiFvfR4bRp1jw=,kFYir750iKKnKqQ1IJWdX+th1Wk=
-14,15,FK4obVXF3DztAotiFvfR4bRp1jw=,3tbSPfJFLmmPMcnV/NKvtbkTeyQ=
-12,15,FK4obVXF3DztAotiFvfR4bRp1jw=,3tbSPfJFLmmPMcnV/NKvtbkTeyQ=
-15,15,FK4obVXF3DztAotiFvfR4bRp1jw=,3tbSPfJFLmmPMcnV/NKvtbkTeyQ=
-11,15,FK4obVXF3DztAotiFvfR4bRp1jw=,3tbSPfJFLmmPMcnV/NKvtbkTeyQ=
-9,15,FK4obVXF3DztAotiFvfR4bRp1jw=,3tbSPfJFLmmPMcnV/NKvtbkTeyQ=
-13,15,FK4obVXF3DztAotiFvfR4bRp1jw=,3tbSPfJFLmmPMcnV/NKvtbkTeyQ=
-4,15,FK4obVXF3DztAotiFvfR4bRp1jw=,kFYir750iKKnKqQ1IJWdX+th1Wk=
-10,15,FK4obVXF3DztAotiFvfR4bRp1jw=,3tbSPfJFLmmPMcnV/NKvtbkTeyQ=
-5,15,FK4obVXF3DztAotiFvfR4bRp1jw=,kFYir750iKKnKqQ1IJWdX+th1Wk=
-2,15,FK4obVXF3DztAotiFvfR4bRp1jw=,kFYir750iKKnKqQ1IJWdX+th1Wk=
-3,15,FK4obVXF3DztAotiFvfR4bRp1jw=,kFYir750iKKnKqQ1IJWdX+th1Wk=
-6,15,FK4obVXF3DztAotiFvfR4bRp1jw=,kFYir750iKKnKqQ1IJWdX+th1Wk=
-7,15,FK4obVXF3DztAotiFvfR4bRp1jw=,kFYir750iKKnKqQ1IJWdX+th1Wk=
-8,15,FK4obVXF3DztAotiFvfR4bRp1jw=,kFYir750iKKnKqQ1IJWdX+th1Wk=
-1,15,FK4obVXF3DztAotiFvfR4bRp1jw=,kFYir750iKKnKqQ1IJWdX+th1Wk=
-11,0,FK4obVXF3DztAotiFvfR4bRp1jw=,qic7z+dS199Mp63mii6BRIw8oI0=
-14,0,FK4obVXF3DztAotiFvfR4bRp1jw=,qic7z+dS199Mp63mii6BRIw8oI0=
-15,0,FK4obVXF3DztAotiFvfR4bRp1jw=,qic7z+dS199Mp63mii6BRIw8oI0=
-13,0,FK4obVXF3DztAotiFvfR4bRp1jw=,qic7z+dS199Mp63mii6BRIw8oI0=
-16,9,FK4obVXF3DztAotiFvfR4bRp1jw=,3tbSPfJFLmmPMcnV/NKvtbkTeyQ=
-10,0,FK4obVXF3DztAotiFvfR4bRp1jw=,qic7z+dS199Mp63mii6BRIw8oI0=
-16,14,FK4obVXF3DztAotiFvfR4bRp1jw=,3tbSPfJFLmmPMcnV/NKvtbkTeyQ=
-12,0,FK4obVXF3DztAotiFvfR4bRp1jw=,qic7z+dS199Mp63mii6BRIw8oI0=
-16,10,FK4obVXF3DztAotiFvfR4bRp1jw=,3tbSPfJFLmmPMcnV/NKvtbkTeyQ=
-16,13,FK4obVXF3DztAotiFvfR4bRp1jw=,3tbSPfJFLmmPMcnV/NKvtbkTeyQ=
-16,12,FK4obVXF3DztAotiFvfR4bRp1jw=,3tbSPfJFLmmPMcnV/NKvtbkTeyQ=
-16,11,FK4obVXF3DztAotiFvfR4bRp1jw=,3tbSPfJFLmmPMcnV/NKvtbkTeyQ=
-16,7,FK4obVXF3DztAotiFvfR4bRp1jw=,qic7z+dS199Mp63mii6BRIw8oI0=
-16,3,FK4obVXF3DztAotiFvfR4bRp1jw=,qic7z+dS199Mp63mii6BRIw8oI0=
-16,2,FK4obVXF3DztAotiFvfR4bRp1jw=,qic7z+dS199Mp63mii6BRIw8oI0=
-16,1,FK4obVXF3DztAotiFvfR4bRp1jw=,qic7z+dS199Mp63mii6BRIw8oI0=
-16,6,FK4obVXF3DztAotiFvfR4bRp1jw=,qic7z+dS199Mp63mii6BRIw8oI0=
-16,8,FK4obVXF3DztAotiFvfR4bRp1jw=,3tbSPfJFLmmPMcnV/NKvtbkTeyQ=
-16,5,FK4obVXF3DztAotiFvfR4bRp1jw=,qic7z+dS199Mp63mii6BRIw8oI0=
-9,0,FK4obVXF3DztAotiFvfR4bRp1jw=,qic7z+dS199Mp63mii6BRIw8oI0=
-16,4,FK4obVXF3DztAotiFvfR4bRp1jw=,qic7z+dS199Mp63mii6BRIw8oI0=
-1,0,FK4obVXF3DztAotiFvfR4bRp1jw=,ZiG1NYkS8VOqzl9in0NWanziYyw=
-2,0,FK4obVXF3DztAotiFvfR4bRp1jw=,ZiG1NYkS8VOqzl9in0NWanziYyw=
-3,0,FK4obVXF3DztAotiFvfR4bRp1jw=,ZiG1NYkS8VOqzl9in0NWanziYyw=
-8,0,FK4obVXF3DztAotiFvfR4bRp1jw=,ZiG1NYkS8VOqzl9in0NWanziYyw=
-5,0,FK4obVXF3DztAotiFvfR4bRp1jw=,ZiG1NYkS8VOqzl9in0NWanziYyw=
-6,0,FK4obVXF3DztAotiFvfR4bRp1jw=,ZiG1NYkS8VOqzl9in0NWanziYyw=
-4,0,FK4obVXF3DztAotiFvfR4bRp1jw=,ZiG1NYkS8VOqzl9in0NWanziYyw=
-7,0,FK4obVXF3DztAotiFvfR4bRp1jw=,ZiG1NYkS8VOqzl9in0NWanziYyw=
-16,15,FK4obVXF3DztAotiFvfR4bRp1jw=,3tbSPfJFLmmPMcnV/NKvtbkTeyQ=
-16,0,FK4obVXF3DztAotiFvfR4bRp1jw=,qic7z+dS199Mp63mii6BRIw8oI0=
