-67,-42,BSRcOUpYf3gqVX2Jb+DSudbf23Q=,olE8jeBlnroIP6exojsLqPI13WY=
-72,-48,BBSl91cGgEVSVwhqcvHw8d9xfik=,olE8jeBlnroIP6exojsLqPI13WY=
-70,-42,BSRcOUpYf3gqVX2Jb+DSudbf23Q=,olE8jeBlnroIP6exojsLqPI13WY=
-69,-42,BSRcOUpYf3gqVX2Jb+DSudbf23Q=,olE8jeBlnroIP6exojsLqPI13WY=
-68,-42,BSRcOUpYf3gqVX2Jb+DSudbf23Q=,olE8jeBlnroIP6exojsLqPI13WY=
-71,-42,BSRcOUpYf3gqVX2Jb+DSudbf23Q=,olE8jeBlnroIP6exojsLqPI13WY=
-65,-42,BBSl91cGgEVSVwhqcvHw8d9xfik=,olE8jeBlnroIP6exojsLqPI13WY=
-72,-42,BBSl91cGgEVSVwhqcvHw8d9xfik=,olE8jeBlnroIP6exojsLqPI13WY=
-65,-43,BBSl91cGgEVSVwhqcvHw8d9xfik=,olE8jeBlnroIP6exojsLqPI13WY=
-66,-43,BSRcOUpYf3gqVX2Jb+DSudbf23Q=,olE8jeBlnroIP6exojsLqPI13WY=
-67,-43,BSRcOUpYf3gqVX2Jb+DSudbf23Q=,olE8jeBlnroIP6exojsLqPI13WY=
-68,-43,BSRcOUpYf3gqVX2Jb+DSudbf23Q=,olE8jeBlnroIP6exojsLqPI13WY=
-69,-43,BSRcOUpYf3gqVX2Jb+DSudbf23Q=,olE8jeBlnroIP6exojsLqPI13WY=
-66,-42,BSRcOUpYf3gqVX2Jb+DSudbf23Q=,olE8jeBlnroIP6exojsLqPI13WY=
-70,-43,BSRcOUpYf3gqVX2Jb+DSudbf23Q=,olE8jeBlnroIP6exojsLqPI13WY=
-72,-43,BBSl91cGgEVSVwhqcvHw8d9xfik=,olE8jeBlnroIP6exojsLqPI13WY=
-71,-43,BSRcOUpYf3gqVX2Jb+DSudbf23Q=,olE8jeBlnroIP6exojsLqPI13WY=
-65,-44,BBSl91cGgEVSVwhqcvHw8d9xfik=,olE8jeBlnroIP6exojsLqPI13WY=
-66,-44,BSRcOUpYf3gqVX2Jb+DSudbf23Q=,olE8jeBlnroIP6exojsLqPI13WY=
-67,-44,BSRcOUpYf3gqVX2Jb+DSudbf23Q=,olE8jeBlnroIP6exojsLqPI13WY=
-68,-44,BSRcOUpYf3gqVX2Jb+DSudbf23Q=,olE8jeBlnroIP6exojsLqPI13WY=
-69,-44,BSRcOUpYf3gqVX2Jb+DSudbf23Q=,olE8jeBlnroIP6exojsLqPI13WY=
-71,-44,BSRcOUpYf3gqVX2Jb+DSudbf23Q=,olE8jeBlnroIP6exojsLqPI13WY=
-70,-44,BSRcOUpYf3gqVX2Jb+DSudbf23Q=,olE8jeBlnroIP6exojsLqPI13WY=
-72,-44,BBSl91cGgEVSVwhqcvHw8d9xfik=,olE8jeBlnroIP6exojsLqPI13WY=
-65,-45,BBSl91cGgEVSVwhqcvHw8d9xfik=,olE8jeBlnroIP6exojsLqPI13WY=
-66,-45,BSRcOUpYf3gqVX2Jb+DSudbf23Q=,olE8jeBlnroIP6exojsLqPI13WY=
-67,-45,BSRcOUpYf3gqVX2Jb+DSudbf23Q=,olE8jeBlnroIP6exojsLqPI13WY=
-68,-45,BSRcOUpYf3gqVX2Jb+DSudbf23Q=,olE8jeBlnroIP6exojsLqPI13WY=
-70,-45,BSRcOUpYf3gqVX2Jb+DSudbf23Q=,olE8jeBlnroIP6exojsLqPI13WY=
-71,-45,BSRcOUpYf3gqVX2Jb+DSudbf23Q=,olE8jeBlnroIP6exojsLqPI13WY=
-69,-45,BSRcOUpYf3gqVX2Jb+DSudbf23Q=,olE8jeBlnroIP6exojsLqPI13WY=
-72,-45,BBSl91cGgEVSVwhqcvHw8d9xfik=,olE8jeBlnroIP6exojsLqPI13WY=
-65,-46,BBSl91cGgEVSVwhqcvHw8d9xfik=,olE8jeBlnroIP6exojsLqPI13WY=
-67,-46,BSRcOUpYf3gqVX2Jb+DSudbf23Q=,olE8jeBlnroIP6exojsLqPI13WY=
-66,-46,BSRcOUpYf3gqVX2Jb+DSudbf23Q=,olE8jeBlnroIP6exojsLqPI13WY=
-68,-46,BSRcOUpYf3gqVX2Jb+DSudbf23Q=,olE8jeBlnroIP6exojsLqPI13WY=
-69,-46,BSRcOUpYf3gqVX2Jb+DSudbf23Q=,olE8jeBlnroIP6exojsLqPI13WY=
-72,-46,BBSl91cGgEVSVwhqcvHw8d9xfik=,olE8jeBlnroIP6exojsLqPI13WY=
-71,-46,BSRcOUpYf3gqVX2Jb+DSudbf23Q=,olE8jeBlnroIP6exojsLqPI13WY=
-66,-47,BSRcOUpYf3gqVX2Jb+DSudbf23Q=,olE8jeBlnroIP6exojsLqPI13WY=
-65,-47,BBSl91cGgEVSVwhqcvHw8d9xfik=,olE8jeBlnroIP6exojsLqPI13WY=
-70,-46,BSRcOUpYf3gqVX2Jb+DSudbf23Q=,olE8jeBlnroIP6exojsLqPI13WY=
-68,-47,BSRcOUpYf3gqVX2Jb+DSudbf23Q=,olE8jeBlnroIP6exojsLqPI13WY=
-69,-47,BSRcOUpYf3gqVX2Jb+DSudbf23Q=,olE8jeBlnroIP6exojsLqPI13WY=
-70,-47,BSRcOUpYf3gqVX2Jb+DSudbf23Q=,olE8jeBlnroIP6exojsLqPI13WY=
-71,-47,BSRcOUpYf3gqVX2Jb+DSudbf23Q=,olE8jeBlnroIP6exojsLqPI13WY=
-65,-48,BBSl91cGgEVSVwhqcvHw8d9xfik=,olE8jeBlnroIP6exojsLqPI13WY=
-72,-47,BBSl91cGgEVSVwhqcvHw8d9xfik=,olE8jeBlnroIP6exojsLqPI13WY=
-66,-48,BBSl91cGgEVSVwhqcvHw8d9xfik=,olE8jeBlnroIP6exojsLqPI13WY=
-67,-48,BBSl91cGgEVSVwhqcvHw8d9xfik=,olE8jeBlnroIP6exojsLqPI13WY=
-68,-48,BBSl91cGgEVSVwhqcvHw8d9xfik=,olE8jeBlnroIP6exojsLqPI13WY=
-69,-48,BBSl91cGgEVSVwhqcvHw8d9xfik=,olE8jeBlnroIP6exojsLqPI13WY=
-70,-48,BBSl91cGgEVSVwhqcvHw8d9xfik=,olE8jeBlnroIP6exojsLqPI13WY=
-71,-48,BBSl91cGgEVSVwhqcvHw8d9xfik=,olE8jeBlnroIP6exojsLqPI13WY=
-67,-47,BSRcOUpYf3gqVX2Jb+DSudbf23Q=,olE8jeBlnroIP6exojsLqPI13WY=
-77,-35,BBSl91cGgEVSVwhqcvHw8d9xfik=,SQb4E2xz/nRF9Tvx46U3iq3x7uw=
-78,-35,BBSl91cGgEVSVwhqcvHw8d9xfik=,SQb4E2xz/nRF9Tvx46U3iq3x7uw=
-76,-35,BBSl91cGgEVSVwhqcvHw8d9xfik=,SQb4E2xz/nRF9Tvx46U3iq3x7uw=
-75,-35,BBSl91cGgEVSVwhqcvHw8d9xfik=,SQb4E2xz/nRF9Tvx46U3iq3x7uw=
-79,-35,BBSl91cGgEVSVwhqcvHw8d9xfik=,SQb4E2xz/nRF9Tvx46U3iq3x7uw=
-74,-35,BBSl91cGgEVSVwhqcvHw8d9xfik=,SQb4E2xz/nRF9Tvx46U3iq3x7uw=
-80,-34,BBSl91cGgEVSVwhqcvHw8d9xfik=,SQb4E2xz/nRF9Tvx46U3iq3x7uw=
-78,-34,BBSl91cGgEVSVwhqcvHw8d9xfik=,SQb4E2xz/nRF9Tvx46U3iq3x7uw=
-77,-34,BBSl91cGgEVSVwhqcvHw8d9xfik=,SQb4E2xz/nRF9Tvx46U3iq3x7uw=
-79,-34,BBSl91cGgEVSVwhqcvHw8d9xfik=,SQb4E2xz/nRF9Tvx46U3iq3x7uw=
-76,-34,BBSl91cGgEVSVwhqcvHw8d9xfik=,SQb4E2xz/nRF9Tvx46U3iq3x7uw=
-75,-34,BBSl91cGgEVSVwhqcvHw8d9xfik=,SQb4E2xz/nRF9Tvx46U3iq3x7uw=
-80,-35,BBSl91cGgEVSVwhqcvHw8d9xfik=,SQb4E2xz/nRF9Tvx46U3iq3x7uw=
-74,-34,BBSl91cGgEVSVwhqcvHw8d9xfik=,SQb4E2xz/nRF9Tvx46U3iq3x7uw=
-80,-33,BBSl91cGgEVSVwhqcvHw8d9xfik=,SQb4E2xz/nRF9Tvx46U3iq3x7uw=
-79,-33,BBSl91cGgEVSVwhqcvHw8d9xfik=,SQb4E2xz/nRF9Tvx46U3iq3x7uw=
-78,-33,BBSl91cGgEVSVwhqcvHw8d9xfik=,SQb4E2xz/nRF9Tvx46U3iq3x7uw=
-77,-33,BBSl91cGgEVSVwhqcvHw8d9xfik=,SQb4E2xz/nRF9Tvx46U3iq3x7uw=
-75,-36,BBSl91cGgEVSVwhqcvHw8d9xfik=,SQb4E2xz/nRF9Tvx46U3iq3x7uw=
-76,-36,BBSl91cGgEVSVwhqcvHw8d9xfik=,SQb4E2xz/nRF9Tvx46U3iq3x7uw=
-76,-33,BBSl91cGgEVSVwhqcvHw8d9xfik=,SQb4E2xz/nRF9Tvx46U3iq3x7uw=
-74,-36,BBSl91cGgEVSVwhqcvHw8d9xfik=,SQb4E2xz/nRF9Tvx46U3iq3x7uw=
-77,-36,BBSl91cGgEVSVwhqcvHw8d9xfik=,SQb4E2xz/nRF9Tvx46U3iq3x7uw=
-78,-36,BBSl91cGgEVSVwhqcvHw8d9xfik=,SQb4E2xz/nRF9Tvx46U3iq3x7uw=
-74,-33,BBSl91cGgEVSVwhqcvHw8d9xfik=,SQb4E2xz/nRF9Tvx46U3iq3x7uw=
-80,-40,BBSl91cGgEVSVwhqcvHw8d9xfik=,SQb4E2xz/nRF9Tvx46U3iq3x7uw=
-79,-40,BBSl91cGgEVSVwhqcvHw8d9xfik=,SQb4E2xz/nRF9Tvx46U3iq3x7uw=
-78,-40,BBSl91cGgEVSVwhqcvHw8d9xfik=,SQb4E2xz/nRF9Tvx46U3iq3x7uw=
-75,-33,BBSl91cGgEVSVwhqcvHw8d9xfik=,SQb4E2xz/nRF9Tvx46U3iq3x7uw=
-76,-40,BBSl91cGgEVSVwhqcvHw8d9xfik=,SQb4E2xz/nRF9Tvx46U3iq3x7uw=
-75,-40,BBSl91cGgEVSVwhqcvHw8d9xfik=,SQb4E2xz/nRF9Tvx46U3iq3x7uw=
-74,-40,BBSl91cGgEVSVwhqcvHw8d9xfik=,SQb4E2xz/nRF9Tvx46U3iq3x7uw=
-80,-39,BBSl91cGgEVSVwhqcvHw8d9xfik=,SQb4E2xz/nRF9Tvx46U3iq3x7uw=
-79,-39,BBSl91cGgEVSVwhqcvHw8d9xfik=,SQb4E2xz/nRF9Tvx46U3iq3x7uw=
-77,-40,BBSl91cGgEVSVwhqcvHw8d9xfik=,SQb4E2xz/nRF9Tvx46U3iq3x7uw=
-78,-39,BBSl91cGgEVSVwhqcvHw8d9xfik=,SQb4E2xz/nRF9Tvx46U3iq3x7uw=
-77,-39,BBSl91cGgEVSVwhqcvHw8d9xfik=,SQb4E2xz/nRF9Tvx46U3iq3x7uw=
-76,-39,BBSl91cGgEVSVwhqcvHw8d9xfik=,SQb4E2xz/nRF9Tvx46U3iq3x7uw=
-75,-39,BBSl91cGgEVSVwhqcvHw8d9xfik=,SQb4E2xz/nRF9Tvx46U3iq3x7uw=
-74,-39,BBSl91cGgEVSVwhqcvHw8d9xfik=,SQb4E2xz/nRF9Tvx46U3iq3x7uw=
-80,-38,BBSl91cGgEVSVwhqcvHw8d9xfik=,SQb4E2xz/nRF9Tvx46U3iq3x7uw=
-79,-38,BBSl91cGgEVSVwhqcvHw8d9xfik=,SQb4E2xz/nRF9Tvx46U3iq3x7uw=
-77,-38,BBSl91cGgEVSVwhqcvHw8d9xfik=,SQb4E2xz/nRF9Tvx46U3iq3x7uw=
-78,-38,BBSl91cGgEVSVwhqcvHw8d9xfik=,SQb4E2xz/nRF9Tvx46U3iq3x7uw=
-76,-38,BBSl91cGgEVSVwhqcvHw8d9xfik=,SQb4E2xz/nRF9Tvx46U3iq3x7uw=
-75,-38,BBSl91cGgEVSVwhqcvHw8d9xfik=,SQb4E2xz/nRF9Tvx46U3iq3x7uw=
-74,-38,BBSl91cGgEVSVwhqcvHw8d9xfik=,SQb4E2xz/nRF9Tvx46U3iq3x7uw=
-80,-37,BBSl91cGgEVSVwhqcvHw8d9xfik=,SQb4E2xz/nRF9Tvx46U3iq3x7uw=
-79,-36,BBSl91cGgEVSVwhqcvHw8d9xfik=,SQb4E2xz/nRF9Tvx46U3iq3x7uw=
-79,-37,BBSl91cGgEVSVwhqcvHw8d9xfik=,SQb4E2xz/nRF9Tvx46U3iq3x7uw=
-78,-37,BBSl91cGgEVSVwhqcvHw8d9xfik=,SQb4E2xz/nRF9Tvx46U3iq3x7uw=
-77,-37,BBSl91cGgEVSVwhqcvHw8d9xfik=,SQb4E2xz/nRF9Tvx46U3iq3x7uw=
-75,-37,BBSl91cGgEVSVwhqcvHw8d9xfik=,SQb4E2xz/nRF9Tvx46U3iq3x7uw=
-76,-37,BBSl91cGgEVSVwhqcvHw8d9xfik=,SQb4E2xz/nRF9Tvx46U3iq3x7uw=
-74,-37,BBSl91cGgEVSVwhqcvHw8d9xfik=,SQb4E2xz/nRF9Tvx46U3iq3x7uw=
-80,-36,BBSl91cGgEVSVwhqcvHw8d9xfik=,SQb4E2xz/nRF9Tvx46U3iq3x7uw=
-67,-34,BBSl91cGgEVSVwhqcvHw8d9xfik=,PVJGkvfbh+cScSuxk8x+GiYahsc=
-69,-33,BBSl91cGgEVSVwhqcvHw8d9xfik=,PVJGkvfbh+cScSuxk8x+GiYahsc=
-66,-35,BBSl91cGgEVSVwhqcvHw8d9xfik=,PVJGkvfbh+cScSuxk8x+GiYahsc=
-68,-41,BBSl91cGgEVSVwhqcvHw8d9xfik=,olE8jeBlnroIP6exojsLqPI13WY=
-69,-41,BBSl91cGgEVSVwhqcvHw8d9xfik=,olE8jeBlnroIP6exojsLqPI13WY=
-70,-33,BBSl91cGgEVSVwhqcvHw8d9xfik=,PVJGkvfbh+cScSuxk8x+GiYahsc=
-70,-41,BBSl91cGgEVSVwhqcvHw8d9xfik=,olE8jeBlnroIP6exojsLqPI13WY=
-71,-41,BBSl91cGgEVSVwhqcvHw8d9xfik=,olE8jeBlnroIP6exojsLqPI13WY=
-65,-34,BBSl91cGgEVSVwhqcvHw8d9xfik=,PVJGkvfbh+cScSuxk8x+GiYahsc=
-66,-34,BBSl91cGgEVSVwhqcvHw8d9xfik=,PVJGkvfbh+cScSuxk8x+GiYahsc=
-68,-34,BBSl91cGgEVSVwhqcvHw8d9xfik=,PVJGkvfbh+cScSuxk8x+GiYahsc=
-72,-41,BBSl91cGgEVSVwhqcvHw8d9xfik=,olE8jeBlnroIP6exojsLqPI13WY=
-69,-40,BBSl91cGgEVSVwhqcvHw8d9xfik=,PVJGkvfbh+cScSuxk8x+GiYahsc=
-69,-39,BBSl91cGgEVSVwhqcvHw8d9xfik=,PVJGkvfbh+cScSuxk8x+GiYahsc=
-72,-33,BBSl91cGgEVSVwhqcvHw8d9xfik=,PVJGkvfbh+cScSuxk8x+GiYahsc=
-71,-33,BBSl91cGgEVSVwhqcvHw8d9xfik=,PVJGkvfbh+cScSuxk8x+GiYahsc=
-65,-36,BBSl91cGgEVSVwhqcvHw8d9xfik=,PVJGkvfbh+cScSuxk8x+GiYahsc=
-70,-39,BBSl91cGgEVSVwhqcvHw8d9xfik=,PVJGkvfbh+cScSuxk8x+GiYahsc=
-71,-38,BBSl91cGgEVSVwhqcvHw8d9xfik=,PVJGkvfbh+cScSuxk8x+GiYahsc=
-71,-39,BBSl91cGgEVSVwhqcvHw8d9xfik=,PVJGkvfbh+cScSuxk8x+GiYahsc=
-72,-35,BBSl91cGgEVSVwhqcvHw8d9xfik=,PVJGkvfbh+cScSuxk8x+GiYahsc=
-68,-33,BBSl91cGgEVSVwhqcvHw8d9xfik=,PVJGkvfbh+cScSuxk8x+GiYahsc=
-73,-37,BBSl91cGgEVSVwhqcvHw8d9xfik=,SQb4E2xz/nRF9Tvx46U3iq3x7uw=
-72,-38,BBSl91cGgEVSVwhqcvHw8d9xfik=,PVJGkvfbh+cScSuxk8x+GiYahsc=
-72,-39,BBSl91cGgEVSVwhqcvHw8d9xfik=,PVJGkvfbh+cScSuxk8x+GiYahsc=
-73,-38,BBSl91cGgEVSVwhqcvHw8d9xfik=,SQb4E2xz/nRF9Tvx46U3iq3x7uw=
-69,-34,BBSl91cGgEVSVwhqcvHw8d9xfik=,PVJGkvfbh+cScSuxk8x+GiYahsc=
-73,-39,BBSl91cGgEVSVwhqcvHw8d9xfik=,SQb4E2xz/nRF9Tvx46U3iq3x7uw=
-73,-36,BBSl91cGgEVSVwhqcvHw8d9xfik=,SQb4E2xz/nRF9Tvx46U3iq3x7uw=
-67,-33,BBSl91cGgEVSVwhqcvHw8d9xfik=,PVJGkvfbh+cScSuxk8x+GiYahsc=
-65,-39,BBSl91cGgEVSVwhqcvHw8d9xfik=,PVJGkvfbh+cScSuxk8x+GiYahsc=
-65,-40,BBSl91cGgEVSVwhqcvHw8d9xfik=,PVJGkvfbh+cScSuxk8x+GiYahsc=
-70,-34,BBSl91cGgEVSVwhqcvHw8d9xfik=,PVJGkvfbh+cScSuxk8x+GiYahsc=
-66,-36,BBSl91cGgEVSVwhqcvHw8d9xfik=,PVJGkvfbh+cScSuxk8x+GiYahsc=
-66,-33,BBSl91cGgEVSVwhqcvHw8d9xfik=,PVJGkvfbh+cScSuxk8x+GiYahsc=
-68,-35,BBSl91cGgEVSVwhqcvHw8d9xfik=,PVJGkvfbh+cScSuxk8x+GiYahsc=
-65,-35,BBSl91cGgEVSVwhqcvHw8d9xfik=,PVJGkvfbh+cScSuxk8x+GiYahsc=
-65,-38,BBSl91cGgEVSVwhqcvHw8d9xfik=,PVJGkvfbh+cScSuxk8x+GiYahsc=
-66,-38,BBSl91cGgEVSVwhqcvHw8d9xfik=,PVJGkvfbh+cScSuxk8x+GiYahsc=
-67,-38,BBSl91cGgEVSVwhqcvHw8d9xfik=,PVJGkvfbh+cScSuxk8x+GiYahsc=
-68,-38,BBSl91cGgEVSVwhqcvHw8d9xfik=,PVJGkvfbh+cScSuxk8x+GiYahsc=
-71,-34,BBSl91cGgEVSVwhqcvHw8d9xfik=,PVJGkvfbh+cScSuxk8x+GiYahsc=
-69,-38,BBSl91cGgEVSVwhqcvHw8d9xfik=,PVJGkvfbh+cScSuxk8x+GiYahsc=
-71,-37,BBSl91cGgEVSVwhqcvHw8d9xfik=,PVJGkvfbh+cScSuxk8x+GiYahsc=
-70,-40,BBSl91cGgEVSVwhqcvHw8d9xfik=,PVJGkvfbh+cScSuxk8x+GiYahsc=
-66,-40,BBSl91cGgEVSVwhqcvHw8d9xfik=,PVJGkvfbh+cScSuxk8x+GiYahsc=
-66,-39,BBSl91cGgEVSVwhqcvHw8d9xfik=,PVJGkvfbh+cScSuxk8x+GiYahsc=
-73,-40,BBSl91cGgEVSVwhqcvHw8d9xfik=,SQb4E2xz/nRF9Tvx46U3iq3x7uw=
-67,-39,BBSl91cGgEVSVwhqcvHw8d9xfik=,PVJGkvfbh+cScSuxk8x+GiYahsc=
-72,-37,BBSl91cGgEVSVwhqcvHw8d9xfik=,PVJGkvfbh+cScSuxk8x+GiYahsc=
-67,-35,BBSl91cGgEVSVwhqcvHw8d9xfik=,PVJGkvfbh+cScSuxk8x+GiYahsc=
-65,-33,BBSl91cGgEVSVwhqcvHw8d9xfik=,PVJGkvfbh+cScSuxk8x+GiYahsc=
-68,-36,BBSl91cGgEVSVwhqcvHw8d9xfik=,PVJGkvfbh+cScSuxk8x+GiYahsc=
-67,-36,BBSl91cGgEVSVwhqcvHw8d9xfik=,PVJGkvfbh+cScSuxk8x+GiYahsc=
-70,-36,BBSl91cGgEVSVwhqcvHw8d9xfik=,PVJGkvfbh+cScSuxk8x+GiYahsc=
-69,-36,BBSl91cGgEVSVwhqcvHw8d9xfik=,PVJGkvfbh+cScSuxk8x+GiYahsc=
-67,-40,BBSl91cGgEVSVwhqcvHw8d9xfik=,PVJGkvfbh+cScSuxk8x+GiYahsc=
-73,-33,BBSl91cGgEVSVwhqcvHw8d9xfik=,SQb4E2xz/nRF9Tvx46U3iq3x7uw=
-68,-39,BBSl91cGgEVSVwhqcvHw8d9xfik=,PVJGkvfbh+cScSuxk8x+GiYahsc=
-71,-40,BBSl91cGgEVSVwhqcvHw8d9xfik=,PVJGkvfbh+cScSuxk8x+GiYahsc=
-69,-35,BBSl91cGgEVSVwhqcvHw8d9xfik=,PVJGkvfbh+cScSuxk8x+GiYahsc=
-65,-37,BBSl91cGgEVSVwhqcvHw8d9xfik=,PVJGkvfbh+cScSuxk8x+GiYahsc=
-66,-37,BBSl91cGgEVSVwhqcvHw8d9xfik=,PVJGkvfbh+cScSuxk8x+GiYahsc=
-68,-37,BBSl91cGgEVSVwhqcvHw8d9xfik=,PVJGkvfbh+cScSuxk8x+GiYahsc=
-72,-34,BBSl91cGgEVSVwhqcvHw8d9xfik=,PVJGkvfbh+cScSuxk8x+GiYahsc=
-65,-41,BBSl91cGgEVSVwhqcvHw8d9xfik=,olE8jeBlnroIP6exojsLqPI13WY=
-72,-40,BBSl91cGgEVSVwhqcvHw8d9xfik=,PVJGkvfbh+cScSuxk8x+GiYahsc=
-70,-38,BBSl91cGgEVSVwhqcvHw8d9xfik=,PVJGkvfbh+cScSuxk8x+GiYahsc=
-73,-34,BBSl91cGgEVSVwhqcvHw8d9xfik=,SQb4E2xz/nRF9Tvx46U3iq3x7uw=
-67,-37,BBSl91cGgEVSVwhqcvHw8d9xfik=,PVJGkvfbh+cScSuxk8x+GiYahsc=
-71,-36,BBSl91cGgEVSVwhqcvHw8d9xfik=,PVJGkvfbh+cScSuxk8x+GiYahsc=
-68,-40,BBSl91cGgEVSVwhqcvHw8d9xfik=,PVJGkvfbh+cScSuxk8x+GiYahsc=
-69,-37,BBSl91cGgEVSVwhqcvHw8d9xfik=,PVJGkvfbh+cScSuxk8x+GiYahsc=
-67,-41,BBSl91cGgEVSVwhqcvHw8d9xfik=,olE8jeBlnroIP6exojsLqPI13WY=
-70,-37,BBSl91cGgEVSVwhqcvHw8d9xfik=,PVJGkvfbh+cScSuxk8x+GiYahsc=
-70,-35,BBSl91cGgEVSVwhqcvHw8d9xfik=,PVJGkvfbh+cScSuxk8x+GiYahsc=
-71,-35,BBSl91cGgEVSVwhqcvHw8d9xfik=,PVJGkvfbh+cScSuxk8x+GiYahsc=
-66,-41,BBSl91cGgEVSVwhqcvHw8d9xfik=,olE8jeBlnroIP6exojsLqPI13WY=
-73,-35,BBSl91cGgEVSVwhqcvHw8d9xfik=,SQb4E2xz/nRF9Tvx46U3iq3x7uw=
-72,-36,BBSl91cGgEVSVwhqcvHw8d9xfik=,PVJGkvfbh+cScSuxk8x+GiYahsc=
-76,-43,BSRcOUpYf3gqVX2Jb+DSudbf23Q=,8X6c4IClSWlVucL1Qf4DBoeHiO4=
-75,-43,BSRcOUpYf3gqVX2Jb+DSudbf23Q=,8X6c4IClSWlVucL1Qf4DBoeHiO4=
-77,-43,BSRcOUpYf3gqVX2Jb+DSudbf23Q=,8X6c4IClSWlVucL1Qf4DBoeHiO4=
-78,-43,BSRcOUpYf3gqVX2Jb+DSudbf23Q=,8X6c4IClSWlVucL1Qf4DBoeHiO4=
-79,-43,BSRcOUpYf3gqVX2Jb+DSudbf23Q=,8X6c4IClSWlVucL1Qf4DBoeHiO4=
-74,-43,BSRcOUpYf3gqVX2Jb+DSudbf23Q=,8X6c4IClSWlVucL1Qf4DBoeHiO4=
-73,-44,BBSl91cGgEVSVwhqcvHw8d9xfik=,8X6c4IClSWlVucL1Qf4DBoeHiO4=
-73,-43,BSRcOUpYf3gqVX2Jb+DSudbf23Q=,8X6c4IClSWlVucL1Qf4DBoeHiO4=
-79,-42,BSRcOUpYf3gqVX2Jb+DSudbf23Q=,8X6c4IClSWlVucL1Qf4DBoeHiO4=
-78,-42,BSRcOUpYf3gqVX2Jb+DSudbf23Q=,8X6c4IClSWlVucL1Qf4DBoeHiO4=
-76,-42,BSRcOUpYf3gqVX2Jb+DSudbf23Q=,8X6c4IClSWlVucL1Qf4DBoeHiO4=
-77,-42,BSRcOUpYf3gqVX2Jb+DSudbf23Q=,8X6c4IClSWlVucL1Qf4DBoeHiO4=
-75,-42,BSRcOUpYf3gqVX2Jb+DSudbf23Q=,8X6c4IClSWlVucL1Qf4DBoeHiO4=
-74,-42,BBSl91cGgEVSVwhqcvHw8d9xfik=,8X6c4IClSWlVucL1Qf4DBoeHiO4=
-76,-44,BBSl91cGgEVSVwhqcvHw8d9xfik=,8X6c4IClSWlVucL1Qf4DBoeHiO4=
-79,-47,BBSl91cGgEVSVwhqcvHw8d9xfik=,8X6c4IClSWlVucL1Qf4DBoeHiO4=
-78,-47,BBSl91cGgEVSVwhqcvHw8d9xfik=,8X6c4IClSWlVucL1Qf4DBoeHiO4=
-77,-47,BBSl91cGgEVSVwhqcvHw8d9xfik=,8X6c4IClSWlVucL1Qf4DBoeHiO4=
-76,-47,BBSl91cGgEVSVwhqcvHw8d9xfik=,8X6c4IClSWlVucL1Qf4DBoeHiO4=
-74,-44,BBSl91cGgEVSVwhqcvHw8d9xfik=,8X6c4IClSWlVucL1Qf4DBoeHiO4=
-75,-44,BBSl91cGgEVSVwhqcvHw8d9xfik=,8X6c4IClSWlVucL1Qf4DBoeHiO4=
-73,-42,BBSl91cGgEVSVwhqcvHw8d9xfik=,8X6c4IClSWlVucL1Qf4DBoeHiO4=
-77,-44,BBSl91cGgEVSVwhqcvHw8d9xfik=,8X6c4IClSWlVucL1Qf4DBoeHiO4=
-78,-44,BBSl91cGgEVSVwhqcvHw8d9xfik=,8X6c4IClSWlVucL1Qf4DBoeHiO4=
-79,-44,BBSl91cGgEVSVwhqcvHw8d9xfik=,8X6c4IClSWlVucL1Qf4DBoeHiO4=
-73,-45,BBSl91cGgEVSVwhqcvHw8d9xfik=,8X6c4IClSWlVucL1Qf4DBoeHiO4=
-74,-45,BBSl91cGgEVSVwhqcvHw8d9xfik=,8X6c4IClSWlVucL1Qf4DBoeHiO4=
-75,-47,BBSl91cGgEVSVwhqcvHw8d9xfik=,8X6c4IClSWlVucL1Qf4DBoeHiO4=
-76,-45,BBSl91cGgEVSVwhqcvHw8d9xfik=,8X6c4IClSWlVucL1Qf4DBoeHiO4=
-73,-46,BBSl91cGgEVSVwhqcvHw8d9xfik=,8X6c4IClSWlVucL1Qf4DBoeHiO4=
-78,-45,BBSl91cGgEVSVwhqcvHw8d9xfik=,8X6c4IClSWlVucL1Qf4DBoeHiO4=
-74,-46,BBSl91cGgEVSVwhqcvHw8d9xfik=,8X6c4IClSWlVucL1Qf4DBoeHiO4=
-75,-46,BBSl91cGgEVSVwhqcvHw8d9xfik=,8X6c4IClSWlVucL1Qf4DBoeHiO4=
-75,-45,BBSl91cGgEVSVwhqcvHw8d9xfik=,8X6c4IClSWlVucL1Qf4DBoeHiO4=
-76,-46,BBSl91cGgEVSVwhqcvHw8d9xfik=,8X6c4IClSWlVucL1Qf4DBoeHiO4=
-77,-45,BBSl91cGgEVSVwhqcvHw8d9xfik=,8X6c4IClSWlVucL1Qf4DBoeHiO4=
-79,-45,BBSl91cGgEVSVwhqcvHw8d9xfik=,8X6c4IClSWlVucL1Qf4DBoeHiO4=
-77,-46,BBSl91cGgEVSVwhqcvHw8d9xfik=,8X6c4IClSWlVucL1Qf4DBoeHiO4=
-74,-47,BBSl91cGgEVSVwhqcvHw8d9xfik=,8X6c4IClSWlVucL1Qf4DBoeHiO4=
-79,-46,BBSl91cGgEVSVwhqcvHw8d9xfik=,8X6c4IClSWlVucL1Qf4DBoeHiO4=
-73,-47,BBSl91cGgEVSVwhqcvHw8d9xfik=,8X6c4IClSWlVucL1Qf4DBoeHiO4=
-78,-46,BBSl91cGgEVSVwhqcvHw8d9xfik=,8X6c4IClSWlVucL1Qf4DBoeHiO4=
-80,-47,BBSl91cGgEVSVwhqcvHw8d9xfik=,8X6c4IClSWlVucL1Qf4DBoeHiO4=
-80,-42,BBSl91cGgEVSVwhqcvHw8d9xfik=,8X6c4IClSWlVucL1Qf4DBoeHiO4=
-80,-43,BBSl91cGgEVSVwhqcvHw8d9xfik=,8X6c4IClSWlVucL1Qf4DBoeHiO4=
-80,-44,BBSl91cGgEVSVwhqcvHw8d9xfik=,8X6c4IClSWlVucL1Qf4DBoeHiO4=
-80,-46,BBSl91cGgEVSVwhqcvHw8d9xfik=,8X6c4IClSWlVucL1Qf4DBoeHiO4=
-80,-45,BBSl91cGgEVSVwhqcvHw8d9xfik=,8X6c4IClSWlVucL1Qf4DBoeHiO4=
-80,-48,BBSl91cGgEVSVwhqcvHw8d9xfik=,8X6c4IClSWlVucL1Qf4DBoeHiO4=
-79,-48,BBSl91cGgEVSVwhqcvHw8d9xfik=,8X6c4IClSWlVucL1Qf4DBoeHiO4=
-78,-48,BBSl91cGgEVSVwhqcvHw8d9xfik=,8X6c4IClSWlVucL1Qf4DBoeHiO4=
-77,-48,BBSl91cGgEVSVwhqcvHw8d9xfik=,8X6c4IClSWlVucL1Qf4DBoeHiO4=
-76,-48,BBSl91cGgEVSVwhqcvHw8d9xfik=,8X6c4IClSWlVucL1Qf4DBoeHiO4=
-73,-48,BBSl91cGgEVSVwhqcvHw8d9xfik=,8X6c4IClSWlVucL1Qf4DBoeHiO4=
-75,-48,BBSl91cGgEVSVwhqcvHw8d9xfik=,8X6c4IClSWlVucL1Qf4DBoeHiO4=
-74,-48,BBSl91cGgEVSVwhqcvHw8d9xfik=,8X6c4IClSWlVucL1Qf4DBoeHiO4=
-80,-41,BBSl91cGgEVSVwhqcvHw8d9xfik=,8X6c4IClSWlVucL1Qf4DBoeHiO4=
-79,-41,BBSl91cGgEVSVwhqcvHw8d9xfik=,8X6c4IClSWlVucL1Qf4DBoeHiO4=
-74,-41,BBSl91cGgEVSVwhqcvHw8d9xfik=,8X6c4IClSWlVucL1Qf4DBoeHiO4=
-75,-41,BBSl91cGgEVSVwhqcvHw8d9xfik=,8X6c4IClSWlVucL1Qf4DBoeHiO4=
-76,-41,BBSl91cGgEVSVwhqcvHw8d9xfik=,8X6c4IClSWlVucL1Qf4DBoeHiO4=
-73,-41,BBSl91cGgEVSVwhqcvHw8d9xfik=,8X6c4IClSWlVucL1Qf4DBoeHiO4=
-77,-41,BBSl91cGgEVSVwhqcvHw8d9xfik=,8X6c4IClSWlVucL1Qf4DBoeHiO4=
-78,-41,BBSl91cGgEVSVwhqcvHw8d9xfik=,8X6c4IClSWlVucL1Qf4DBoeHiO4=
-66,-50,BBSl91cGgEVSVwhqcvHw8d9xfik=,QCOpBoGuj29mUEg3Rtls/yBcdZs=
-67,-50,BBSl91cGgEVSVwhqcvHw8d9xfik=,QCOpBoGuj29mUEg3Rtls/yBcdZs=
-71,-52,BBSl91cGgEVSVwhqcvHw8d9xfik=,QCOpBoGuj29mUEg3Rtls/yBcdZs=
-66,-51,Abdfv49X5DDguxVUTbNPHRWvR44=,QCOpBoGuj29mUEg3Rtls/yBcdZs=
-68,-50,BBSl91cGgEVSVwhqcvHw8d9xfik=,QCOpBoGuj29mUEg3Rtls/yBcdZs=
-67,-51,BBSl91cGgEVSVwhqcvHw8d9xfik=,QCOpBoGuj29mUEg3Rtls/yBcdZs=
-71,-53,BBSl91cGgEVSVwhqcvHw8d9xfik=,QCOpBoGuj29mUEg3Rtls/yBcdZs=
-69,-50,BBSl91cGgEVSVwhqcvHw8d9xfik=,QCOpBoGuj29mUEg3Rtls/yBcdZs=
-68,-51,Abdfv49X5DDguxVUTbNPHRWvR44=,QCOpBoGuj29mUEg3Rtls/yBcdZs=
-69,-51,Abdfv49X5DDguxVUTbNPHRWvR44=,QCOpBoGuj29mUEg3Rtls/yBcdZs=
-70,-51,Abdfv49X5DDguxVUTbNPHRWvR44=,QCOpBoGuj29mUEg3Rtls/yBcdZs=
-71,-54,Abdfv49X5DDguxVUTbNPHRWvR44=,QCOpBoGuj29mUEg3Rtls/yBcdZs=
-71,-51,Abdfv49X5DDguxVUTbNPHRWvR44=,QCOpBoGuj29mUEg3Rtls/yBcdZs=
-67,-54,Abdfv49X5DDguxVUTbNPHRWvR44=,QCOpBoGuj29mUEg3Rtls/yBcdZs=
-66,-54,Abdfv49X5DDguxVUTbNPHRWvR44=,QCOpBoGuj29mUEg3Rtls/yBcdZs=
-66,-52,BBSl91cGgEVSVwhqcvHw8d9xfik=,QCOpBoGuj29mUEg3Rtls/yBcdZs=
-71,-50,BBSl91cGgEVSVwhqcvHw8d9xfik=,QCOpBoGuj29mUEg3Rtls/yBcdZs=
-67,-52,Abdfv49X5DDguxVUTbNPHRWvR44=,QCOpBoGuj29mUEg3Rtls/yBcdZs=
-70,-50,BBSl91cGgEVSVwhqcvHw8d9xfik=,QCOpBoGuj29mUEg3Rtls/yBcdZs=
-66,-53,Abdfv49X5DDguxVUTbNPHRWvR44=,QCOpBoGuj29mUEg3Rtls/yBcdZs=
-68,-52,Abdfv49X5DDguxVUTbNPHRWvR44=,QCOpBoGuj29mUEg3Rtls/yBcdZs=
-68,-54,Abdfv49X5DDguxVUTbNPHRWvR44=,QCOpBoGuj29mUEg3Rtls/yBcdZs=
-69,-52,Abdfv49X5DDguxVUTbNPHRWvR44=,QCOpBoGuj29mUEg3Rtls/yBcdZs=
-69,-54,Abdfv49X5DDguxVUTbNPHRWvR44=,QCOpBoGuj29mUEg3Rtls/yBcdZs=
-67,-53,Abdfv49X5DDguxVUTbNPHRWvR44=,QCOpBoGuj29mUEg3Rtls/yBcdZs=
-68,-53,Abdfv49X5DDguxVUTbNPHRWvR44=,QCOpBoGuj29mUEg3Rtls/yBcdZs=
-71,-55,Abdfv49X5DDguxVUTbNPHRWvR44=,QCOpBoGuj29mUEg3Rtls/yBcdZs=
-70,-55,Abdfv49X5DDguxVUTbNPHRWvR44=,QCOpBoGuj29mUEg3Rtls/yBcdZs=
-70,-52,Abdfv49X5DDguxVUTbNPHRWvR44=,QCOpBoGuj29mUEg3Rtls/yBcdZs=
-67,-55,Abdfv49X5DDguxVUTbNPHRWvR44=,QCOpBoGuj29mUEg3Rtls/yBcdZs=
-69,-53,Abdfv49X5DDguxVUTbNPHRWvR44=,QCOpBoGuj29mUEg3Rtls/yBcdZs=
-66,-55,Abdfv49X5DDguxVUTbNPHRWvR44=,QCOpBoGuj29mUEg3Rtls/yBcdZs=
-70,-54,Abdfv49X5DDguxVUTbNPHRWvR44=,QCOpBoGuj29mUEg3Rtls/yBcdZs=
-68,-55,Abdfv49X5DDguxVUTbNPHRWvR44=,QCOpBoGuj29mUEg3Rtls/yBcdZs=
-71,-56,Abdfv49X5DDguxVUTbNPHRWvR44=,QCOpBoGuj29mUEg3Rtls/yBcdZs=
-70,-53,Abdfv49X5DDguxVUTbNPHRWvR44=,QCOpBoGuj29mUEg3Rtls/yBcdZs=
-68,-57,Abdfv49X5DDguxVUTbNPHRWvR44=,LYPSIpDgMQUUB59dKtYcGM+4eEA=
-69,-55,Abdfv49X5DDguxVUTbNPHRWvR44=,QCOpBoGuj29mUEg3Rtls/yBcdZs=
-69,-56,Abdfv49X5DDguxVUTbNPHRWvR44=,QCOpBoGuj29mUEg3Rtls/yBcdZs=
-70,-57,Abdfv49X5DDguxVUTbNPHRWvR44=,LYPSIpDgMQUUB59dKtYcGM+4eEA=
-71,-57,Abdfv49X5DDguxVUTbNPHRWvR44=,LYPSIpDgMQUUB59dKtYcGM+4eEA=
-67,-57,Abdfv49X5DDguxVUTbNPHRWvR44=,LYPSIpDgMQUUB59dKtYcGM+4eEA=
-67,-58,Abdfv49X5DDguxVUTbNPHRWvR44=,LYPSIpDgMQUUB59dKtYcGM+4eEA=
-66,-58,Abdfv49X5DDguxVUTbNPHRWvR44=,LYPSIpDgMQUUB59dKtYcGM+4eEA=
-66,-57,Abdfv49X5DDguxVUTbNPHRWvR44=,LYPSIpDgMQUUB59dKtYcGM+4eEA=
-70,-56,Abdfv49X5DDguxVUTbNPHRWvR44=,QCOpBoGuj29mUEg3Rtls/yBcdZs=
-68,-56,Abdfv49X5DDguxVUTbNPHRWvR44=,QCOpBoGuj29mUEg3Rtls/yBcdZs=
-68,-58,Abdfv49X5DDguxVUTbNPHRWvR44=,LYPSIpDgMQUUB59dKtYcGM+4eEA=
-67,-56,Abdfv49X5DDguxVUTbNPHRWvR44=,QCOpBoGuj29mUEg3Rtls/yBcdZs=
-69,-57,Abdfv49X5DDguxVUTbNPHRWvR44=,LYPSIpDgMQUUB59dKtYcGM+4eEA=
-70,-58,Abdfv49X5DDguxVUTbNPHRWvR44=,LYPSIpDgMQUUB59dKtYcGM+4eEA=
-66,-59,Abdfv49X5DDguxVUTbNPHRWvR44=,LYPSIpDgMQUUB59dKtYcGM+4eEA=
-67,-59,Abdfv49X5DDguxVUTbNPHRWvR44=,LYPSIpDgMQUUB59dKtYcGM+4eEA=
-68,-59,Abdfv49X5DDguxVUTbNPHRWvR44=,LYPSIpDgMQUUB59dKtYcGM+4eEA=
-71,-63,Abdfv49X5DDguxVUTbNPHRWvR44=,LYPSIpDgMQUUB59dKtYcGM+4eEA=
-66,-56,Abdfv49X5DDguxVUTbNPHRWvR44=,QCOpBoGuj29mUEg3Rtls/yBcdZs=
-70,-63,Abdfv49X5DDguxVUTbNPHRWvR44=,LYPSIpDgMQUUB59dKtYcGM+4eEA=
-69,-63,Abdfv49X5DDguxVUTbNPHRWvR44=,LYPSIpDgMQUUB59dKtYcGM+4eEA=
-68,-63,Abdfv49X5DDguxVUTbNPHRWvR44=,LYPSIpDgMQUUB59dKtYcGM+4eEA=
-66,-63,Abdfv49X5DDguxVUTbNPHRWvR44=,LYPSIpDgMQUUB59dKtYcGM+4eEA=
-67,-63,Abdfv49X5DDguxVUTbNPHRWvR44=,LYPSIpDgMQUUB59dKtYcGM+4eEA=
-71,-62,Abdfv49X5DDguxVUTbNPHRWvR44=,LYPSIpDgMQUUB59dKtYcGM+4eEA=
-70,-62,Abdfv49X5DDguxVUTbNPHRWvR44=,LYPSIpDgMQUUB59dKtYcGM+4eEA=
-69,-62,Abdfv49X5DDguxVUTbNPHRWvR44=,LYPSIpDgMQUUB59dKtYcGM+4eEA=
-68,-62,Abdfv49X5DDguxVUTbNPHRWvR44=,LYPSIpDgMQUUB59dKtYcGM+4eEA=
-66,-62,Abdfv49X5DDguxVUTbNPHRWvR44=,LYPSIpDgMQUUB59dKtYcGM+4eEA=
-67,-62,Abdfv49X5DDguxVUTbNPHRWvR44=,LYPSIpDgMQUUB59dKtYcGM+4eEA=
-71,-61,Abdfv49X5DDguxVUTbNPHRWvR44=,LYPSIpDgMQUUB59dKtYcGM+4eEA=
-70,-61,Abdfv49X5DDguxVUTbNPHRWvR44=,LYPSIpDgMQUUB59dKtYcGM+4eEA=
-69,-61,Abdfv49X5DDguxVUTbNPHRWvR44=,LYPSIpDgMQUUB59dKtYcGM+4eEA=
-68,-61,Abdfv49X5DDguxVUTbNPHRWvR44=,LYPSIpDgMQUUB59dKtYcGM+4eEA=
-67,-61,Abdfv49X5DDguxVUTbNPHRWvR44=,LYPSIpDgMQUUB59dKtYcGM+4eEA=
-66,-61,Abdfv49X5DDguxVUTbNPHRWvR44=,LYPSIpDgMQUUB59dKtYcGM+4eEA=
-71,-60,Abdfv49X5DDguxVUTbNPHRWvR44=,LYPSIpDgMQUUB59dKtYcGM+4eEA=
-70,-60,Abdfv49X5DDguxVUTbNPHRWvR44=,LYPSIpDgMQUUB59dKtYcGM+4eEA=
-68,-60,Abdfv49X5DDguxVUTbNPHRWvR44=,LYPSIpDgMQUUB59dKtYcGM+4eEA=
-69,-60,Abdfv49X5DDguxVUTbNPHRWvR44=,LYPSIpDgMQUUB59dKtYcGM+4eEA=
-66,-60,Abdfv49X5DDguxVUTbNPHRWvR44=,LYPSIpDgMQUUB59dKtYcGM+4eEA=
-71,-59,Abdfv49X5DDguxVUTbNPHRWvR44=,LYPSIpDgMQUUB59dKtYcGM+4eEA=
-67,-60,Abdfv49X5DDguxVUTbNPHRWvR44=,LYPSIpDgMQUUB59dKtYcGM+4eEA=
-69,-58,Abdfv49X5DDguxVUTbNPHRWvR44=,LYPSIpDgMQUUB59dKtYcGM+4eEA=
-65,-63,Abdfv49X5DDguxVUTbNPHRWvR44=,LYPSIpDgMQUUB59dKtYcGM+4eEA=
-65,-62,Abdfv49X5DDguxVUTbNPHRWvR44=,LYPSIpDgMQUUB59dKtYcGM+4eEA=
-65,-60,Abdfv49X5DDguxVUTbNPHRWvR44=,LYPSIpDgMQUUB59dKtYcGM+4eEA=
-65,-61,Abdfv49X5DDguxVUTbNPHRWvR44=,LYPSIpDgMQUUB59dKtYcGM+4eEA=
-71,-58,Abdfv49X5DDguxVUTbNPHRWvR44=,LYPSIpDgMQUUB59dKtYcGM+4eEA=
-65,-59,Abdfv49X5DDguxVUTbNPHRWvR44=,LYPSIpDgMQUUB59dKtYcGM+4eEA=
-70,-59,Abdfv49X5DDguxVUTbNPHRWvR44=,LYPSIpDgMQUUB59dKtYcGM+4eEA=
-65,-58,Abdfv49X5DDguxVUTbNPHRWvR44=,LYPSIpDgMQUUB59dKtYcGM+4eEA=
-69,-59,Abdfv49X5DDguxVUTbNPHRWvR44=,LYPSIpDgMQUUB59dKtYcGM+4eEA=
-68,-49,Abdfv49X5DDguxVUTbNPHRWvR44=,QCOpBoGuj29mUEg3Rtls/yBcdZs=
-66,-49,Abdfv49X5DDguxVUTbNPHRWvR44=,QCOpBoGuj29mUEg3Rtls/yBcdZs=
-71,-49,Abdfv49X5DDguxVUTbNPHRWvR44=,QCOpBoGuj29mUEg3Rtls/yBcdZs=
-70,-49,Abdfv49X5DDguxVUTbNPHRWvR44=,QCOpBoGuj29mUEg3Rtls/yBcdZs=
-69,-49,Abdfv49X5DDguxVUTbNPHRWvR44=,QCOpBoGuj29mUEg3Rtls/yBcdZs=
-71,-64,Abdfv49X5DDguxVUTbNPHRWvR44=,LYPSIpDgMQUUB59dKtYcGM+4eEA=
-70,-64,Abdfv49X5DDguxVUTbNPHRWvR44=,LYPSIpDgMQUUB59dKtYcGM+4eEA=
-69,-64,Abdfv49X5DDguxVUTbNPHRWvR44=,LYPSIpDgMQUUB59dKtYcGM+4eEA=
-67,-64,Abdfv49X5DDguxVUTbNPHRWvR44=,LYPSIpDgMQUUB59dKtYcGM+4eEA=
-66,-64,Abdfv49X5DDguxVUTbNPHRWvR44=,LYPSIpDgMQUUB59dKtYcGM+4eEA=
-68,-64,Abdfv49X5DDguxVUTbNPHRWvR44=,LYPSIpDgMQUUB59dKtYcGM+4eEA=
-67,-49,Abdfv49X5DDguxVUTbNPHRWvR44=,QCOpBoGuj29mUEg3Rtls/yBcdZs=
-65,-64,Abdfv49X5DDguxVUTbNPHRWvR44=,LYPSIpDgMQUUB59dKtYcGM+4eEA=
-65,-50,Abdfv49X5DDguxVUTbNPHRWvR44=,QCOpBoGuj29mUEg3Rtls/yBcdZs=
-65,-49,Abdfv49X5DDguxVUTbNPHRWvR44=,QCOpBoGuj29mUEg3Rtls/yBcdZs=
-65,-51,Abdfv49X5DDguxVUTbNPHRWvR44=,QCOpBoGuj29mUEg3Rtls/yBcdZs=
-65,-52,Abdfv49X5DDguxVUTbNPHRWvR44=,QCOpBoGuj29mUEg3Rtls/yBcdZs=
-65,-54,Abdfv49X5DDguxVUTbNPHRWvR44=,QCOpBoGuj29mUEg3Rtls/yBcdZs=
-65,-57,Abdfv49X5DDguxVUTbNPHRWvR44=,LYPSIpDgMQUUB59dKtYcGM+4eEA=
-65,-53,Abdfv49X5DDguxVUTbNPHRWvR44=,QCOpBoGuj29mUEg3Rtls/yBcdZs=
-65,-55,Abdfv49X5DDguxVUTbNPHRWvR44=,QCOpBoGuj29mUEg3Rtls/yBcdZs=
-65,-56,Abdfv49X5DDguxVUTbNPHRWvR44=,QCOpBoGuj29mUEg3Rtls/yBcdZs=
-76,-53,Abdfv49X5DDguxVUTbNPHRWvR44=,bvTjwjkt1RTN7IljCzJYtCpyZek=
-72,-49,Abdfv49X5DDguxVUTbNPHRWvR44=,QCOpBoGuj29mUEg3Rtls/yBcdZs=
-75,-53,Abdfv49X5DDguxVUTbNPHRWvR44=,bvTjwjkt1RTN7IljCzJYtCpyZek=
-73,-53,Abdfv49X5DDguxVUTbNPHRWvR44=,bvTjwjkt1RTN7IljCzJYtCpyZek=
-74,-53,Abdfv49X5DDguxVUTbNPHRWvR44=,bvTjwjkt1RTN7IljCzJYtCpyZek=
-72,-55,Abdfv49X5DDguxVUTbNPHRWvR44=,QCOpBoGuj29mUEg3Rtls/yBcdZs=
-72,-54,Abdfv49X5DDguxVUTbNPHRWvR44=,QCOpBoGuj29mUEg3Rtls/yBcdZs=
-80,-52,Abdfv49X5DDguxVUTbNPHRWvR44=,bvTjwjkt1RTN7IljCzJYtCpyZek=
-79,-52,Abdfv49X5DDguxVUTbNPHRWvR44=,bvTjwjkt1RTN7IljCzJYtCpyZek=
-78,-52,Abdfv49X5DDguxVUTbNPHRWvR44=,bvTjwjkt1RTN7IljCzJYtCpyZek=
-73,-49,Abdfv49X5DDguxVUTbNPHRWvR44=,bvTjwjkt1RTN7IljCzJYtCpyZek=
-77,-52,Abdfv49X5DDguxVUTbNPHRWvR44=,bvTjwjkt1RTN7IljCzJYtCpyZek=
-77,-53,Abdfv49X5DDguxVUTbNPHRWvR44=,bvTjwjkt1RTN7IljCzJYtCpyZek=
-72,-50,Abdfv49X5DDguxVUTbNPHRWvR44=,QCOpBoGuj29mUEg3Rtls/yBcdZs=
-75,-52,Abdfv49X5DDguxVUTbNPHRWvR44=,bvTjwjkt1RTN7IljCzJYtCpyZek=
-76,-52,Abdfv49X5DDguxVUTbNPHRWvR44=,bvTjwjkt1RTN7IljCzJYtCpyZek=
-74,-52,Abdfv49X5DDguxVUTbNPHRWvR44=,bvTjwjkt1RTN7IljCzJYtCpyZek=
-80,-51,Abdfv49X5DDguxVUTbNPHRWvR44=,bvTjwjkt1RTN7IljCzJYtCpyZek=
-73,-52,Abdfv49X5DDguxVUTbNPHRWvR44=,bvTjwjkt1RTN7IljCzJYtCpyZek=
-79,-51,Abdfv49X5DDguxVUTbNPHRWvR44=,bvTjwjkt1RTN7IljCzJYtCpyZek=
-78,-51,Abdfv49X5DDguxVUTbNPHRWvR44=,bvTjwjkt1RTN7IljCzJYtCpyZek=
-77,-51,Abdfv49X5DDguxVUTbNPHRWvR44=,bvTjwjkt1RTN7IljCzJYtCpyZek=
-75,-51,Abdfv49X5DDguxVUTbNPHRWvR44=,bvTjwjkt1RTN7IljCzJYtCpyZek=
-76,-51,Abdfv49X5DDguxVUTbNPHRWvR44=,bvTjwjkt1RTN7IljCzJYtCpyZek=
-74,-51,Abdfv49X5DDguxVUTbNPHRWvR44=,bvTjwjkt1RTN7IljCzJYtCpyZek=
-80,-50,Abdfv49X5DDguxVUTbNPHRWvR44=,bvTjwjkt1RTN7IljCzJYtCpyZek=
-73,-51,Abdfv49X5DDguxVUTbNPHRWvR44=,bvTjwjkt1RTN7IljCzJYtCpyZek=
-78,-50,Abdfv49X5DDguxVUTbNPHRWvR44=,bvTjwjkt1RTN7IljCzJYtCpyZek=
-79,-50,Abdfv49X5DDguxVUTbNPHRWvR44=,bvTjwjkt1RTN7IljCzJYtCpyZek=
-77,-50,Abdfv49X5DDguxVUTbNPHRWvR44=,bvTjwjkt1RTN7IljCzJYtCpyZek=
-76,-50,Abdfv49X5DDguxVUTbNPHRWvR44=,bvTjwjkt1RTN7IljCzJYtCpyZek=
-75,-50,Abdfv49X5DDguxVUTbNPHRWvR44=,bvTjwjkt1RTN7IljCzJYtCpyZek=
-74,-49,Abdfv49X5DDguxVUTbNPHRWvR44=,bvTjwjkt1RTN7IljCzJYtCpyZek=
-78,-53,Abdfv49X5DDguxVUTbNPHRWvR44=,bvTjwjkt1RTN7IljCzJYtCpyZek=
-74,-50,Abdfv49X5DDguxVUTbNPHRWvR44=,bvTjwjkt1RTN7IljCzJYtCpyZek=
-80,-55,Abdfv49X5DDguxVUTbNPHRWvR44=,bvTjwjkt1RTN7IljCzJYtCpyZek=
-79,-55,Abdfv49X5DDguxVUTbNPHRWvR44=,bvTjwjkt1RTN7IljCzJYtCpyZek=
-72,-52,Abdfv49X5DDguxVUTbNPHRWvR44=,QCOpBoGuj29mUEg3Rtls/yBcdZs=
-78,-55,Abdfv49X5DDguxVUTbNPHRWvR44=,bvTjwjkt1RTN7IljCzJYtCpyZek=
-77,-55,Abdfv49X5DDguxVUTbNPHRWvR44=,bvTjwjkt1RTN7IljCzJYtCpyZek=
-73,-50,Abdfv49X5DDguxVUTbNPHRWvR44=,bvTjwjkt1RTN7IljCzJYtCpyZek=
-75,-55,Abdfv49X5DDguxVUTbNPHRWvR44=,bvTjwjkt1RTN7IljCzJYtCpyZek=
-76,-55,Abdfv49X5DDguxVUTbNPHRWvR44=,bvTjwjkt1RTN7IljCzJYtCpyZek=
-74,-55,Abdfv49X5DDguxVUTbNPHRWvR44=,bvTjwjkt1RTN7IljCzJYtCpyZek=
-73,-55,Abdfv49X5DDguxVUTbNPHRWvR44=,bvTjwjkt1RTN7IljCzJYtCpyZek=
-80,-54,Abdfv49X5DDguxVUTbNPHRWvR44=,bvTjwjkt1RTN7IljCzJYtCpyZek=
-79,-54,Abdfv49X5DDguxVUTbNPHRWvR44=,bvTjwjkt1RTN7IljCzJYtCpyZek=
-80,-49,Abdfv49X5DDguxVUTbNPHRWvR44=,bvTjwjkt1RTN7IljCzJYtCpyZek=
-78,-54,Abdfv49X5DDguxVUTbNPHRWvR44=,bvTjwjkt1RTN7IljCzJYtCpyZek=
-77,-54,Abdfv49X5DDguxVUTbNPHRWvR44=,bvTjwjkt1RTN7IljCzJYtCpyZek=
-72,-51,Abdfv49X5DDguxVUTbNPHRWvR44=,QCOpBoGuj29mUEg3Rtls/yBcdZs=
-79,-49,Abdfv49X5DDguxVUTbNPHRWvR44=,bvTjwjkt1RTN7IljCzJYtCpyZek=
-78,-49,Abdfv49X5DDguxVUTbNPHRWvR44=,bvTjwjkt1RTN7IljCzJYtCpyZek=
-72,-53,Abdfv49X5DDguxVUTbNPHRWvR44=,QCOpBoGuj29mUEg3Rtls/yBcdZs=
-76,-54,Abdfv49X5DDguxVUTbNPHRWvR44=,bvTjwjkt1RTN7IljCzJYtCpyZek=
-75,-54,Abdfv49X5DDguxVUTbNPHRWvR44=,bvTjwjkt1RTN7IljCzJYtCpyZek=
-74,-54,Abdfv49X5DDguxVUTbNPHRWvR44=,bvTjwjkt1RTN7IljCzJYtCpyZek=
-77,-49,Abdfv49X5DDguxVUTbNPHRWvR44=,bvTjwjkt1RTN7IljCzJYtCpyZek=
-76,-49,Abdfv49X5DDguxVUTbNPHRWvR44=,bvTjwjkt1RTN7IljCzJYtCpyZek=
-73,-54,Abdfv49X5DDguxVUTbNPHRWvR44=,bvTjwjkt1RTN7IljCzJYtCpyZek=
-80,-53,Abdfv49X5DDguxVUTbNPHRWvR44=,bvTjwjkt1RTN7IljCzJYtCpyZek=
-75,-49,Abdfv49X5DDguxVUTbNPHRWvR44=,bvTjwjkt1RTN7IljCzJYtCpyZek=
-79,-53,Abdfv49X5DDguxVUTbNPHRWvR44=,bvTjwjkt1RTN7IljCzJYtCpyZek=
-77,-59,Abdfv49X5DDguxVUTbNPHRWvR44=,KnhDiUmid3pkSdRXHpKwqzTxyoE=
-79,-59,Abdfv49X5DDguxVUTbNPHRWvR44=,KnhDiUmid3pkSdRXHpKwqzTxyoE=
-78,-59,Abdfv49X5DDguxVUTbNPHRWvR44=,KnhDiUmid3pkSdRXHpKwqzTxyoE=
-72,-57,Abdfv49X5DDguxVUTbNPHRWvR44=,LYPSIpDgMQUUB59dKtYcGM+4eEA=
-80,-59,Abdfv49X5DDguxVUTbNPHRWvR44=,KnhDiUmid3pkSdRXHpKwqzTxyoE=
-76,-59,Abdfv49X5DDguxVUTbNPHRWvR44=,KnhDiUmid3pkSdRXHpKwqzTxyoE=
-74,-59,Abdfv49X5DDguxVUTbNPHRWvR44=,KnhDiUmid3pkSdRXHpKwqzTxyoE=
-75,-59,Abdfv49X5DDguxVUTbNPHRWvR44=,KnhDiUmid3pkSdRXHpKwqzTxyoE=
-74,-60,Abdfv49X5DDguxVUTbNPHRWvR44=,KnhDiUmid3pkSdRXHpKwqzTxyoE=
-75,-60,Abdfv49X5DDguxVUTbNPHRWvR44=,KnhDiUmid3pkSdRXHpKwqzTxyoE=
-73,-60,Abdfv49X5DDguxVUTbNPHRWvR44=,KnhDiUmid3pkSdRXHpKwqzTxyoE=
-79,-60,Abdfv49X5DDguxVUTbNPHRWvR44=,KnhDiUmid3pkSdRXHpKwqzTxyoE=
-80,-60,Abdfv49X5DDguxVUTbNPHRWvR44=,KnhDiUmid3pkSdRXHpKwqzTxyoE=
-76,-60,Abdfv49X5DDguxVUTbNPHRWvR44=,KnhDiUmid3pkSdRXHpKwqzTxyoE=
-73,-61,Abdfv49X5DDguxVUTbNPHRWvR44=,KnhDiUmid3pkSdRXHpKwqzTxyoE=
-74,-61,Abdfv49X5DDguxVUTbNPHRWvR44=,KnhDiUmid3pkSdRXHpKwqzTxyoE=
-73,-59,Abdfv49X5DDguxVUTbNPHRWvR44=,KnhDiUmid3pkSdRXHpKwqzTxyoE=
-80,-58,Abdfv49X5DDguxVUTbNPHRWvR44=,KnhDiUmid3pkSdRXHpKwqzTxyoE=
-72,-64,Abdfv49X5DDguxVUTbNPHRWvR44=,LYPSIpDgMQUUB59dKtYcGM+4eEA=
-72,-56,Abdfv49X5DDguxVUTbNPHRWvR44=,QCOpBoGuj29mUEg3Rtls/yBcdZs=
-79,-58,Abdfv49X5DDguxVUTbNPHRWvR44=,KnhDiUmid3pkSdRXHpKwqzTxyoE=
-78,-58,Abdfv49X5DDguxVUTbNPHRWvR44=,KnhDiUmid3pkSdRXHpKwqzTxyoE=
-77,-58,Abdfv49X5DDguxVUTbNPHRWvR44=,KnhDiUmid3pkSdRXHpKwqzTxyoE=
-72,-58,Abdfv49X5DDguxVUTbNPHRWvR44=,LYPSIpDgMQUUB59dKtYcGM+4eEA=
-72,-63,Abdfv49X5DDguxVUTbNPHRWvR44=,LYPSIpDgMQUUB59dKtYcGM+4eEA=
-76,-58,Abdfv49X5DDguxVUTbNPHRWvR44=,KnhDiUmid3pkSdRXHpKwqzTxyoE=
-75,-58,Abdfv49X5DDguxVUTbNPHRWvR44=,KnhDiUmid3pkSdRXHpKwqzTxyoE=
-78,-60,Abdfv49X5DDguxVUTbNPHRWvR44=,KnhDiUmid3pkSdRXHpKwqzTxyoE=
-74,-58,Abdfv49X5DDguxVUTbNPHRWvR44=,KnhDiUmid3pkSdRXHpKwqzTxyoE=
-80,-64,Abdfv49X5DDguxVUTbNPHRWvR44=,KnhDiUmid3pkSdRXHpKwqzTxyoE=
-72,-62,Abdfv49X5DDguxVUTbNPHRWvR44=,LYPSIpDgMQUUB59dKtYcGM+4eEA=
-79,-64,Abdfv49X5DDguxVUTbNPHRWvR44=,KnhDiUmid3pkSdRXHpKwqzTxyoE=
-78,-64,Abdfv49X5DDguxVUTbNPHRWvR44=,KnhDiUmid3pkSdRXHpKwqzTxyoE=
-77,-64,Abdfv49X5DDguxVUTbNPHRWvR44=,KnhDiUmid3pkSdRXHpKwqzTxyoE=
-76,-64,Abdfv49X5DDguxVUTbNPHRWvR44=,KnhDiUmid3pkSdRXHpKwqzTxyoE=
-73,-58,Abdfv49X5DDguxVUTbNPHRWvR44=,KnhDiUmid3pkSdRXHpKwqzTxyoE=
-80,-57,Abdfv49X5DDguxVUTbNPHRWvR44=,KnhDiUmid3pkSdRXHpKwqzTxyoE=
-79,-57,Abdfv49X5DDguxVUTbNPHRWvR44=,KnhDiUmid3pkSdRXHpKwqzTxyoE=
-72,-61,Abdfv49X5DDguxVUTbNPHRWvR44=,LYPSIpDgMQUUB59dKtYcGM+4eEA=
-78,-57,Abdfv49X5DDguxVUTbNPHRWvR44=,KnhDiUmid3pkSdRXHpKwqzTxyoE=
-75,-64,Abdfv49X5DDguxVUTbNPHRWvR44=,KnhDiUmid3pkSdRXHpKwqzTxyoE=
-77,-57,Abdfv49X5DDguxVUTbNPHRWvR44=,KnhDiUmid3pkSdRXHpKwqzTxyoE=
-76,-57,Abdfv49X5DDguxVUTbNPHRWvR44=,KnhDiUmid3pkSdRXHpKwqzTxyoE=
-74,-64,Abdfv49X5DDguxVUTbNPHRWvR44=,KnhDiUmid3pkSdRXHpKwqzTxyoE=
-75,-57,Abdfv49X5DDguxVUTbNPHRWvR44=,KnhDiUmid3pkSdRXHpKwqzTxyoE=
-74,-57,Abdfv49X5DDguxVUTbNPHRWvR44=,KnhDiUmid3pkSdRXHpKwqzTxyoE=
-77,-60,Abdfv49X5DDguxVUTbNPHRWvR44=,KnhDiUmid3pkSdRXHpKwqzTxyoE=
-73,-64,Abdfv49X5DDguxVUTbNPHRWvR44=,KnhDiUmid3pkSdRXHpKwqzTxyoE=
-80,-63,Abdfv49X5DDguxVUTbNPHRWvR44=,KnhDiUmid3pkSdRXHpKwqzTxyoE=
-79,-63,Abdfv49X5DDguxVUTbNPHRWvR44=,KnhDiUmid3pkSdRXHpKwqzTxyoE=
-72,-60,Abdfv49X5DDguxVUTbNPHRWvR44=,LYPSIpDgMQUUB59dKtYcGM+4eEA=
-78,-63,Abdfv49X5DDguxVUTbNPHRWvR44=,KnhDiUmid3pkSdRXHpKwqzTxyoE=
-73,-57,Abdfv49X5DDguxVUTbNPHRWvR44=,KnhDiUmid3pkSdRXHpKwqzTxyoE=
-75,-61,Abdfv49X5DDguxVUTbNPHRWvR44=,KnhDiUmid3pkSdRXHpKwqzTxyoE=
-80,-56,Abdfv49X5DDguxVUTbNPHRWvR44=,bvTjwjkt1RTN7IljCzJYtCpyZek=
-79,-56,Abdfv49X5DDguxVUTbNPHRWvR44=,bvTjwjkt1RTN7IljCzJYtCpyZek=
-78,-56,Abdfv49X5DDguxVUTbNPHRWvR44=,bvTjwjkt1RTN7IljCzJYtCpyZek=
-77,-63,Abdfv49X5DDguxVUTbNPHRWvR44=,KnhDiUmid3pkSdRXHpKwqzTxyoE=
-75,-63,Abdfv49X5DDguxVUTbNPHRWvR44=,KnhDiUmid3pkSdRXHpKwqzTxyoE=
-76,-63,Abdfv49X5DDguxVUTbNPHRWvR44=,KnhDiUmid3pkSdRXHpKwqzTxyoE=
-77,-56,Abdfv49X5DDguxVUTbNPHRWvR44=,bvTjwjkt1RTN7IljCzJYtCpyZek=
-74,-63,Abdfv49X5DDguxVUTbNPHRWvR44=,KnhDiUmid3pkSdRXHpKwqzTxyoE=
-73,-63,Abdfv49X5DDguxVUTbNPHRWvR44=,KnhDiUmid3pkSdRXHpKwqzTxyoE=
-77,-61,Abdfv49X5DDguxVUTbNPHRWvR44=,KnhDiUmid3pkSdRXHpKwqzTxyoE=
-80,-61,Abdfv49X5DDguxVUTbNPHRWvR44=,KnhDiUmid3pkSdRXHpKwqzTxyoE=
-73,-62,Abdfv49X5DDguxVUTbNPHRWvR44=,KnhDiUmid3pkSdRXHpKwqzTxyoE=
-74,-62,Abdfv49X5DDguxVUTbNPHRWvR44=,KnhDiUmid3pkSdRXHpKwqzTxyoE=
-75,-62,Abdfv49X5DDguxVUTbNPHRWvR44=,KnhDiUmid3pkSdRXHpKwqzTxyoE=
-76,-61,Abdfv49X5DDguxVUTbNPHRWvR44=,KnhDiUmid3pkSdRXHpKwqzTxyoE=
-76,-62,Abdfv49X5DDguxVUTbNPHRWvR44=,KnhDiUmid3pkSdRXHpKwqzTxyoE=
-77,-62,Abdfv49X5DDguxVUTbNPHRWvR44=,KnhDiUmid3pkSdRXHpKwqzTxyoE=
-78,-61,Abdfv49X5DDguxVUTbNPHRWvR44=,KnhDiUmid3pkSdRXHpKwqzTxyoE=
-73,-56,Abdfv49X5DDguxVUTbNPHRWvR44=,bvTjwjkt1RTN7IljCzJYtCpyZek=
-74,-56,Abdfv49X5DDguxVUTbNPHRWvR44=,bvTjwjkt1RTN7IljCzJYtCpyZek=
-79,-61,Abdfv49X5DDguxVUTbNPHRWvR44=,KnhDiUmid3pkSdRXHpKwqzTxyoE=
-80,-62,Abdfv49X5DDguxVUTbNPHRWvR44=,KnhDiUmid3pkSdRXHpKwqzTxyoE=
-75,-56,Abdfv49X5DDguxVUTbNPHRWvR44=,bvTjwjkt1RTN7IljCzJYtCpyZek=
-76,-56,Abdfv49X5DDguxVUTbNPHRWvR44=,bvTjwjkt1RTN7IljCzJYtCpyZek=
-78,-62,Abdfv49X5DDguxVUTbNPHRWvR44=,KnhDiUmid3pkSdRXHpKwqzTxyoE=
-72,-59,Abdfv49X5DDguxVUTbNPHRWvR44=,LYPSIpDgMQUUB59dKtYcGM+4eEA=
-79,-62,Abdfv49X5DDguxVUTbNPHRWvR44=,KnhDiUmid3pkSdRXHpKwqzTxyoE=
