14,5,CnNpaiHa2iN6tCrqJGvV74/4dSA=,p7guXpj/BRqgtCx783cZ/FetcJw=
13,6,CnNpaiHa2iN6tCrqJGvV74/4dSA=,p7guXpj/BRqgtCx783cZ/FetcJw=
12,6,CnNpaiHa2iN6tCrqJGvV74/4dSA=,p7guXpj/BRqgtCx783cZ/FetcJw=
11,5,CnNpaiHa2iN6tCrqJGvV74/4dSA=,trduDl1GFXHSMQbpVknp+AAP3p4=
14,6,CnNpaiHa2iN6tCrqJGvV74/4dSA=,p7guXpj/BRqgtCx783cZ/FetcJw=
13,5,CnNpaiHa2iN6tCrqJGvV74/4dSA=,p7guXpj/BRqgtCx783cZ/FetcJw=
11,6,CnNpaiHa2iN6tCrqJGvV74/4dSA=,trduDl1GFXHSMQbpVknp+AAP3p4=
12,5,CnNpaiHa2iN6tCrqJGvV74/4dSA=,p7guXpj/BRqgtCx783cZ/FetcJw=
10,6,CnNpaiHa2iN6tCrqJGvV74/4dSA=,trduDl1GFXHSMQbpVknp+AAP3p4=
10,5,CnNpaiHa2iN6tCrqJGvV74/4dSA=,trduDl1GFXHSMQbpVknp+AAP3p4=
9,5,CnNpaiHa2iN6tCrqJGvV74/4dSA=,trduDl1GFXHSMQbpVknp+AAP3p4=
9,6,CnNpaiHa2iN6tCrqJGvV74/4dSA=,trduDl1GFXHSMQbpVknp+AAP3p4=
13,4,CnNpaiHa2iN6tCrqJGvV74/4dSA=,p7guXpj/BRqgtCx783cZ/FetcJw=
13,3,CnNpaiHa2iN6tCrqJGvV74/4dSA=,yeQnlQZvSbdOVlmZNA706FFOzAk=
14,1,CnNpaiHa2iN6tCrqJGvV74/4dSA=,yeQnlQZvSbdOVlmZNA706FFOzAk=
14,3,CnNpaiHa2iN6tCrqJGvV74/4dSA=,yeQnlQZvSbdOVlmZNA706FFOzAk=
12,4,CnNpaiHa2iN6tCrqJGvV74/4dSA=,p7guXpj/BRqgtCx783cZ/FetcJw=
14,2,CnNpaiHa2iN6tCrqJGvV74/4dSA=,yeQnlQZvSbdOVlmZNA706FFOzAk=
13,1,CnNpaiHa2iN6tCrqJGvV74/4dSA=,yeQnlQZvSbdOVlmZNA706FFOzAk=
11,2,CnNpaiHa2iN6tCrqJGvV74/4dSA=,2XRvW1Upl9xZGjysNxqTHcwhAYo=
10,2,CnNpaiHa2iN6tCrqJGvV74/4dSA=,2XRvW1Upl9xZGjysNxqTHcwhAYo=
11,3,CnNpaiHa2iN6tCrqJGvV74/4dSA=,2XRvW1Upl9xZGjysNxqTHcwhAYo=
12,3,CnNpaiHa2iN6tCrqJGvV74/4dSA=,yeQnlQZvSbdOVlmZNA706FFOzAk=
9,2,CnNpaiHa2iN6tCrqJGvV74/4dSA=,2XRvW1Upl9xZGjysNxqTHcwhAYo=
11,1,CnNpaiHa2iN6tCrqJGvV74/4dSA=,2XRvW1Upl9xZGjysNxqTHcwhAYo=
9,1,CnNpaiHa2iN6tCrqJGvV74/4dSA=,2XRvW1Upl9xZGjysNxqTHcwhAYo=
9,3,CnNpaiHa2iN6tCrqJGvV74/4dSA=,2XRvW1Upl9xZGjysNxqTHcwhAYo=
14,4,CnNpaiHa2iN6tCrqJGvV74/4dSA=,p7guXpj/BRqgtCx783cZ/FetcJw=
11,4,CnNpaiHa2iN6tCrqJGvV74/4dSA=,trduDl1GFXHSMQbpVknp+AAP3p4=
10,4,CnNpaiHa2iN6tCrqJGvV74/4dSA=,trduDl1GFXHSMQbpVknp+AAP3p4=
12,2,CnNpaiHa2iN6tCrqJGvV74/4dSA=,yeQnlQZvSbdOVlmZNA706FFOzAk=
10,1,CnNpaiHa2iN6tCrqJGvV74/4dSA=,2XRvW1Upl9xZGjysNxqTHcwhAYo=
12,1,CnNpaiHa2iN6tCrqJGvV74/4dSA=,yeQnlQZvSbdOVlmZNA706FFOzAk=
13,2,CnNpaiHa2iN6tCrqJGvV74/4dSA=,yeQnlQZvSbdOVlmZNA706FFOzAk=
9,4,CnNpaiHa2iN6tCrqJGvV74/4dSA=,trduDl1GFXHSMQbpVknp+AAP3p4=
10,3,CnNpaiHa2iN6tCrqJGvV74/4dSA=,2XRvW1Upl9xZGjysNxqTHcwhAYo=
10,13,ML/WGKD2H2m/j6gRS7bISz2DyRM=,JPfT/GNeCxd2N1r2reHfXrN0EGI=
9,14,ML/WGKD2H2m/j6gRS7bISz2DyRM=,JPfT/GNeCxd2N1r2reHfXrN0EGI=
9,13,ML/WGKD2H2m/j6gRS7bISz2DyRM=,JPfT/GNeCxd2N1r2reHfXrN0EGI=
10,14,ML/WGKD2H2m/j6gRS7bISz2DyRM=,JPfT/GNeCxd2N1r2reHfXrN0EGI=
14,8,ML/WGKD2H2m/j6gRS7bISz2DyRM=,72K+O0YrzOf6qgr1dVsq38/UvGM=
14,7,ML/WGKD2H2m/j6gRS7bISz2DyRM=,p7guXpj/BRqgtCx783cZ/FetcJw=
14,9,ML/WGKD2H2m/j6gRS7bISz2DyRM=,72K+O0YrzOf6qgr1dVsq38/UvGM=
13,8,ML/WGKD2H2m/j6gRS7bISz2DyRM=,72K+O0YrzOf6qgr1dVsq38/UvGM=
14,10,ML/WGKD2H2m/j6gRS7bISz2DyRM=,72K+O0YrzOf6qgr1dVsq38/UvGM=
11,13,ML/WGKD2H2m/j6gRS7bISz2DyRM=,JPfT/GNeCxd2N1r2reHfXrN0EGI=
12,13,ML/WGKD2H2m/j6gRS7bISz2DyRM=,Hbphy13tqtyD0JVpwCOoUHSCsuA=
13,7,ML/WGKD2H2m/j6gRS7bISz2DyRM=,p7guXpj/BRqgtCx783cZ/FetcJw=
13,9,ML/WGKD2H2m/j6gRS7bISz2DyRM=,72K+O0YrzOf6qgr1dVsq38/UvGM=
11,14,ML/WGKD2H2m/j6gRS7bISz2DyRM=,JPfT/GNeCxd2N1r2reHfXrN0EGI=
9,10,ML/WGKD2H2m/j6gRS7bISz2DyRM=,caFKZp4Q9BuN1+lU7l6p1/CCET0=
11,12,ML/WGKD2H2m/j6gRS7bISz2DyRM=,JPfT/GNeCxd2N1r2reHfXrN0EGI=
12,12,ML/WGKD2H2m/j6gRS7bISz2DyRM=,Hbphy13tqtyD0JVpwCOoUHSCsuA=
9,12,ML/WGKD2H2m/j6gRS7bISz2DyRM=,JPfT/GNeCxd2N1r2reHfXrN0EGI=
11,11,ML/WGKD2H2m/j6gRS7bISz2DyRM=,caFKZp4Q9BuN1+lU7l6p1/CCET0=
13,10,ML/WGKD2H2m/j6gRS7bISz2DyRM=,72K+O0YrzOf6qgr1dVsq38/UvGM=
14,11,ML/WGKD2H2m/j6gRS7bISz2DyRM=,72K+O0YrzOf6qgr1dVsq38/UvGM=
14,12,ML/WGKD2H2m/j6gRS7bISz2DyRM=,Hbphy13tqtyD0JVpwCOoUHSCsuA=
12,10,ML/WGKD2H2m/j6gRS7bISz2DyRM=,72K+O0YrzOf6qgr1dVsq38/UvGM=
9,11,ML/WGKD2H2m/j6gRS7bISz2DyRM=,caFKZp4Q9BuN1+lU7l6p1/CCET0=
11,10,ML/WGKD2H2m/j6gRS7bISz2DyRM=,caFKZp4Q9BuN1+lU7l6p1/CCET0=
12,14,ML/WGKD2H2m/j6gRS7bISz2DyRM=,Hbphy13tqtyD0JVpwCOoUHSCsuA=
11,7,ML/WGKD2H2m/j6gRS7bISz2DyRM=,trduDl1GFXHSMQbpVknp+AAP3p4=
10,10,ML/WGKD2H2m/j6gRS7bISz2DyRM=,caFKZp4Q9BuN1+lU7l6p1/CCET0=
10,12,ML/WGKD2H2m/j6gRS7bISz2DyRM=,JPfT/GNeCxd2N1r2reHfXrN0EGI=
11,9,ML/WGKD2H2m/j6gRS7bISz2DyRM=,caFKZp4Q9BuN1+lU7l6p1/CCET0=
14,13,ML/WGKD2H2m/j6gRS7bISz2DyRM=,Hbphy13tqtyD0JVpwCOoUHSCsuA=
10,8,ML/WGKD2H2m/j6gRS7bISz2DyRM=,caFKZp4Q9BuN1+lU7l6p1/CCET0=
13,14,ML/WGKD2H2m/j6gRS7bISz2DyRM=,Hbphy13tqtyD0JVpwCOoUHSCsuA=
10,11,ML/WGKD2H2m/j6gRS7bISz2DyRM=,caFKZp4Q9BuN1+lU7l6p1/CCET0=
11,8,ML/WGKD2H2m/j6gRS7bISz2DyRM=,caFKZp4Q9BuN1+lU7l6p1/CCET0=
10,7,ML/WGKD2H2m/j6gRS7bISz2DyRM=,trduDl1GFXHSMQbpVknp+AAP3p4=
9,9,ML/WGKD2H2m/j6gRS7bISz2DyRM=,caFKZp4Q9BuN1+lU7l6p1/CCET0=
12,9,ML/WGKD2H2m/j6gRS7bISz2DyRM=,72K+O0YrzOf6qgr1dVsq38/UvGM=
9,7,ML/WGKD2H2m/j6gRS7bISz2DyRM=,trduDl1GFXHSMQbpVknp+AAP3p4=
9,8,ML/WGKD2H2m/j6gRS7bISz2DyRM=,caFKZp4Q9BuN1+lU7l6p1/CCET0=
13,13,ML/WGKD2H2m/j6gRS7bISz2DyRM=,Hbphy13tqtyD0JVpwCOoUHSCsuA=
10,9,ML/WGKD2H2m/j6gRS7bISz2DyRM=,caFKZp4Q9BuN1+lU7l6p1/CCET0=
12,11,ML/WGKD2H2m/j6gRS7bISz2DyRM=,72K+O0YrzOf6qgr1dVsq38/UvGM=
13,11,ML/WGKD2H2m/j6gRS7bISz2DyRM=,72K+O0YrzOf6qgr1dVsq38/UvGM=
12,8,ML/WGKD2H2m/j6gRS7bISz2DyRM=,72K+O0YrzOf6qgr1dVsq38/UvGM=
13,12,ML/WGKD2H2m/j6gRS7bISz2DyRM=,Hbphy13tqtyD0JVpwCOoUHSCsuA=
14,14,ML/WGKD2H2m/j6gRS7bISz2DyRM=,Hbphy13tqtyD0JVpwCOoUHSCsuA=
12,7,ML/WGKD2H2m/j6gRS7bISz2DyRM=,p7guXpj/BRqgtCx783cZ/FetcJw=
7,10,ML/WGKD2H2m/j6gRS7bISz2DyRM=,jhxkriLdRdOEYUGqW45/VbyBaKI=
8,9,ML/WGKD2H2m/j6gRS7bISz2DyRM=,caFKZp4Q9BuN1+lU7l6p1/CCET0=
7,9,ML/WGKD2H2m/j6gRS7bISz2DyRM=,jhxkriLdRdOEYUGqW45/VbyBaKI=
8,10,ML/WGKD2H2m/j6gRS7bISz2DyRM=,caFKZp4Q9BuN1+lU7l6p1/CCET0=
6,9,ML/WGKD2H2m/j6gRS7bISz2DyRM=,jhxkriLdRdOEYUGqW45/VbyBaKI=
6,10,ML/WGKD2H2m/j6gRS7bISz2DyRM=,jhxkriLdRdOEYUGqW45/VbyBaKI=
5,9,ML/WGKD2H2m/j6gRS7bISz2DyRM=,jhxkriLdRdOEYUGqW45/VbyBaKI=
5,10,ML/WGKD2H2m/j6gRS7bISz2DyRM=,jhxkriLdRdOEYUGqW45/VbyBaKI=
7,14,ML/WGKD2H2m/j6gRS7bISz2DyRM=,duq3whctSoQQtX1BlF5kdbvVv18=
7,13,ML/WGKD2H2m/j6gRS7bISz2DyRM=,duq3whctSoQQtX1BlF5kdbvVv18=
5,11,ML/WGKD2H2m/j6gRS7bISz2DyRM=,jhxkriLdRdOEYUGqW45/VbyBaKI=
8,13,ML/WGKD2H2m/j6gRS7bISz2DyRM=,JPfT/GNeCxd2N1r2reHfXrN0EGI=
6,14,ML/WGKD2H2m/j6gRS7bISz2DyRM=,duq3whctSoQQtX1BlF5kdbvVv18=
8,11,ML/WGKD2H2m/j6gRS7bISz2DyRM=,caFKZp4Q9BuN1+lU7l6p1/CCET0=
5,14,ML/WGKD2H2m/j6gRS7bISz2DyRM=,duq3whctSoQQtX1BlF5kdbvVv18=
6,13,ML/WGKD2H2m/j6gRS7bISz2DyRM=,duq3whctSoQQtX1BlF5kdbvVv18=
7,12,ML/WGKD2H2m/j6gRS7bISz2DyRM=,duq3whctSoQQtX1BlF5kdbvVv18=
8,14,ML/WGKD2H2m/j6gRS7bISz2DyRM=,JPfT/GNeCxd2N1r2reHfXrN0EGI=
6,12,ML/WGKD2H2m/j6gRS7bISz2DyRM=,duq3whctSoQQtX1BlF5kdbvVv18=
5,13,ML/WGKD2H2m/j6gRS7bISz2DyRM=,duq3whctSoQQtX1BlF5kdbvVv18=
5,12,ML/WGKD2H2m/j6gRS7bISz2DyRM=,duq3whctSoQQtX1BlF5kdbvVv18=
7,11,ML/WGKD2H2m/j6gRS7bISz2DyRM=,jhxkriLdRdOEYUGqW45/VbyBaKI=
6,11,ML/WGKD2H2m/j6gRS7bISz2DyRM=,jhxkriLdRdOEYUGqW45/VbyBaKI=
8,12,ML/WGKD2H2m/j6gRS7bISz2DyRM=,JPfT/GNeCxd2N1r2reHfXrN0EGI=
4,14,ML/WGKD2H2m/j6gRS7bISz2DyRM=,duq3whctSoQQtX1BlF5kdbvVv18=
3,13,ML/WGKD2H2m/j6gRS7bISz2DyRM=,AseeQdaFfEHj99/AGAvAqMZUHgU=
1,13,1FKl1S5Jk2B5g0Z0tA7jtA3IuG0=,AseeQdaFfEHj99/AGAvAqMZUHgU=
1,14,1FKl1S5Jk2B5g0Z0tA7jtA3IuG0=,AseeQdaFfEHj99/AGAvAqMZUHgU=
2,14,1FKl1S5Jk2B5g0Z0tA7jtA3IuG0=,AseeQdaFfEHj99/AGAvAqMZUHgU=
3,14,1FKl1S5Jk2B5g0Z0tA7jtA3IuG0=,AseeQdaFfEHj99/AGAvAqMZUHgU=
2,13,1FKl1S5Jk2B5g0Z0tA7jtA3IuG0=,AseeQdaFfEHj99/AGAvAqMZUHgU=
1,12,1FKl1S5Jk2B5g0Z0tA7jtA3IuG0=,AseeQdaFfEHj99/AGAvAqMZUHgU=
1,7,1FKl1S5Jk2B5g0Z0tA7jtA3IuG0=,hB/PwaAg0w1MeiHOrOfuvoniTRc=
1,5,1FKl1S5Jk2B5g0Z0tA7jtA3IuG0=,hB/PwaAg0w1MeiHOrOfuvoniTRc=
4,13,1FKl1S5Jk2B5g0Z0tA7jtA3IuG0=,duq3whctSoQQtX1BlF5kdbvVv18=
4,9,1FKl1S5Jk2B5g0Z0tA7jtA3IuG0=,jhxkriLdRdOEYUGqW45/VbyBaKI=
1,9,1FKl1S5Jk2B5g0Z0tA7jtA3IuG0=,kFYV9NNAnnNh9NRK/omIsOaO5bM=
3,12,1FKl1S5Jk2B5g0Z0tA7jtA3IuG0=,AseeQdaFfEHj99/AGAvAqMZUHgU=
2,5,1FKl1S5Jk2B5g0Z0tA7jtA3IuG0=,hB/PwaAg0w1MeiHOrOfuvoniTRc=
2,7,1FKl1S5Jk2B5g0Z0tA7jtA3IuG0=,hB/PwaAg0w1MeiHOrOfuvoniTRc=
2,8,1FKl1S5Jk2B5g0Z0tA7jtA3IuG0=,kFYV9NNAnnNh9NRK/omIsOaO5bM=
1,8,1FKl1S5Jk2B5g0Z0tA7jtA3IuG0=,kFYV9NNAnnNh9NRK/omIsOaO5bM=
4,10,1FKl1S5Jk2B5g0Z0tA7jtA3IuG0=,jhxkriLdRdOEYUGqW45/VbyBaKI=
1,10,1FKl1S5Jk2B5g0Z0tA7jtA3IuG0=,kFYV9NNAnnNh9NRK/omIsOaO5bM=
1,6,1FKl1S5Jk2B5g0Z0tA7jtA3IuG0=,hB/PwaAg0w1MeiHOrOfuvoniTRc=
1,11,1FKl1S5Jk2B5g0Z0tA7jtA3IuG0=,kFYV9NNAnnNh9NRK/omIsOaO5bM=
2,12,1FKl1S5Jk2B5g0Z0tA7jtA3IuG0=,AseeQdaFfEHj99/AGAvAqMZUHgU=
2,6,1FKl1S5Jk2B5g0Z0tA7jtA3IuG0=,hB/PwaAg0w1MeiHOrOfuvoniTRc=
3,10,1FKl1S5Jk2B5g0Z0tA7jtA3IuG0=,kFYV9NNAnnNh9NRK/omIsOaO5bM=
2,9,1FKl1S5Jk2B5g0Z0tA7jtA3IuG0=,kFYV9NNAnnNh9NRK/omIsOaO5bM=
3,11,1FKl1S5Jk2B5g0Z0tA7jtA3IuG0=,kFYV9NNAnnNh9NRK/omIsOaO5bM=
2,11,1FKl1S5Jk2B5g0Z0tA7jtA3IuG0=,kFYV9NNAnnNh9NRK/omIsOaO5bM=
3,9,1FKl1S5Jk2B5g0Z0tA7jtA3IuG0=,kFYV9NNAnnNh9NRK/omIsOaO5bM=
2,10,1FKl1S5Jk2B5g0Z0tA7jtA3IuG0=,kFYV9NNAnnNh9NRK/omIsOaO5bM=
4,12,1FKl1S5Jk2B5g0Z0tA7jtA3IuG0=,duq3whctSoQQtX1BlF5kdbvVv18=
4,11,1FKl1S5Jk2B5g0Z0tA7jtA3IuG0=,jhxkriLdRdOEYUGqW45/VbyBaKI=
3,6,1FKl1S5Jk2B5g0Z0tA7jtA3IuG0=,hB/PwaAg0w1MeiHOrOfuvoniTRc=
7,7,1FKl1S5Jk2B5g0Z0tA7jtA3IuG0=,5jAs+a3TJKTdBCARLB+jmdEtB1c=
3,5,1FKl1S5Jk2B5g0Z0tA7jtA3IuG0=,hB/PwaAg0w1MeiHOrOfuvoniTRc=
4,5,1FKl1S5Jk2B5g0Z0tA7jtA3IuG0=,5jAs+a3TJKTdBCARLB+jmdEtB1c=
7,8,1FKl1S5Jk2B5g0Z0tA7jtA3IuG0=,jhxkriLdRdOEYUGqW45/VbyBaKI=
6,7,1FKl1S5Jk2B5g0Z0tA7jtA3IuG0=,5jAs+a3TJKTdBCARLB+jmdEtB1c=
5,7,1FKl1S5Jk2B5g0Z0tA7jtA3IuG0=,5jAs+a3TJKTdBCARLB+jmdEtB1c=
3,8,1FKl1S5Jk2B5g0Z0tA7jtA3IuG0=,kFYV9NNAnnNh9NRK/omIsOaO5bM=
8,5,1FKl1S5Jk2B5g0Z0tA7jtA3IuG0=,trduDl1GFXHSMQbpVknp+AAP3p4=
4,7,1FKl1S5Jk2B5g0Z0tA7jtA3IuG0=,5jAs+a3TJKTdBCARLB+jmdEtB1c=
7,6,1FKl1S5Jk2B5g0Z0tA7jtA3IuG0=,5jAs+a3TJKTdBCARLB+jmdEtB1c=
5,8,1FKl1S5Jk2B5g0Z0tA7jtA3IuG0=,jhxkriLdRdOEYUGqW45/VbyBaKI=
4,8,1FKl1S5Jk2B5g0Z0tA7jtA3IuG0=,jhxkriLdRdOEYUGqW45/VbyBaKI=
5,5,1FKl1S5Jk2B5g0Z0tA7jtA3IuG0=,5jAs+a3TJKTdBCARLB+jmdEtB1c=
6,6,1FKl1S5Jk2B5g0Z0tA7jtA3IuG0=,5jAs+a3TJKTdBCARLB+jmdEtB1c=
5,6,1FKl1S5Jk2B5g0Z0tA7jtA3IuG0=,5jAs+a3TJKTdBCARLB+jmdEtB1c=
4,6,1FKl1S5Jk2B5g0Z0tA7jtA3IuG0=,5jAs+a3TJKTdBCARLB+jmdEtB1c=
3,7,1FKl1S5Jk2B5g0Z0tA7jtA3IuG0=,hB/PwaAg0w1MeiHOrOfuvoniTRc=
7,5,1FKl1S5Jk2B5g0Z0tA7jtA3IuG0=,5jAs+a3TJKTdBCARLB+jmdEtB1c=
8,6,1FKl1S5Jk2B5g0Z0tA7jtA3IuG0=,trduDl1GFXHSMQbpVknp+AAP3p4=
8,8,1FKl1S5Jk2B5g0Z0tA7jtA3IuG0=,caFKZp4Q9BuN1+lU7l6p1/CCET0=
6,5,1FKl1S5Jk2B5g0Z0tA7jtA3IuG0=,5jAs+a3TJKTdBCARLB+jmdEtB1c=
6,8,1FKl1S5Jk2B5g0Z0tA7jtA3IuG0=,jhxkriLdRdOEYUGqW45/VbyBaKI=
8,7,1FKl1S5Jk2B5g0Z0tA7jtA3IuG0=,trduDl1GFXHSMQbpVknp+AAP3p4=
10,0,1FKl1S5Jk2B5g0Z0tA7jtA3IuG0=,2XRvW1Upl9xZGjysNxqTHcwhAYo=
9,0,1FKl1S5Jk2B5g0Z0tA7jtA3IuG0=,2XRvW1Upl9xZGjysNxqTHcwhAYo=
0,5,1FKl1S5Jk2B5g0Z0tA7jtA3IuG0=,hB/PwaAg0w1MeiHOrOfuvoniTRc=
0,6,1FKl1S5Jk2B5g0Z0tA7jtA3IuG0=,hB/PwaAg0w1MeiHOrOfuvoniTRc=
0,14,1FKl1S5Jk2B5g0Z0tA7jtA3IuG0=,AseeQdaFfEHj99/AGAvAqMZUHgU=
0,12,1FKl1S5Jk2B5g0Z0tA7jtA3IuG0=,AseeQdaFfEHj99/AGAvAqMZUHgU=
0,8,1FKl1S5Jk2B5g0Z0tA7jtA3IuG0=,kFYV9NNAnnNh9NRK/omIsOaO5bM=
0,13,1FKl1S5Jk2B5g0Z0tA7jtA3IuG0=,AseeQdaFfEHj99/AGAvAqMZUHgU=
0,9,1FKl1S5Jk2B5g0Z0tA7jtA3IuG0=,kFYV9NNAnnNh9NRK/omIsOaO5bM=
0,11,1FKl1S5Jk2B5g0Z0tA7jtA3IuG0=,kFYV9NNAnnNh9NRK/omIsOaO5bM=
0,7,1FKl1S5Jk2B5g0Z0tA7jtA3IuG0=,hB/PwaAg0w1MeiHOrOfuvoniTRc=
0,10,1FKl1S5Jk2B5g0Z0tA7jtA3IuG0=,kFYV9NNAnnNh9NRK/omIsOaO5bM=
0,2,1FKl1S5Jk2B5g0Z0tA7jtA3IuG0=,khw1jDODfKy6SphG3x4QeVaBJu0=
2,4,1FKl1S5Jk2B5g0Z0tA7jtA3IuG0=,hB/PwaAg0w1MeiHOrOfuvoniTRc=
1,2,1FKl1S5Jk2B5g0Z0tA7jtA3IuG0=,khw1jDODfKy6SphG3x4QeVaBJu0=
0,4,1FKl1S5Jk2B5g0Z0tA7jtA3IuG0=,hB/PwaAg0w1MeiHOrOfuvoniTRc=
2,3,1FKl1S5Jk2B5g0Z0tA7jtA3IuG0=,khw1jDODfKy6SphG3x4QeVaBJu0=
1,1,1FKl1S5Jk2B5g0Z0tA7jtA3IuG0=,khw1jDODfKy6SphG3x4QeVaBJu0=
2,1,1FKl1S5Jk2B5g0Z0tA7jtA3IuG0=,khw1jDODfKy6SphG3x4QeVaBJu0=
0,1,1FKl1S5Jk2B5g0Z0tA7jtA3IuG0=,khw1jDODfKy6SphG3x4QeVaBJu0=
1,0,1FKl1S5Jk2B5g0Z0tA7jtA3IuG0=,khw1jDODfKy6SphG3x4QeVaBJu0=
2,0,1FKl1S5Jk2B5g0Z0tA7jtA3IuG0=,khw1jDODfKy6SphG3x4QeVaBJu0=
1,4,1FKl1S5Jk2B5g0Z0tA7jtA3IuG0=,hB/PwaAg0w1MeiHOrOfuvoniTRc=
0,3,1FKl1S5Jk2B5g0Z0tA7jtA3IuG0=,khw1jDODfKy6SphG3x4QeVaBJu0=
1,3,1FKl1S5Jk2B5g0Z0tA7jtA3IuG0=,khw1jDODfKy6SphG3x4QeVaBJu0=
7,4,1FKl1S5Jk2B5g0Z0tA7jtA3IuG0=,5jAs+a3TJKTdBCARLB+jmdEtB1c=
2,2,1FKl1S5Jk2B5g0Z0tA7jtA3IuG0=,khw1jDODfKy6SphG3x4QeVaBJu0=
6,0,1FKl1S5Jk2B5g0Z0tA7jtA3IuG0=,1QqT+Knb4lWcukQqMK0quxIBziE=
7,0,1FKl1S5Jk2B5g0Z0tA7jtA3IuG0=,1QqT+Knb4lWcukQqMK0quxIBziE=
4,3,1FKl1S5Jk2B5g0Z0tA7jtA3IuG0=,1QqT+Knb4lWcukQqMK0quxIBziE=
5,0,1FKl1S5Jk2B5g0Z0tA7jtA3IuG0=,1QqT+Knb4lWcukQqMK0quxIBziE=
7,2,1FKl1S5Jk2B5g0Z0tA7jtA3IuG0=,1QqT+Knb4lWcukQqMK0quxIBziE=
8,1,1FKl1S5Jk2B5g0Z0tA7jtA3IuG0=,2XRvW1Upl9xZGjysNxqTHcwhAYo=
6,2,1FKl1S5Jk2B5g0Z0tA7jtA3IuG0=,1QqT+Knb4lWcukQqMK0quxIBziE=
3,1,1FKl1S5Jk2B5g0Z0tA7jtA3IuG0=,khw1jDODfKy6SphG3x4QeVaBJu0=
5,2,1FKl1S5Jk2B5g0Z0tA7jtA3IuG0=,1QqT+Knb4lWcukQqMK0quxIBziE=
3,0,1FKl1S5Jk2B5g0Z0tA7jtA3IuG0=,khw1jDODfKy6SphG3x4QeVaBJu0=
4,0,1FKl1S5Jk2B5g0Z0tA7jtA3IuG0=,1QqT+Knb4lWcukQqMK0quxIBziE=
6,4,1FKl1S5Jk2B5g0Z0tA7jtA3IuG0=,5jAs+a3TJKTdBCARLB+jmdEtB1c=
8,4,1FKl1S5Jk2B5g0Z0tA7jtA3IuG0=,trduDl1GFXHSMQbpVknp+AAP3p4=
3,3,1FKl1S5Jk2B5g0Z0tA7jtA3IuG0=,khw1jDODfKy6SphG3x4QeVaBJu0=
5,4,1FKl1S5Jk2B5g0Z0tA7jtA3IuG0=,5jAs+a3TJKTdBCARLB+jmdEtB1c=
4,2,1FKl1S5Jk2B5g0Z0tA7jtA3IuG0=,1QqT+Knb4lWcukQqMK0quxIBziE=
8,2,1FKl1S5Jk2B5g0Z0tA7jtA3IuG0=,2XRvW1Upl9xZGjysNxqTHcwhAYo=
7,1,1FKl1S5Jk2B5g0Z0tA7jtA3IuG0=,1QqT+Knb4lWcukQqMK0quxIBziE=
3,4,1FKl1S5Jk2B5g0Z0tA7jtA3IuG0=,hB/PwaAg0w1MeiHOrOfuvoniTRc=
5,3,1FKl1S5Jk2B5g0Z0tA7jtA3IuG0=,1QqT+Knb4lWcukQqMK0quxIBziE=
3,2,1FKl1S5Jk2B5g0Z0tA7jtA3IuG0=,khw1jDODfKy6SphG3x4QeVaBJu0=
8,3,1FKl1S5Jk2B5g0Z0tA7jtA3IuG0=,2XRvW1Upl9xZGjysNxqTHcwhAYo=
5,1,1FKl1S5Jk2B5g0Z0tA7jtA3IuG0=,1QqT+Knb4lWcukQqMK0quxIBziE=
4,1,1FKl1S5Jk2B5g0Z0tA7jtA3IuG0=,1QqT+Knb4lWcukQqMK0quxIBziE=
4,4,1FKl1S5Jk2B5g0Z0tA7jtA3IuG0=,5jAs+a3TJKTdBCARLB+jmdEtB1c=
8,0,1FKl1S5Jk2B5g0Z0tA7jtA3IuG0=,2XRvW1Upl9xZGjysNxqTHcwhAYo=
6,1,1FKl1S5Jk2B5g0Z0tA7jtA3IuG0=,1QqT+Knb4lWcukQqMK0quxIBziE=
7,3,1FKl1S5Jk2B5g0Z0tA7jtA3IuG0=,1QqT+Knb4lWcukQqMK0quxIBziE=
1,15,1FKl1S5Jk2B5g0Z0tA7jtA3IuG0=,AseeQdaFfEHj99/AGAvAqMZUHgU=
2,15,1FKl1S5Jk2B5g0Z0tA7jtA3IuG0=,AseeQdaFfEHj99/AGAvAqMZUHgU=
6,3,1FKl1S5Jk2B5g0Z0tA7jtA3IuG0=,1QqT+Knb4lWcukQqMK0quxIBziE=
3,15,1FKl1S5Jk2B5g0Z0tA7jtA3IuG0=,AseeQdaFfEHj99/AGAvAqMZUHgU=
5,15,1FKl1S5Jk2B5g0Z0tA7jtA3IuG0=,duq3whctSoQQtX1BlF5kdbvVv18=
4,15,1FKl1S5Jk2B5g0Z0tA7jtA3IuG0=,duq3whctSoQQtX1BlF5kdbvVv18=
6,15,1FKl1S5Jk2B5g0Z0tA7jtA3IuG0=,duq3whctSoQQtX1BlF5kdbvVv18=
7,15,1FKl1S5Jk2B5g0Z0tA7jtA3IuG0=,duq3whctSoQQtX1BlF5kdbvVv18=
9,15,1FKl1S5Jk2B5g0Z0tA7jtA3IuG0=,JPfT/GNeCxd2N1r2reHfXrN0EGI=
8,15,1FKl1S5Jk2B5g0Z0tA7jtA3IuG0=,JPfT/GNeCxd2N1r2reHfXrN0EGI=
11,15,1FKl1S5Jk2B5g0Z0tA7jtA3IuG0=,JPfT/GNeCxd2N1r2reHfXrN0EGI=
10,15,1FKl1S5Jk2B5g0Z0tA7jtA3IuG0=,JPfT/GNeCxd2N1r2reHfXrN0EGI=
15,14,1FKl1S5Jk2B5g0Z0tA7jtA3IuG0=,Hbphy13tqtyD0JVpwCOoUHSCsuA=
13,15,1FKl1S5Jk2B5g0Z0tA7jtA3IuG0=,Hbphy13tqtyD0JVpwCOoUHSCsuA=
15,13,1FKl1S5Jk2B5g0Z0tA7jtA3IuG0=,Hbphy13tqtyD0JVpwCOoUHSCsuA=
14,15,1FKl1S5Jk2B5g0Z0tA7jtA3IuG0=,Hbphy13tqtyD0JVpwCOoUHSCsuA=
12,15,1FKl1S5Jk2B5g0Z0tA7jtA3IuG0=,Hbphy13tqtyD0JVpwCOoUHSCsuA=
15,12,1FKl1S5Jk2B5g0Z0tA7jtA3IuG0=,Hbphy13tqtyD0JVpwCOoUHSCsuA=
15,11,1FKl1S5Jk2B5g0Z0tA7jtA3IuG0=,72K+O0YrzOf6qgr1dVsq38/UvGM=
15,9,1FKl1S5Jk2B5g0Z0tA7jtA3IuG0=,72K+O0YrzOf6qgr1dVsq38/UvGM=
15,10,1FKl1S5Jk2B5g0Z0tA7jtA3IuG0=,72K+O0YrzOf6qgr1dVsq38/UvGM=
15,6,1FKl1S5Jk2B5g0Z0tA7jtA3IuG0=,p7guXpj/BRqgtCx783cZ/FetcJw=
15,8,1FKl1S5Jk2B5g0Z0tA7jtA3IuG0=,72K+O0YrzOf6qgr1dVsq38/UvGM=
15,5,1FKl1S5Jk2B5g0Z0tA7jtA3IuG0=,p7guXpj/BRqgtCx783cZ/FetcJw=
15,7,1FKl1S5Jk2B5g0Z0tA7jtA3IuG0=,p7guXpj/BRqgtCx783cZ/FetcJw=
12,0,1FKl1S5Jk2B5g0Z0tA7jtA3IuG0=,yeQnlQZvSbdOVlmZNA706FFOzAk=
11,0,1FKl1S5Jk2B5g0Z0tA7jtA3IuG0=,2XRvW1Upl9xZGjysNxqTHcwhAYo=
15,4,1FKl1S5Jk2B5g0Z0tA7jtA3IuG0=,p7guXpj/BRqgtCx783cZ/FetcJw=
14,0,1FKl1S5Jk2B5g0Z0tA7jtA3IuG0=,yeQnlQZvSbdOVlmZNA706FFOzAk=
15,3,1FKl1S5Jk2B5g0Z0tA7jtA3IuG0=,yeQnlQZvSbdOVlmZNA706FFOzAk=
13,0,1FKl1S5Jk2B5g0Z0tA7jtA3IuG0=,yeQnlQZvSbdOVlmZNA706FFOzAk=
15,2,1FKl1S5Jk2B5g0Z0tA7jtA3IuG0=,yeQnlQZvSbdOVlmZNA706FFOzAk=
15,1,1FKl1S5Jk2B5g0Z0tA7jtA3IuG0=,yeQnlQZvSbdOVlmZNA706FFOzAk=
15,0,1FKl1S5Jk2B5g0Z0tA7jtA3IuG0=,yeQnlQZvSbdOVlmZNA706FFOzAk=
15,15,1FKl1S5Jk2B5g0Z0tA7jtA3IuG0=,Hbphy13tqtyD0JVpwCOoUHSCsuA=
0,0,1FKl1S5Jk2B5g0Z0tA7jtA3IuG0=,khw1jDODfKy6SphG3x4QeVaBJu0=
0,15,1FKl1S5Jk2B5g0Z0tA7jtA3IuG0=,AseeQdaFfEHj99/AGAvAqMZUHgU=
5,21,1FKl1S5Jk2B5g0Z0tA7jtA3IuG0=,m1kKQDgDkABysmh3dhwGs4R62V4=
6,22,1FKl1S5Jk2B5g0Z0tA7jtA3IuG0=,m1kKQDgDkABysmh3dhwGs4R62V4=
5,22,1FKl1S5Jk2B5g0Z0tA7jtA3IuG0=,m1kKQDgDkABysmh3dhwGs4R62V4=
6,21,1FKl1S5Jk2B5g0Z0tA7jtA3IuG0=,m1kKQDgDkABysmh3dhwGs4R62V4=
5,19,1FKl1S5Jk2B5g0Z0tA7jtA3IuG0=,AOwqff1Em/XoTSNc2XsfAf/zhu8=
6,18,1FKl1S5Jk2B5g0Z0tA7jtA3IuG0=,AOwqff1Em/XoTSNc2XsfAf/zhu8=
5,18,1FKl1S5Jk2B5g0Z0tA7jtA3IuG0=,AOwqff1Em/XoTSNc2XsfAf/zhu8=
6,20,1FKl1S5Jk2B5g0Z0tA7jtA3IuG0=,m1kKQDgDkABysmh3dhwGs4R62V4=
5,17,1FKl1S5Jk2B5g0Z0tA7jtA3IuG0=,AOwqff1Em/XoTSNc2XsfAf/zhu8=
5,20,1FKl1S5Jk2B5g0Z0tA7jtA3IuG0=,m1kKQDgDkABysmh3dhwGs4R62V4=
6,19,1FKl1S5Jk2B5g0Z0tA7jtA3IuG0=,AOwqff1Em/XoTSNc2XsfAf/zhu8=
6,17,1FKl1S5Jk2B5g0Z0tA7jtA3IuG0=,AOwqff1Em/XoTSNc2XsfAf/zhu8=
4,22,nd3tmOhS1ZSfFjmPa3mjGpKZDvQ=,m1kKQDgDkABysmh3dhwGs4R62V4=
4,21,nd3tmOhS1ZSfFjmPa3mjGpKZDvQ=,m1kKQDgDkABysmh3dhwGs4R62V4=
7,22,nd3tmOhS1ZSfFjmPa3mjGpKZDvQ=,m1kKQDgDkABysmh3dhwGs4R62V4=
7,21,nd3tmOhS1ZSfFjmPa3mjGpKZDvQ=,m1kKQDgDkABysmh3dhwGs4R62V4=
2,21,nd3tmOhS1ZSfFjmPa3mjGpKZDvQ=,gvWdvVwwLppWY49rIdhp92lW+sc=
9,22,nd3tmOhS1ZSfFjmPa3mjGpKZDvQ=,vAaZoCH0dllt2ragmsI95k6bWfk=
10,22,nd3tmOhS1ZSfFjmPa3mjGpKZDvQ=,vAaZoCH0dllt2ragmsI95k6bWfk=
1,22,nd3tmOhS1ZSfFjmPa3mjGpKZDvQ=,gvWdvVwwLppWY49rIdhp92lW+sc=
3,21,nd3tmOhS1ZSfFjmPa3mjGpKZDvQ=,gvWdvVwwLppWY49rIdhp92lW+sc=
8,21,nd3tmOhS1ZSfFjmPa3mjGpKZDvQ=,vAaZoCH0dllt2ragmsI95k6bWfk=
8,22,nd3tmOhS1ZSfFjmPa3mjGpKZDvQ=,vAaZoCH0dllt2ragmsI95k6bWfk=
3,22,nd3tmOhS1ZSfFjmPa3mjGpKZDvQ=,gvWdvVwwLppWY49rIdhp92lW+sc=
1,21,nd3tmOhS1ZSfFjmPa3mjGpKZDvQ=,gvWdvVwwLppWY49rIdhp92lW+sc=
2,22,nd3tmOhS1ZSfFjmPa3mjGpKZDvQ=,gvWdvVwwLppWY49rIdhp92lW+sc=
9,21,nd3tmOhS1ZSfFjmPa3mjGpKZDvQ=,vAaZoCH0dllt2ragmsI95k6bWfk=
4,19,nd3tmOhS1ZSfFjmPa3mjGpKZDvQ=,AOwqff1Em/XoTSNc2XsfAf/zhu8=
4,20,nd3tmOhS1ZSfFjmPa3mjGpKZDvQ=,m1kKQDgDkABysmh3dhwGs4R62V4=
3,18,nd3tmOhS1ZSfFjmPa3mjGpKZDvQ=,TrhDEA6TtURguP0kRTcAxfmUxvA=
10,21,nd3tmOhS1ZSfFjmPa3mjGpKZDvQ=,vAaZoCH0dllt2ragmsI95k6bWfk=
1,17,nd3tmOhS1ZSfFjmPa3mjGpKZDvQ=,TrhDEA6TtURguP0kRTcAxfmUxvA=
3,19,nd3tmOhS1ZSfFjmPa3mjGpKZDvQ=,TrhDEA6TtURguP0kRTcAxfmUxvA=
3,20,nd3tmOhS1ZSfFjmPa3mjGpKZDvQ=,gvWdvVwwLppWY49rIdhp92lW+sc=
2,19,nd3tmOhS1ZSfFjmPa3mjGpKZDvQ=,TrhDEA6TtURguP0kRTcAxfmUxvA=
4,18,nd3tmOhS1ZSfFjmPa3mjGpKZDvQ=,AOwqff1Em/XoTSNc2XsfAf/zhu8=
2,17,nd3tmOhS1ZSfFjmPa3mjGpKZDvQ=,TrhDEA6TtURguP0kRTcAxfmUxvA=
3,17,nd3tmOhS1ZSfFjmPa3mjGpKZDvQ=,TrhDEA6TtURguP0kRTcAxfmUxvA=
1,18,nd3tmOhS1ZSfFjmPa3mjGpKZDvQ=,TrhDEA6TtURguP0kRTcAxfmUxvA=
2,18,nd3tmOhS1ZSfFjmPa3mjGpKZDvQ=,TrhDEA6TtURguP0kRTcAxfmUxvA=
4,17,nd3tmOhS1ZSfFjmPa3mjGpKZDvQ=,AOwqff1Em/XoTSNc2XsfAf/zhu8=
2,20,nd3tmOhS1ZSfFjmPa3mjGpKZDvQ=,gvWdvVwwLppWY49rIdhp92lW+sc=
1,20,nd3tmOhS1ZSfFjmPa3mjGpKZDvQ=,gvWdvVwwLppWY49rIdhp92lW+sc=
1,19,nd3tmOhS1ZSfFjmPa3mjGpKZDvQ=,TrhDEA6TtURguP0kRTcAxfmUxvA=
7,20,nd3tmOhS1ZSfFjmPa3mjGpKZDvQ=,m1kKQDgDkABysmh3dhwGs4R62V4=
9,18,nd3tmOhS1ZSfFjmPa3mjGpKZDvQ=,WbFsfR7lIEVeHdVpXvAW+dmgvS0=
10,18,nd3tmOhS1ZSfFjmPa3mjGpKZDvQ=,WbFsfR7lIEVeHdVpXvAW+dmgvS0=
8,19,nd3tmOhS1ZSfFjmPa3mjGpKZDvQ=,WbFsfR7lIEVeHdVpXvAW+dmgvS0=
7,17,nd3tmOhS1ZSfFjmPa3mjGpKZDvQ=,AOwqff1Em/XoTSNc2XsfAf/zhu8=
10,17,nd3tmOhS1ZSfFjmPa3mjGpKZDvQ=,WbFsfR7lIEVeHdVpXvAW+dmgvS0=
7,18,nd3tmOhS1ZSfFjmPa3mjGpKZDvQ=,AOwqff1Em/XoTSNc2XsfAf/zhu8=
10,20,nd3tmOhS1ZSfFjmPa3mjGpKZDvQ=,vAaZoCH0dllt2ragmsI95k6bWfk=
8,18,nd3tmOhS1ZSfFjmPa3mjGpKZDvQ=,WbFsfR7lIEVeHdVpXvAW+dmgvS0=
9,19,nd3tmOhS1ZSfFjmPa3mjGpKZDvQ=,WbFsfR7lIEVeHdVpXvAW+dmgvS0=
8,20,nd3tmOhS1ZSfFjmPa3mjGpKZDvQ=,vAaZoCH0dllt2ragmsI95k6bWfk=
9,20,nd3tmOhS1ZSfFjmPa3mjGpKZDvQ=,vAaZoCH0dllt2ragmsI95k6bWfk=
7,19,nd3tmOhS1ZSfFjmPa3mjGpKZDvQ=,AOwqff1Em/XoTSNc2XsfAf/zhu8=
10,19,nd3tmOhS1ZSfFjmPa3mjGpKZDvQ=,WbFsfR7lIEVeHdVpXvAW+dmgvS0=
9,17,nd3tmOhS1ZSfFjmPa3mjGpKZDvQ=,WbFsfR7lIEVeHdVpXvAW+dmgvS0=
8,17,nd3tmOhS1ZSfFjmPa3mjGpKZDvQ=,WbFsfR7lIEVeHdVpXvAW+dmgvS0=
10,26,nd3tmOhS1ZSfFjmPa3mjGpKZDvQ=,fm1tvDbnsjmHHf+92cH3pBxnyIQ=
10,25,nd3tmOhS1ZSfFjmPa3mjGpKZDvQ=,fm1tvDbnsjmHHf+92cH3pBxnyIQ=
10,24,nd3tmOhS1ZSfFjmPa3mjGpKZDvQ=,fm1tvDbnsjmHHf+92cH3pBxnyIQ=
9,23,nd3tmOhS1ZSfFjmPa3mjGpKZDvQ=,vAaZoCH0dllt2ragmsI95k6bWfk=
9,26,nd3tmOhS1ZSfFjmPa3mjGpKZDvQ=,fm1tvDbnsjmHHf+92cH3pBxnyIQ=
10,23,nd3tmOhS1ZSfFjmPa3mjGpKZDvQ=,vAaZoCH0dllt2ragmsI95k6bWfk=
9,25,nd3tmOhS1ZSfFjmPa3mjGpKZDvQ=,fm1tvDbnsjmHHf+92cH3pBxnyIQ=
9,24,nd3tmOhS1ZSfFjmPa3mjGpKZDvQ=,fm1tvDbnsjmHHf+92cH3pBxnyIQ=
13,29,nd3tmOhS1ZSfFjmPa3mjGpKZDvQ=,pVYKbNaIT0L9MRzjXo3bJEOYHKU=
13,30,nd3tmOhS1ZSfFjmPa3mjGpKZDvQ=,pVYKbNaIT0L9MRzjXo3bJEOYHKU=
14,30,nd3tmOhS1ZSfFjmPa3mjGpKZDvQ=,pVYKbNaIT0L9MRzjXo3bJEOYHKU=
14,29,nd3tmOhS1ZSfFjmPa3mjGpKZDvQ=,pVYKbNaIT0L9MRzjXo3bJEOYHKU=
12,30,nd3tmOhS1ZSfFjmPa3mjGpKZDvQ=,pVYKbNaIT0L9MRzjXo3bJEOYHKU=
9,27,nd3tmOhS1ZSfFjmPa3mjGpKZDvQ=,fm1tvDbnsjmHHf+92cH3pBxnyIQ=
12,29,nd3tmOhS1ZSfFjmPa3mjGpKZDvQ=,pVYKbNaIT0L9MRzjXo3bJEOYHKU=
9,28,nd3tmOhS1ZSfFjmPa3mjGpKZDvQ=,EnK1vqX1D6oM8/1ys2SL681ZTXA=
9,29,nd3tmOhS1ZSfFjmPa3mjGpKZDvQ=,EnK1vqX1D6oM8/1ys2SL681ZTXA=
10,27,nd3tmOhS1ZSfFjmPa3mjGpKZDvQ=,fm1tvDbnsjmHHf+92cH3pBxnyIQ=
11,30,nd3tmOhS1ZSfFjmPa3mjGpKZDvQ=,EnK1vqX1D6oM8/1ys2SL681ZTXA=
10,28,nd3tmOhS1ZSfFjmPa3mjGpKZDvQ=,EnK1vqX1D6oM8/1ys2SL681ZTXA=
10,29,nd3tmOhS1ZSfFjmPa3mjGpKZDvQ=,EnK1vqX1D6oM8/1ys2SL681ZTXA=
9,30,nd3tmOhS1ZSfFjmPa3mjGpKZDvQ=,EnK1vqX1D6oM8/1ys2SL681ZTXA=
11,29,nd3tmOhS1ZSfFjmPa3mjGpKZDvQ=,EnK1vqX1D6oM8/1ys2SL681ZTXA=
10,30,nd3tmOhS1ZSfFjmPa3mjGpKZDvQ=,EnK1vqX1D6oM8/1ys2SL681ZTXA=
11,26,nd3tmOhS1ZSfFjmPa3mjGpKZDvQ=,fm1tvDbnsjmHHf+92cH3pBxnyIQ=
11,25,nd3tmOhS1ZSfFjmPa3mjGpKZDvQ=,fm1tvDbnsjmHHf+92cH3pBxnyIQ=
14,26,nd3tmOhS1ZSfFjmPa3mjGpKZDvQ=,MfBbykfdbhq0Gy91a2f+e6nT0RU=
12,27,nd3tmOhS1ZSfFjmPa3mjGpKZDvQ=,MfBbykfdbhq0Gy91a2f+e6nT0RU=
11,27,nd3tmOhS1ZSfFjmPa3mjGpKZDvQ=,fm1tvDbnsjmHHf+92cH3pBxnyIQ=
11,28,nd3tmOhS1ZSfFjmPa3mjGpKZDvQ=,EnK1vqX1D6oM8/1ys2SL681ZTXA=
13,26,nd3tmOhS1ZSfFjmPa3mjGpKZDvQ=,MfBbykfdbhq0Gy91a2f+e6nT0RU=
14,25,nd3tmOhS1ZSfFjmPa3mjGpKZDvQ=,MfBbykfdbhq0Gy91a2f+e6nT0RU=
12,28,nd3tmOhS1ZSfFjmPa3mjGpKZDvQ=,pVYKbNaIT0L9MRzjXo3bJEOYHKU=
13,27,nd3tmOhS1ZSfFjmPa3mjGpKZDvQ=,MfBbykfdbhq0Gy91a2f+e6nT0RU=
12,26,nd3tmOhS1ZSfFjmPa3mjGpKZDvQ=,MfBbykfdbhq0Gy91a2f+e6nT0RU=
13,28,nd3tmOhS1ZSfFjmPa3mjGpKZDvQ=,pVYKbNaIT0L9MRzjXo3bJEOYHKU=
14,28,nd3tmOhS1ZSfFjmPa3mjGpKZDvQ=,pVYKbNaIT0L9MRzjXo3bJEOYHKU=
13,25,nd3tmOhS1ZSfFjmPa3mjGpKZDvQ=,MfBbykfdbhq0Gy91a2f+e6nT0RU=
14,27,nd3tmOhS1ZSfFjmPa3mjGpKZDvQ=,MfBbykfdbhq0Gy91a2f+e6nT0RU=
12,25,nd3tmOhS1ZSfFjmPa3mjGpKZDvQ=,MfBbykfdbhq0Gy91a2f+e6nT0RU=
11,22,nd3tmOhS1ZSfFjmPa3mjGpKZDvQ=,vAaZoCH0dllt2ragmsI95k6bWfk=
14,22,nd3tmOhS1ZSfFjmPa3mjGpKZDvQ=,rQ2bIuxXLIbgSqqebr+ZqbWVKf4=
11,21,nd3tmOhS1ZSfFjmPa3mjGpKZDvQ=,vAaZoCH0dllt2ragmsI95k6bWfk=
12,23,nd3tmOhS1ZSfFjmPa3mjGpKZDvQ=,rQ2bIuxXLIbgSqqebr+ZqbWVKf4=
11,24,nd3tmOhS1ZSfFjmPa3mjGpKZDvQ=,fm1tvDbnsjmHHf+92cH3pBxnyIQ=
13,24,nd3tmOhS1ZSfFjmPa3mjGpKZDvQ=,MfBbykfdbhq0Gy91a2f+e6nT0RU=
14,24,nd3tmOhS1ZSfFjmPa3mjGpKZDvQ=,MfBbykfdbhq0Gy91a2f+e6nT0RU=
12,24,nd3tmOhS1ZSfFjmPa3mjGpKZDvQ=,MfBbykfdbhq0Gy91a2f+e6nT0RU=
8,29,nd3tmOhS1ZSfFjmPa3mjGpKZDvQ=,EnK1vqX1D6oM8/1ys2SL681ZTXA=
13,22,nd3tmOhS1ZSfFjmPa3mjGpKZDvQ=,rQ2bIuxXLIbgSqqebr+ZqbWVKf4=
12,22,nd3tmOhS1ZSfFjmPa3mjGpKZDvQ=,rQ2bIuxXLIbgSqqebr+ZqbWVKf4=
8,30,nd3tmOhS1ZSfFjmPa3mjGpKZDvQ=,EnK1vqX1D6oM8/1ys2SL681ZTXA=
14,21,nd3tmOhS1ZSfFjmPa3mjGpKZDvQ=,rQ2bIuxXLIbgSqqebr+ZqbWVKf4=
5,29,nd3tmOhS1ZSfFjmPa3mjGpKZDvQ=,ND0QT8bDwOb9gUOknim5N7oYDRE=
6,29,nd3tmOhS1ZSfFjmPa3mjGpKZDvQ=,ND0QT8bDwOb9gUOknim5N7oYDRE=
7,29,nd3tmOhS1ZSfFjmPa3mjGpKZDvQ=,ND0QT8bDwOb9gUOknim5N7oYDRE=
11,23,nd3tmOhS1ZSfFjmPa3mjGpKZDvQ=,vAaZoCH0dllt2ragmsI95k6bWfk=
5,30,nd3tmOhS1ZSfFjmPa3mjGpKZDvQ=,ND0QT8bDwOb9gUOknim5N7oYDRE=
12,21,nd3tmOhS1ZSfFjmPa3mjGpKZDvQ=,rQ2bIuxXLIbgSqqebr+ZqbWVKf4=
13,21,nd3tmOhS1ZSfFjmPa3mjGpKZDvQ=,rQ2bIuxXLIbgSqqebr+ZqbWVKf4=
6,30,nd3tmOhS1ZSfFjmPa3mjGpKZDvQ=,ND0QT8bDwOb9gUOknim5N7oYDRE=
7,30,nd3tmOhS1ZSfFjmPa3mjGpKZDvQ=,ND0QT8bDwOb9gUOknim5N7oYDRE=
13,23,nd3tmOhS1ZSfFjmPa3mjGpKZDvQ=,rQ2bIuxXLIbgSqqebr+ZqbWVKf4=
14,23,nd3tmOhS1ZSfFjmPa3mjGpKZDvQ=,rQ2bIuxXLIbgSqqebr+ZqbWVKf4=
11,18,nd3tmOhS1ZSfFjmPa3mjGpKZDvQ=,WbFsfR7lIEVeHdVpXvAW+dmgvS0=
11,20,nd3tmOhS1ZSfFjmPa3mjGpKZDvQ=,vAaZoCH0dllt2ragmsI95k6bWfk=
12,18,nd3tmOhS1ZSfFjmPa3mjGpKZDvQ=,vE6/HSJqG8fKhkFFxUXutsnY5Tw=
14,19,nd3tmOhS1ZSfFjmPa3mjGpKZDvQ=,vE6/HSJqG8fKhkFFxUXutsnY5Tw=
14,18,nd3tmOhS1ZSfFjmPa3mjGpKZDvQ=,vE6/HSJqG8fKhkFFxUXutsnY5Tw=
12,17,nd3tmOhS1ZSfFjmPa3mjGpKZDvQ=,vE6/HSJqG8fKhkFFxUXutsnY5Tw=
14,20,nd3tmOhS1ZSfFjmPa3mjGpKZDvQ=,rQ2bIuxXLIbgSqqebr+ZqbWVKf4=
11,19,nd3tmOhS1ZSfFjmPa3mjGpKZDvQ=,WbFsfR7lIEVeHdVpXvAW+dmgvS0=
13,18,nd3tmOhS1ZSfFjmPa3mjGpKZDvQ=,vE6/HSJqG8fKhkFFxUXutsnY5Tw=
11,17,nd3tmOhS1ZSfFjmPa3mjGpKZDvQ=,WbFsfR7lIEVeHdVpXvAW+dmgvS0=
13,19,nd3tmOhS1ZSfFjmPa3mjGpKZDvQ=,vE6/HSJqG8fKhkFFxUXutsnY5Tw=
12,20,nd3tmOhS1ZSfFjmPa3mjGpKZDvQ=,rQ2bIuxXLIbgSqqebr+ZqbWVKf4=
12,19,nd3tmOhS1ZSfFjmPa3mjGpKZDvQ=,vE6/HSJqG8fKhkFFxUXutsnY5Tw=
14,17,nd3tmOhS1ZSfFjmPa3mjGpKZDvQ=,vE6/HSJqG8fKhkFFxUXutsnY5Tw=
13,20,nd3tmOhS1ZSfFjmPa3mjGpKZDvQ=,rQ2bIuxXLIbgSqqebr+ZqbWVKf4=
13,17,nd3tmOhS1ZSfFjmPa3mjGpKZDvQ=,vE6/HSJqG8fKhkFFxUXutsnY5Tw=
7,24,nd3tmOhS1ZSfFjmPa3mjGpKZDvQ=,EPxvuisai9ZeOc7dqOOsMWD67w4=
6,24,nd3tmOhS1ZSfFjmPa3mjGpKZDvQ=,EPxvuisai9ZeOc7dqOOsMWD67w4=
5,24,nd3tmOhS1ZSfFjmPa3mjGpKZDvQ=,EPxvuisai9ZeOc7dqOOsMWD67w4=
8,25,nd3tmOhS1ZSfFjmPa3mjGpKZDvQ=,fm1tvDbnsjmHHf+92cH3pBxnyIQ=
7,26,nd3tmOhS1ZSfFjmPa3mjGpKZDvQ=,EPxvuisai9ZeOc7dqOOsMWD67w4=
5,26,nd3tmOhS1ZSfFjmPa3mjGpKZDvQ=,EPxvuisai9ZeOc7dqOOsMWD67w4=
5,28,nd3tmOhS1ZSfFjmPa3mjGpKZDvQ=,ND0QT8bDwOb9gUOknim5N7oYDRE=
8,28,nd3tmOhS1ZSfFjmPa3mjGpKZDvQ=,EnK1vqX1D6oM8/1ys2SL681ZTXA=
8,26,nd3tmOhS1ZSfFjmPa3mjGpKZDvQ=,fm1tvDbnsjmHHf+92cH3pBxnyIQ=
6,25,nd3tmOhS1ZSfFjmPa3mjGpKZDvQ=,EPxvuisai9ZeOc7dqOOsMWD67w4=
5,25,nd3tmOhS1ZSfFjmPa3mjGpKZDvQ=,EPxvuisai9ZeOc7dqOOsMWD67w4=
7,28,nd3tmOhS1ZSfFjmPa3mjGpKZDvQ=,ND0QT8bDwOb9gUOknim5N7oYDRE=
7,25,nd3tmOhS1ZSfFjmPa3mjGpKZDvQ=,EPxvuisai9ZeOc7dqOOsMWD67w4=
7,27,nd3tmOhS1ZSfFjmPa3mjGpKZDvQ=,EPxvuisai9ZeOc7dqOOsMWD67w4=
7,23,nd3tmOhS1ZSfFjmPa3mjGpKZDvQ=,m1kKQDgDkABysmh3dhwGs4R62V4=
6,26,nd3tmOhS1ZSfFjmPa3mjGpKZDvQ=,EPxvuisai9ZeOc7dqOOsMWD67w4=
8,24,nd3tmOhS1ZSfFjmPa3mjGpKZDvQ=,fm1tvDbnsjmHHf+92cH3pBxnyIQ=
6,23,nd3tmOhS1ZSfFjmPa3mjGpKZDvQ=,m1kKQDgDkABysmh3dhwGs4R62V4=
5,23,nd3tmOhS1ZSfFjmPa3mjGpKZDvQ=,m1kKQDgDkABysmh3dhwGs4R62V4=
6,28,nd3tmOhS1ZSfFjmPa3mjGpKZDvQ=,ND0QT8bDwOb9gUOknim5N7oYDRE=
8,27,nd3tmOhS1ZSfFjmPa3mjGpKZDvQ=,fm1tvDbnsjmHHf+92cH3pBxnyIQ=
8,23,nd3tmOhS1ZSfFjmPa3mjGpKZDvQ=,vAaZoCH0dllt2ragmsI95k6bWfk=
3,24,nd3tmOhS1ZSfFjmPa3mjGpKZDvQ=,pAIOqvDDp2Nntt0Yj7UcBPJaKsw=
6,27,nd3tmOhS1ZSfFjmPa3mjGpKZDvQ=,EPxvuisai9ZeOc7dqOOsMWD67w4=
5,27,nd3tmOhS1ZSfFjmPa3mjGpKZDvQ=,EPxvuisai9ZeOc7dqOOsMWD67w4=
2,24,nd3tmOhS1ZSfFjmPa3mjGpKZDvQ=,pAIOqvDDp2Nntt0Yj7UcBPJaKsw=
3,25,nd3tmOhS1ZSfFjmPa3mjGpKZDvQ=,pAIOqvDDp2Nntt0Yj7UcBPJaKsw=
2,25,nd3tmOhS1ZSfFjmPa3mjGpKZDvQ=,pAIOqvDDp2Nntt0Yj7UcBPJaKsw=
3,26,nd3tmOhS1ZSfFjmPa3mjGpKZDvQ=,pAIOqvDDp2Nntt0Yj7UcBPJaKsw=
2,23,nd3tmOhS1ZSfFjmPa3mjGpKZDvQ=,gvWdvVwwLppWY49rIdhp92lW+sc=
4,23,nd3tmOhS1ZSfFjmPa3mjGpKZDvQ=,m1kKQDgDkABysmh3dhwGs4R62V4=
3,23,nd3tmOhS1ZSfFjmPa3mjGpKZDvQ=,gvWdvVwwLppWY49rIdhp92lW+sc=
2,26,nd3tmOhS1ZSfFjmPa3mjGpKZDvQ=,pAIOqvDDp2Nntt0Yj7UcBPJaKsw=
4,25,nd3tmOhS1ZSfFjmPa3mjGpKZDvQ=,EPxvuisai9ZeOc7dqOOsMWD67w4=
4,26,nd3tmOhS1ZSfFjmPa3mjGpKZDvQ=,EPxvuisai9ZeOc7dqOOsMWD67w4=
4,24,nd3tmOhS1ZSfFjmPa3mjGpKZDvQ=,EPxvuisai9ZeOc7dqOOsMWD67w4=
1,24,nd3tmOhS1ZSfFjmPa3mjGpKZDvQ=,pAIOqvDDp2Nntt0Yj7UcBPJaKsw=
1,23,nd3tmOhS1ZSfFjmPa3mjGpKZDvQ=,gvWdvVwwLppWY49rIdhp92lW+sc=
1,26,nd3tmOhS1ZSfFjmPa3mjGpKZDvQ=,pAIOqvDDp2Nntt0Yj7UcBPJaKsw=
1,25,nd3tmOhS1ZSfFjmPa3mjGpKZDvQ=,pAIOqvDDp2Nntt0Yj7UcBPJaKsw=
0,25,nd3tmOhS1ZSfFjmPa3mjGpKZDvQ=,pAIOqvDDp2Nntt0Yj7UcBPJaKsw=
3,28,nd3tmOhS1ZSfFjmPa3mjGpKZDvQ=,pPS47MBBWsrDNc6IEEUw91rLnF8=
0,26,nd3tmOhS1ZSfFjmPa3mjGpKZDvQ=,pAIOqvDDp2Nntt0Yj7UcBPJaKsw=
4,27,nd3tmOhS1ZSfFjmPa3mjGpKZDvQ=,EPxvuisai9ZeOc7dqOOsMWD67w4=
3,27,nd3tmOhS1ZSfFjmPa3mjGpKZDvQ=,pAIOqvDDp2Nntt0Yj7UcBPJaKsw=
3,30,nd3tmOhS1ZSfFjmPa3mjGpKZDvQ=,pPS47MBBWsrDNc6IEEUw91rLnF8=
4,28,nd3tmOhS1ZSfFjmPa3mjGpKZDvQ=,ND0QT8bDwOb9gUOknim5N7oYDRE=
3,29,nd3tmOhS1ZSfFjmPa3mjGpKZDvQ=,pPS47MBBWsrDNc6IEEUw91rLnF8=
2,30,nd3tmOhS1ZSfFjmPa3mjGpKZDvQ=,pPS47MBBWsrDNc6IEEUw91rLnF8=
1,27,nd3tmOhS1ZSfFjmPa3mjGpKZDvQ=,pAIOqvDDp2Nntt0Yj7UcBPJaKsw=
2,27,nd3tmOhS1ZSfFjmPa3mjGpKZDvQ=,pAIOqvDDp2Nntt0Yj7UcBPJaKsw=
4,30,nd3tmOhS1ZSfFjmPa3mjGpKZDvQ=,ND0QT8bDwOb9gUOknim5N7oYDRE=
2,28,nd3tmOhS1ZSfFjmPa3mjGpKZDvQ=,pPS47MBBWsrDNc6IEEUw91rLnF8=
1,30,nd3tmOhS1ZSfFjmPa3mjGpKZDvQ=,pPS47MBBWsrDNc6IEEUw91rLnF8=
4,29,nd3tmOhS1ZSfFjmPa3mjGpKZDvQ=,ND0QT8bDwOb9gUOknim5N7oYDRE=
2,29,nd3tmOhS1ZSfFjmPa3mjGpKZDvQ=,pPS47MBBWsrDNc6IEEUw91rLnF8=
1,29,nd3tmOhS1ZSfFjmPa3mjGpKZDvQ=,pPS47MBBWsrDNc6IEEUw91rLnF8=
1,28,nd3tmOhS1ZSfFjmPa3mjGpKZDvQ=,pPS47MBBWsrDNc6IEEUw91rLnF8=
0,29,nd3tmOhS1ZSfFjmPa3mjGpKZDvQ=,pPS47MBBWsrDNc6IEEUw91rLnF8=
0,28,nd3tmOhS1ZSfFjmPa3mjGpKZDvQ=,pPS47MBBWsrDNc6IEEUw91rLnF8=
0,27,nd3tmOhS1ZSfFjmPa3mjGpKZDvQ=,pAIOqvDDp2Nntt0Yj7UcBPJaKsw=
0,30,nd3tmOhS1ZSfFjmPa3mjGpKZDvQ=,pPS47MBBWsrDNc6IEEUw91rLnF8=
2,31,nd3tmOhS1ZSfFjmPa3mjGpKZDvQ=,pPS47MBBWsrDNc6IEEUw91rLnF8=
1,31,nd3tmOhS1ZSfFjmPa3mjGpKZDvQ=,pPS47MBBWsrDNc6IEEUw91rLnF8=
3,31,nd3tmOhS1ZSfFjmPa3mjGpKZDvQ=,pPS47MBBWsrDNc6IEEUw91rLnF8=
4,31,nd3tmOhS1ZSfFjmPa3mjGpKZDvQ=,ND0QT8bDwOb9gUOknim5N7oYDRE=
7,31,nd3tmOhS1ZSfFjmPa3mjGpKZDvQ=,ND0QT8bDwOb9gUOknim5N7oYDRE=
5,31,nd3tmOhS1ZSfFjmPa3mjGpKZDvQ=,ND0QT8bDwOb9gUOknim5N7oYDRE=
6,31,nd3tmOhS1ZSfFjmPa3mjGpKZDvQ=,ND0QT8bDwOb9gUOknim5N7oYDRE=
8,31,nd3tmOhS1ZSfFjmPa3mjGpKZDvQ=,EnK1vqX1D6oM8/1ys2SL681ZTXA=
10,31,nd3tmOhS1ZSfFjmPa3mjGpKZDvQ=,EnK1vqX1D6oM8/1ys2SL681ZTXA=
9,31,nd3tmOhS1ZSfFjmPa3mjGpKZDvQ=,EnK1vqX1D6oM8/1ys2SL681ZTXA=
13,31,nd3tmOhS1ZSfFjmPa3mjGpKZDvQ=,pVYKbNaIT0L9MRzjXo3bJEOYHKU=
12,31,nd3tmOhS1ZSfFjmPa3mjGpKZDvQ=,pVYKbNaIT0L9MRzjXo3bJEOYHKU=
14,31,nd3tmOhS1ZSfFjmPa3mjGpKZDvQ=,pVYKbNaIT0L9MRzjXo3bJEOYHKU=
11,31,nd3tmOhS1ZSfFjmPa3mjGpKZDvQ=,EnK1vqX1D6oM8/1ys2SL681ZTXA=
15,30,nd3tmOhS1ZSfFjmPa3mjGpKZDvQ=,pVYKbNaIT0L9MRzjXo3bJEOYHKU=
15,29,nd3tmOhS1ZSfFjmPa3mjGpKZDvQ=,pVYKbNaIT0L9MRzjXo3bJEOYHKU=
15,21,nd3tmOhS1ZSfFjmPa3mjGpKZDvQ=,rQ2bIuxXLIbgSqqebr+ZqbWVKf4=
15,24,nd3tmOhS1ZSfFjmPa3mjGpKZDvQ=,MfBbykfdbhq0Gy91a2f+e6nT0RU=
15,27,nd3tmOhS1ZSfFjmPa3mjGpKZDvQ=,MfBbykfdbhq0Gy91a2f+e6nT0RU=
15,22,nd3tmOhS1ZSfFjmPa3mjGpKZDvQ=,rQ2bIuxXLIbgSqqebr+ZqbWVKf4=
15,25,nd3tmOhS1ZSfFjmPa3mjGpKZDvQ=,MfBbykfdbhq0Gy91a2f+e6nT0RU=
15,26,nd3tmOhS1ZSfFjmPa3mjGpKZDvQ=,MfBbykfdbhq0Gy91a2f+e6nT0RU=
15,28,nd3tmOhS1ZSfFjmPa3mjGpKZDvQ=,pVYKbNaIT0L9MRzjXo3bJEOYHKU=
15,23,nd3tmOhS1ZSfFjmPa3mjGpKZDvQ=,rQ2bIuxXLIbgSqqebr+ZqbWVKf4=
15,18,nd3tmOhS1ZSfFjmPa3mjGpKZDvQ=,vE6/HSJqG8fKhkFFxUXutsnY5Tw=
15,19,nd3tmOhS1ZSfFjmPa3mjGpKZDvQ=,vE6/HSJqG8fKhkFFxUXutsnY5Tw=
15,17,nd3tmOhS1ZSfFjmPa3mjGpKZDvQ=,vE6/HSJqG8fKhkFFxUXutsnY5Tw=
15,20,nd3tmOhS1ZSfFjmPa3mjGpKZDvQ=,rQ2bIuxXLIbgSqqebr+ZqbWVKf4=
14,16,LSwMYY/ukeT3Hr3YJJKKp+72CYk=,vE6/HSJqG8fKhkFFxUXutsnY5Tw=
6,16,LSwMYY/ukeT3Hr3YJJKKp+72CYk=,AOwqff1Em/XoTSNc2XsfAf/zhu8=
13,16,LSwMYY/ukeT3Hr3YJJKKp+72CYk=,vE6/HSJqG8fKhkFFxUXutsnY5Tw=
10,16,LSwMYY/ukeT3Hr3YJJKKp+72CYk=,WbFsfR7lIEVeHdVpXvAW+dmgvS0=
5,16,LSwMYY/ukeT3Hr3YJJKKp+72CYk=,AOwqff1Em/XoTSNc2XsfAf/zhu8=
11,16,LSwMYY/ukeT3Hr3YJJKKp+72CYk=,WbFsfR7lIEVeHdVpXvAW+dmgvS0=
12,16,LSwMYY/ukeT3Hr3YJJKKp+72CYk=,vE6/HSJqG8fKhkFFxUXutsnY5Tw=
7,16,LSwMYY/ukeT3Hr3YJJKKp+72CYk=,AOwqff1Em/XoTSNc2XsfAf/zhu8=
9,16,LSwMYY/ukeT3Hr3YJJKKp+72CYk=,WbFsfR7lIEVeHdVpXvAW+dmgvS0=
2,16,LSwMYY/ukeT3Hr3YJJKKp+72CYk=,TrhDEA6TtURguP0kRTcAxfmUxvA=
8,16,LSwMYY/ukeT3Hr3YJJKKp+72CYk=,WbFsfR7lIEVeHdVpXvAW+dmgvS0=
4,16,LSwMYY/ukeT3Hr3YJJKKp+72CYk=,AOwqff1Em/XoTSNc2XsfAf/zhu8=
1,16,LSwMYY/ukeT3Hr3YJJKKp+72CYk=,TrhDEA6TtURguP0kRTcAxfmUxvA=
3,16,LSwMYY/ukeT3Hr3YJJKKp+72CYk=,TrhDEA6TtURguP0kRTcAxfmUxvA=
0,18,LSwMYY/ukeT3Hr3YJJKKp+72CYk=,TrhDEA6TtURguP0kRTcAxfmUxvA=
0,17,LSwMYY/ukeT3Hr3YJJKKp+72CYk=,TrhDEA6TtURguP0kRTcAxfmUxvA=
0,19,LSwMYY/ukeT3Hr3YJJKKp+72CYk=,TrhDEA6TtURguP0kRTcAxfmUxvA=
15,16,LSwMYY/ukeT3Hr3YJJKKp+72CYk=,vE6/HSJqG8fKhkFFxUXutsnY5Tw=
0,20,LSwMYY/ukeT3Hr3YJJKKp+72CYk=,gvWdvVwwLppWY49rIdhp92lW+sc=
0,24,LSwMYY/ukeT3Hr3YJJKKp+72CYk=,pAIOqvDDp2Nntt0Yj7UcBPJaKsw=
0,21,LSwMYY/ukeT3Hr3YJJKKp+72CYk=,gvWdvVwwLppWY49rIdhp92lW+sc=
0,23,LSwMYY/ukeT3Hr3YJJKKp+72CYk=,gvWdvVwwLppWY49rIdhp92lW+sc=
0,22,LSwMYY/ukeT3Hr3YJJKKp+72CYk=,gvWdvVwwLppWY49rIdhp92lW+sc=
15,31,LSwMYY/ukeT3Hr3YJJKKp+72CYk=,pVYKbNaIT0L9MRzjXo3bJEOYHKU=
0,31,LSwMYY/ukeT3Hr3YJJKKp+72CYk=,pPS47MBBWsrDNc6IEEUw91rLnF8=
0,16,LSwMYY/ukeT3Hr3YJJKKp+72CYk=,TrhDEA6TtURguP0kRTcAxfmUxvA=
29,22,YOJY8UX8emjFniGrNNUh8Swb4OM=,vQbr4Ip4fYS1ZNW9b1bkLOETv50=
29,21,YOJY8UX8emjFniGrNNUh8Swb4OM=,vQbr4Ip4fYS1ZNW9b1bkLOETv50=
30,22,YOJY8UX8emjFniGrNNUh8Swb4OM=,vQbr4Ip4fYS1ZNW9b1bkLOETv50=
30,21,YOJY8UX8emjFniGrNNUh8Swb4OM=,vQbr4Ip4fYS1ZNW9b1bkLOETv50=
25,17,6hhyfay3uhV9ljhkYt5mb8WTzv0=,r/VrVSziT2R6d24lf3srQEd5h1A=
25,18,6hhyfay3uhV9ljhkYt5mb8WTzv0=,r/VrVSziT2R6d24lf3srQEd5h1A=
26,17,6hhyfay3uhV9ljhkYt5mb8WTzv0=,r/VrVSziT2R6d24lf3srQEd5h1A=
26,18,6hhyfay3uhV9ljhkYt5mb8WTzv0=,r/VrVSziT2R6d24lf3srQEd5h1A=
25,20,6hhyfay3uhV9ljhkYt5mb8WTzv0=,9VyOFaBUt4/gnC6BFw7nLiDYGV0=
26,20,6hhyfay3uhV9ljhkYt5mb8WTzv0=,9VyOFaBUt4/gnC6BFw7nLiDYGV0=
28,22,6hhyfay3uhV9ljhkYt5mb8WTzv0=,vQbr4Ip4fYS1ZNW9b1bkLOETv50=
26,19,6hhyfay3uhV9ljhkYt5mb8WTzv0=,r/VrVSziT2R6d24lf3srQEd5h1A=
28,21,6hhyfay3uhV9ljhkYt5mb8WTzv0=,vQbr4Ip4fYS1ZNW9b1bkLOETv50=
25,21,6hhyfay3uhV9ljhkYt5mb8WTzv0=,9VyOFaBUt4/gnC6BFw7nLiDYGV0=
25,19,6hhyfay3uhV9ljhkYt5mb8WTzv0=,r/VrVSziT2R6d24lf3srQEd5h1A=
27,22,6hhyfay3uhV9ljhkYt5mb8WTzv0=,9VyOFaBUt4/gnC6BFw7nLiDYGV0=
26,22,6hhyfay3uhV9ljhkYt5mb8WTzv0=,9VyOFaBUt4/gnC6BFw7nLiDYGV0=
26,21,6hhyfay3uhV9ljhkYt5mb8WTzv0=,9VyOFaBUt4/gnC6BFw7nLiDYGV0=
25,22,6hhyfay3uhV9ljhkYt5mb8WTzv0=,9VyOFaBUt4/gnC6BFw7nLiDYGV0=
27,21,6hhyfay3uhV9ljhkYt5mb8WTzv0=,9VyOFaBUt4/gnC6BFw7nLiDYGV0=
27,19,6hhyfay3uhV9ljhkYt5mb8WTzv0=,r/VrVSziT2R6d24lf3srQEd5h1A=
27,17,6hhyfay3uhV9ljhkYt5mb8WTzv0=,r/VrVSziT2R6d24lf3srQEd5h1A=
30,18,6hhyfay3uhV9ljhkYt5mb8WTzv0=,n1bfQAHEnTl5Rscefkb04BCtftE=
29,18,6hhyfay3uhV9ljhkYt5mb8WTzv0=,n1bfQAHEnTl5Rscefkb04BCtftE=
28,18,6hhyfay3uhV9ljhkYt5mb8WTzv0=,n1bfQAHEnTl5Rscefkb04BCtftE=
28,17,6hhyfay3uhV9ljhkYt5mb8WTzv0=,n1bfQAHEnTl5Rscefkb04BCtftE=
28,20,6hhyfay3uhV9ljhkYt5mb8WTzv0=,vQbr4Ip4fYS1ZNW9b1bkLOETv50=
27,18,6hhyfay3uhV9ljhkYt5mb8WTzv0=,r/VrVSziT2R6d24lf3srQEd5h1A=
30,20,6hhyfay3uhV9ljhkYt5mb8WTzv0=,vQbr4Ip4fYS1ZNW9b1bkLOETv50=
30,19,6hhyfay3uhV9ljhkYt5mb8WTzv0=,n1bfQAHEnTl5Rscefkb04BCtftE=
27,20,6hhyfay3uhV9ljhkYt5mb8WTzv0=,9VyOFaBUt4/gnC6BFw7nLiDYGV0=
29,19,6hhyfay3uhV9ljhkYt5mb8WTzv0=,n1bfQAHEnTl5Rscefkb04BCtftE=
29,20,6hhyfay3uhV9ljhkYt5mb8WTzv0=,vQbr4Ip4fYS1ZNW9b1bkLOETv50=
30,17,6hhyfay3uhV9ljhkYt5mb8WTzv0=,n1bfQAHEnTl5Rscefkb04BCtftE=
28,19,6hhyfay3uhV9ljhkYt5mb8WTzv0=,n1bfQAHEnTl5Rscefkb04BCtftE=
29,17,6hhyfay3uhV9ljhkYt5mb8WTzv0=,n1bfQAHEnTl5Rscefkb04BCtftE=
25,24,6hhyfay3uhV9ljhkYt5mb8WTzv0=,fz0l3y8E8mLO1t6mZXAZCdpl75M=
26,26,6hhyfay3uhV9ljhkYt5mb8WTzv0=,fz0l3y8E8mLO1t6mZXAZCdpl75M=
25,26,6hhyfay3uhV9ljhkYt5mb8WTzv0=,fz0l3y8E8mLO1t6mZXAZCdpl75M=
26,23,6hhyfay3uhV9ljhkYt5mb8WTzv0=,9VyOFaBUt4/gnC6BFw7nLiDYGV0=
25,23,6hhyfay3uhV9ljhkYt5mb8WTzv0=,9VyOFaBUt4/gnC6BFw7nLiDYGV0=
26,25,6hhyfay3uhV9ljhkYt5mb8WTzv0=,fz0l3y8E8mLO1t6mZXAZCdpl75M=
26,24,6hhyfay3uhV9ljhkYt5mb8WTzv0=,fz0l3y8E8mLO1t6mZXAZCdpl75M=
25,25,6hhyfay3uhV9ljhkYt5mb8WTzv0=,fz0l3y8E8mLO1t6mZXAZCdpl75M=
30,24,6hhyfay3uhV9ljhkYt5mb8WTzv0=,d3F0HWSgjyxg3S5k1aETjzoSEvo=
29,24,6hhyfay3uhV9ljhkYt5mb8WTzv0=,d3F0HWSgjyxg3S5k1aETjzoSEvo=
27,23,6hhyfay3uhV9ljhkYt5mb8WTzv0=,9VyOFaBUt4/gnC6BFw7nLiDYGV0=
29,26,6hhyfay3uhV9ljhkYt5mb8WTzv0=,d3F0HWSgjyxg3S5k1aETjzoSEvo=
30,26,6hhyfay3uhV9ljhkYt5mb8WTzv0=,d3F0HWSgjyxg3S5k1aETjzoSEvo=
28,24,6hhyfay3uhV9ljhkYt5mb8WTzv0=,d3F0HWSgjyxg3S5k1aETjzoSEvo=
28,25,6hhyfay3uhV9ljhkYt5mb8WTzv0=,d3F0HWSgjyxg3S5k1aETjzoSEvo=
28,26,6hhyfay3uhV9ljhkYt5mb8WTzv0=,d3F0HWSgjyxg3S5k1aETjzoSEvo=
29,25,6hhyfay3uhV9ljhkYt5mb8WTzv0=,d3F0HWSgjyxg3S5k1aETjzoSEvo=
27,24,6hhyfay3uhV9ljhkYt5mb8WTzv0=,fz0l3y8E8mLO1t6mZXAZCdpl75M=
30,23,6hhyfay3uhV9ljhkYt5mb8WTzv0=,vQbr4Ip4fYS1ZNW9b1bkLOETv50=
29,23,6hhyfay3uhV9ljhkYt5mb8WTzv0=,vQbr4Ip4fYS1ZNW9b1bkLOETv50=
27,26,6hhyfay3uhV9ljhkYt5mb8WTzv0=,fz0l3y8E8mLO1t6mZXAZCdpl75M=
28,23,6hhyfay3uhV9ljhkYt5mb8WTzv0=,vQbr4Ip4fYS1ZNW9b1bkLOETv50=
26,30,6hhyfay3uhV9ljhkYt5mb8WTzv0=,Peerk9h7vVw6y6oqyjaGbM5JJ4c=
30,25,6hhyfay3uhV9ljhkYt5mb8WTzv0=,d3F0HWSgjyxg3S5k1aETjzoSEvo=
25,27,6hhyfay3uhV9ljhkYt5mb8WTzv0=,fz0l3y8E8mLO1t6mZXAZCdpl75M=
25,29,6hhyfay3uhV9ljhkYt5mb8WTzv0=,Peerk9h7vVw6y6oqyjaGbM5JJ4c=
25,30,6hhyfay3uhV9ljhkYt5mb8WTzv0=,Peerk9h7vVw6y6oqyjaGbM5JJ4c=
25,28,6hhyfay3uhV9ljhkYt5mb8WTzv0=,Peerk9h7vVw6y6oqyjaGbM5JJ4c=
27,25,6hhyfay3uhV9ljhkYt5mb8WTzv0=,fz0l3y8E8mLO1t6mZXAZCdpl75M=
26,29,6hhyfay3uhV9ljhkYt5mb8WTzv0=,Peerk9h7vVw6y6oqyjaGbM5JJ4c=
26,28,6hhyfay3uhV9ljhkYt5mb8WTzv0=,Peerk9h7vVw6y6oqyjaGbM5JJ4c=
26,27,6hhyfay3uhV9ljhkYt5mb8WTzv0=,fz0l3y8E8mLO1t6mZXAZCdpl75M=
28,27,6hhyfay3uhV9ljhkYt5mb8WTzv0=,d3F0HWSgjyxg3S5k1aETjzoSEvo=
28,29,6hhyfay3uhV9ljhkYt5mb8WTzv0=,omvIHPeuJaH0lXU9QhdkHk+K0aw=
29,27,6hhyfay3uhV9ljhkYt5mb8WTzv0=,d3F0HWSgjyxg3S5k1aETjzoSEvo=
30,27,6hhyfay3uhV9ljhkYt5mb8WTzv0=,d3F0HWSgjyxg3S5k1aETjzoSEvo=
29,29,6hhyfay3uhV9ljhkYt5mb8WTzv0=,omvIHPeuJaH0lXU9QhdkHk+K0aw=
30,29,6hhyfay3uhV9ljhkYt5mb8WTzv0=,omvIHPeuJaH0lXU9QhdkHk+K0aw=
30,28,6hhyfay3uhV9ljhkYt5mb8WTzv0=,omvIHPeuJaH0lXU9QhdkHk+K0aw=
29,28,6hhyfay3uhV9ljhkYt5mb8WTzv0=,omvIHPeuJaH0lXU9QhdkHk+K0aw=
28,28,6hhyfay3uhV9ljhkYt5mb8WTzv0=,omvIHPeuJaH0lXU9QhdkHk+K0aw=
28,30,6hhyfay3uhV9ljhkYt5mb8WTzv0=,omvIHPeuJaH0lXU9QhdkHk+K0aw=
29,30,6hhyfay3uhV9ljhkYt5mb8WTzv0=,omvIHPeuJaH0lXU9QhdkHk+K0aw=
30,30,6hhyfay3uhV9ljhkYt5mb8WTzv0=,omvIHPeuJaH0lXU9QhdkHk+K0aw=
27,28,6hhyfay3uhV9ljhkYt5mb8WTzv0=,Peerk9h7vVw6y6oqyjaGbM5JJ4c=
27,30,6hhyfay3uhV9ljhkYt5mb8WTzv0=,Peerk9h7vVw6y6oqyjaGbM5JJ4c=
27,29,6hhyfay3uhV9ljhkYt5mb8WTzv0=,Peerk9h7vVw6y6oqyjaGbM5JJ4c=
27,27,6hhyfay3uhV9ljhkYt5mb8WTzv0=,fz0l3y8E8mLO1t6mZXAZCdpl75M=
22,26,6hhyfay3uhV9ljhkYt5mb8WTzv0=,/rxGQcIt2hkdiceJw+wCUPtgQxU=
23,26,6hhyfay3uhV9ljhkYt5mb8WTzv0=,/rxGQcIt2hkdiceJw+wCUPtgQxU=
21,26,6hhyfay3uhV9ljhkYt5mb8WTzv0=,/rxGQcIt2hkdiceJw+wCUPtgQxU=
21,25,6hhyfay3uhV9ljhkYt5mb8WTzv0=,/rxGQcIt2hkdiceJw+wCUPtgQxU=
22,25,6hhyfay3uhV9ljhkYt5mb8WTzv0=,/rxGQcIt2hkdiceJw+wCUPtgQxU=
23,25,6hhyfay3uhV9ljhkYt5mb8WTzv0=,/rxGQcIt2hkdiceJw+wCUPtgQxU=
24,25,6hhyfay3uhV9ljhkYt5mb8WTzv0=,fz0l3y8E8mLO1t6mZXAZCdpl75M=
24,26,6hhyfay3uhV9ljhkYt5mb8WTzv0=,fz0l3y8E8mLO1t6mZXAZCdpl75M=
24,27,6hhyfay3uhV9ljhkYt5mb8WTzv0=,fz0l3y8E8mLO1t6mZXAZCdpl75M=
22,29,6hhyfay3uhV9ljhkYt5mb8WTzv0=,VNVq852W2IhGelrxYLfKI9/wZ4Q=
21,27,6hhyfay3uhV9ljhkYt5mb8WTzv0=,/rxGQcIt2hkdiceJw+wCUPtgQxU=
21,29,6hhyfay3uhV9ljhkYt5mb8WTzv0=,VNVq852W2IhGelrxYLfKI9/wZ4Q=
23,29,6hhyfay3uhV9ljhkYt5mb8WTzv0=,VNVq852W2IhGelrxYLfKI9/wZ4Q=
21,30,6hhyfay3uhV9ljhkYt5mb8WTzv0=,VNVq852W2IhGelrxYLfKI9/wZ4Q=
22,30,6hhyfay3uhV9ljhkYt5mb8WTzv0=,VNVq852W2IhGelrxYLfKI9/wZ4Q=
23,30,6hhyfay3uhV9ljhkYt5mb8WTzv0=,VNVq852W2IhGelrxYLfKI9/wZ4Q=
22,27,6hhyfay3uhV9ljhkYt5mb8WTzv0=,/rxGQcIt2hkdiceJw+wCUPtgQxU=
23,27,6hhyfay3uhV9ljhkYt5mb8WTzv0=,/rxGQcIt2hkdiceJw+wCUPtgQxU=
21,28,6hhyfay3uhV9ljhkYt5mb8WTzv0=,VNVq852W2IhGelrxYLfKI9/wZ4Q=
22,28,6hhyfay3uhV9ljhkYt5mb8WTzv0=,VNVq852W2IhGelrxYLfKI9/wZ4Q=
23,28,6hhyfay3uhV9ljhkYt5mb8WTzv0=,VNVq852W2IhGelrxYLfKI9/wZ4Q=
24,29,6hhyfay3uhV9ljhkYt5mb8WTzv0=,Peerk9h7vVw6y6oqyjaGbM5JJ4c=
24,28,6hhyfay3uhV9ljhkYt5mb8WTzv0=,Peerk9h7vVw6y6oqyjaGbM5JJ4c=
24,30,6hhyfay3uhV9ljhkYt5mb8WTzv0=,Peerk9h7vVw6y6oqyjaGbM5JJ4c=
22,23,6hhyfay3uhV9ljhkYt5mb8WTzv0=,dgRDjJcKeCiMdr29dLJ5P+zz9Pk=
21,23,6hhyfay3uhV9ljhkYt5mb8WTzv0=,dgRDjJcKeCiMdr29dLJ5P+zz9Pk=
22,24,6hhyfay3uhV9ljhkYt5mb8WTzv0=,/rxGQcIt2hkdiceJw+wCUPtgQxU=
23,23,6hhyfay3uhV9ljhkYt5mb8WTzv0=,dgRDjJcKeCiMdr29dLJ5P+zz9Pk=
23,24,6hhyfay3uhV9ljhkYt5mb8WTzv0=,/rxGQcIt2hkdiceJw+wCUPtgQxU=
21,21,6hhyfay3uhV9ljhkYt5mb8WTzv0=,dgRDjJcKeCiMdr29dLJ5P+zz9Pk=
21,24,6hhyfay3uhV9ljhkYt5mb8WTzv0=,/rxGQcIt2hkdiceJw+wCUPtgQxU=
23,22,6hhyfay3uhV9ljhkYt5mb8WTzv0=,dgRDjJcKeCiMdr29dLJ5P+zz9Pk=
24,23,6hhyfay3uhV9ljhkYt5mb8WTzv0=,9VyOFaBUt4/gnC6BFw7nLiDYGV0=
22,22,6hhyfay3uhV9ljhkYt5mb8WTzv0=,dgRDjJcKeCiMdr29dLJ5P+zz9Pk=
22,21,6hhyfay3uhV9ljhkYt5mb8WTzv0=,dgRDjJcKeCiMdr29dLJ5P+zz9Pk=
24,22,6hhyfay3uhV9ljhkYt5mb8WTzv0=,9VyOFaBUt4/gnC6BFw7nLiDYGV0=
21,22,6hhyfay3uhV9ljhkYt5mb8WTzv0=,dgRDjJcKeCiMdr29dLJ5P+zz9Pk=
24,21,6hhyfay3uhV9ljhkYt5mb8WTzv0=,9VyOFaBUt4/gnC6BFw7nLiDYGV0=
24,24,6hhyfay3uhV9ljhkYt5mb8WTzv0=,fz0l3y8E8mLO1t6mZXAZCdpl75M=
23,21,6hhyfay3uhV9ljhkYt5mb8WTzv0=,dgRDjJcKeCiMdr29dLJ5P+zz9Pk=
22,20,6hhyfay3uhV9ljhkYt5mb8WTzv0=,dgRDjJcKeCiMdr29dLJ5P+zz9Pk=
23,20,6hhyfay3uhV9ljhkYt5mb8WTzv0=,dgRDjJcKeCiMdr29dLJ5P+zz9Pk=
21,20,6hhyfay3uhV9ljhkYt5mb8WTzv0=,dgRDjJcKeCiMdr29dLJ5P+zz9Pk=
21,17,6hhyfay3uhV9ljhkYt5mb8WTzv0=,sy3c/F/yh+trRHv2hbFKUsHyCFI=
21,18,6hhyfay3uhV9ljhkYt5mb8WTzv0=,sy3c/F/yh+trRHv2hbFKUsHyCFI=
24,19,6hhyfay3uhV9ljhkYt5mb8WTzv0=,r/VrVSziT2R6d24lf3srQEd5h1A=
23,18,6hhyfay3uhV9ljhkYt5mb8WTzv0=,sy3c/F/yh+trRHv2hbFKUsHyCFI=
22,18,6hhyfay3uhV9ljhkYt5mb8WTzv0=,sy3c/F/yh+trRHv2hbFKUsHyCFI=
23,19,6hhyfay3uhV9ljhkYt5mb8WTzv0=,sy3c/F/yh+trRHv2hbFKUsHyCFI=
24,17,6hhyfay3uhV9ljhkYt5mb8WTzv0=,r/VrVSziT2R6d24lf3srQEd5h1A=
23,17,6hhyfay3uhV9ljhkYt5mb8WTzv0=,sy3c/F/yh+trRHv2hbFKUsHyCFI=
24,20,6hhyfay3uhV9ljhkYt5mb8WTzv0=,9VyOFaBUt4/gnC6BFw7nLiDYGV0=
22,19,6hhyfay3uhV9ljhkYt5mb8WTzv0=,sy3c/F/yh+trRHv2hbFKUsHyCFI=
24,18,6hhyfay3uhV9ljhkYt5mb8WTzv0=,r/VrVSziT2R6d24lf3srQEd5h1A=
21,19,6hhyfay3uhV9ljhkYt5mb8WTzv0=,sy3c/F/yh+trRHv2hbFKUsHyCFI=
22,17,6hhyfay3uhV9ljhkYt5mb8WTzv0=,sy3c/F/yh+trRHv2hbFKUsHyCFI=
17,26,6hhyfay3uhV9ljhkYt5mb8WTzv0=,TxC4dGHOzLoTD6bYhrUZWCnsQ7E=
18,26,6hhyfay3uhV9ljhkYt5mb8WTzv0=,TxC4dGHOzLoTD6bYhrUZWCnsQ7E=
18,25,6hhyfay3uhV9ljhkYt5mb8WTzv0=,TxC4dGHOzLoTD6bYhrUZWCnsQ7E=
17,25,6hhyfay3uhV9ljhkYt5mb8WTzv0=,TxC4dGHOzLoTD6bYhrUZWCnsQ7E=
20,26,6hhyfay3uhV9ljhkYt5mb8WTzv0=,/rxGQcIt2hkdiceJw+wCUPtgQxU=
19,26,6hhyfay3uhV9ljhkYt5mb8WTzv0=,TxC4dGHOzLoTD6bYhrUZWCnsQ7E=
20,25,6hhyfay3uhV9ljhkYt5mb8WTzv0=,/rxGQcIt2hkdiceJw+wCUPtgQxU=
19,25,6hhyfay3uhV9ljhkYt5mb8WTzv0=,TxC4dGHOzLoTD6bYhrUZWCnsQ7E=
19,30,6hhyfay3uhV9ljhkYt5mb8WTzv0=,5Jp3dPLvsEsa4O/HvX5OFOA6M2Q=
20,29,6hhyfay3uhV9ljhkYt5mb8WTzv0=,VNVq852W2IhGelrxYLfKI9/wZ4Q=
18,30,6hhyfay3uhV9ljhkYt5mb8WTzv0=,5Jp3dPLvsEsa4O/HvX5OFOA6M2Q=
17,30,6hhyfay3uhV9ljhkYt5mb8WTzv0=,5Jp3dPLvsEsa4O/HvX5OFOA6M2Q=
20,28,6hhyfay3uhV9ljhkYt5mb8WTzv0=,VNVq852W2IhGelrxYLfKI9/wZ4Q=
17,29,6hhyfay3uhV9ljhkYt5mb8WTzv0=,5Jp3dPLvsEsa4O/HvX5OFOA6M2Q=
19,27,6hhyfay3uhV9ljhkYt5mb8WTzv0=,TxC4dGHOzLoTD6bYhrUZWCnsQ7E=
20,30,6hhyfay3uhV9ljhkYt5mb8WTzv0=,VNVq852W2IhGelrxYLfKI9/wZ4Q=
17,27,6hhyfay3uhV9ljhkYt5mb8WTzv0=,TxC4dGHOzLoTD6bYhrUZWCnsQ7E=
19,29,6hhyfay3uhV9ljhkYt5mb8WTzv0=,5Jp3dPLvsEsa4O/HvX5OFOA6M2Q=
18,27,6hhyfay3uhV9ljhkYt5mb8WTzv0=,TxC4dGHOzLoTD6bYhrUZWCnsQ7E=
19,28,6hhyfay3uhV9ljhkYt5mb8WTzv0=,5Jp3dPLvsEsa4O/HvX5OFOA6M2Q=
20,27,6hhyfay3uhV9ljhkYt5mb8WTzv0=,/rxGQcIt2hkdiceJw+wCUPtgQxU=
18,29,6hhyfay3uhV9ljhkYt5mb8WTzv0=,5Jp3dPLvsEsa4O/HvX5OFOA6M2Q=
18,28,6hhyfay3uhV9ljhkYt5mb8WTzv0=,5Jp3dPLvsEsa4O/HvX5OFOA6M2Q=
17,28,6hhyfay3uhV9ljhkYt5mb8WTzv0=,5Jp3dPLvsEsa4O/HvX5OFOA6M2Q=
16,30,6hhyfay3uhV9ljhkYt5mb8WTzv0=,5Jp3dPLvsEsa4O/HvX5OFOA6M2Q=
16,29,6hhyfay3uhV9ljhkYt5mb8WTzv0=,5Jp3dPLvsEsa4O/HvX5OFOA6M2Q=
16,25,6hhyfay3uhV9ljhkYt5mb8WTzv0=,TxC4dGHOzLoTD6bYhrUZWCnsQ7E=
16,26,6hhyfay3uhV9ljhkYt5mb8WTzv0=,TxC4dGHOzLoTD6bYhrUZWCnsQ7E=
16,28,6hhyfay3uhV9ljhkYt5mb8WTzv0=,5Jp3dPLvsEsa4O/HvX5OFOA6M2Q=
16,27,6hhyfay3uhV9ljhkYt5mb8WTzv0=,TxC4dGHOzLoTD6bYhrUZWCnsQ7E=
25,16,6hhyfay3uhV9ljhkYt5mb8WTzv0=,r/VrVSziT2R6d24lf3srQEd5h1A=
26,16,6hhyfay3uhV9ljhkYt5mb8WTzv0=,r/VrVSziT2R6d24lf3srQEd5h1A=
24,16,6hhyfay3uhV9ljhkYt5mb8WTzv0=,r/VrVSziT2R6d24lf3srQEd5h1A=
21,16,6hhyfay3uhV9ljhkYt5mb8WTzv0=,sy3c/F/yh+trRHv2hbFKUsHyCFI=
23,16,6hhyfay3uhV9ljhkYt5mb8WTzv0=,sy3c/F/yh+trRHv2hbFKUsHyCFI=
22,16,6hhyfay3uhV9ljhkYt5mb8WTzv0=,sy3c/F/yh+trRHv2hbFKUsHyCFI=
28,16,6hhyfay3uhV9ljhkYt5mb8WTzv0=,n1bfQAHEnTl5Rscefkb04BCtftE=
30,16,6hhyfay3uhV9ljhkYt5mb8WTzv0=,n1bfQAHEnTl5Rscefkb04BCtftE=
27,16,6hhyfay3uhV9ljhkYt5mb8WTzv0=,r/VrVSziT2R6d24lf3srQEd5h1A=
16,22,6hhyfay3uhV9ljhkYt5mb8WTzv0=,Hk5csnLr8Ggew3163v1qBAn7iVA=
29,16,6hhyfay3uhV9ljhkYt5mb8WTzv0=,n1bfQAHEnTl5Rscefkb04BCtftE=
17,21,6hhyfay3uhV9ljhkYt5mb8WTzv0=,Hk5csnLr8Ggew3163v1qBAn7iVA=
20,21,6hhyfay3uhV9ljhkYt5mb8WTzv0=,dgRDjJcKeCiMdr29dLJ5P+zz9Pk=
17,22,6hhyfay3uhV9ljhkYt5mb8WTzv0=,Hk5csnLr8Ggew3163v1qBAn7iVA=
16,21,6hhyfay3uhV9ljhkYt5mb8WTzv0=,Hk5csnLr8Ggew3163v1qBAn7iVA=
18,21,6hhyfay3uhV9ljhkYt5mb8WTzv0=,Hk5csnLr8Ggew3163v1qBAn7iVA=
19,21,EGEWc6m17WAiEVZnIQj8Reor7Wk=,Hk5csnLr8Ggew3163v1qBAn7iVA=
20,22,EGEWc6m17WAiEVZnIQj8Reor7Wk=,dgRDjJcKeCiMdr29dLJ5P+zz9Pk=
20,24,EGEWc6m17WAiEVZnIQj8Reor7Wk=,/rxGQcIt2hkdiceJw+wCUPtgQxU=
20,23,EGEWc6m17WAiEVZnIQj8Reor7Wk=,dgRDjJcKeCiMdr29dLJ5P+zz9Pk=
16,24,EGEWc6m17WAiEVZnIQj8Reor7Wk=,TxC4dGHOzLoTD6bYhrUZWCnsQ7E=
17,24,EGEWc6m17WAiEVZnIQj8Reor7Wk=,TxC4dGHOzLoTD6bYhrUZWCnsQ7E=
18,22,EGEWc6m17WAiEVZnIQj8Reor7Wk=,Hk5csnLr8Ggew3163v1qBAn7iVA=
19,22,EGEWc6m17WAiEVZnIQj8Reor7Wk=,Hk5csnLr8Ggew3163v1qBAn7iVA=
16,23,EGEWc6m17WAiEVZnIQj8Reor7Wk=,Hk5csnLr8Ggew3163v1qBAn7iVA=
19,24,EGEWc6m17WAiEVZnIQj8Reor7Wk=,TxC4dGHOzLoTD6bYhrUZWCnsQ7E=
18,24,EGEWc6m17WAiEVZnIQj8Reor7Wk=,TxC4dGHOzLoTD6bYhrUZWCnsQ7E=
17,23,EGEWc6m17WAiEVZnIQj8Reor7Wk=,Hk5csnLr8Ggew3163v1qBAn7iVA=
18,23,EGEWc6m17WAiEVZnIQj8Reor7Wk=,Hk5csnLr8Ggew3163v1qBAn7iVA=
19,23,EGEWc6m17WAiEVZnIQj8Reor7Wk=,Hk5csnLr8Ggew3163v1qBAn7iVA=
31,18,EGEWc6m17WAiEVZnIQj8Reor7Wk=,n1bfQAHEnTl5Rscefkb04BCtftE=
31,17,EGEWc6m17WAiEVZnIQj8Reor7Wk=,n1bfQAHEnTl5Rscefkb04BCtftE=
20,19,EGEWc6m17WAiEVZnIQj8Reor7Wk=,sy3c/F/yh+trRHv2hbFKUsHyCFI=
19,17,EGEWc6m17WAiEVZnIQj8Reor7Wk=,ezz5gN7dOEq1pgY/p3lq3Q6+hrU=
20,16,EGEWc6m17WAiEVZnIQj8Reor7Wk=,sy3c/F/yh+trRHv2hbFKUsHyCFI=
20,17,EGEWc6m17WAiEVZnIQj8Reor7Wk=,sy3c/F/yh+trRHv2hbFKUsHyCFI=
19,19,EGEWc6m17WAiEVZnIQj8Reor7Wk=,ezz5gN7dOEq1pgY/p3lq3Q6+hrU=
19,20,EGEWc6m17WAiEVZnIQj8Reor7Wk=,Hk5csnLr8Ggew3163v1qBAn7iVA=
19,18,EGEWc6m17WAiEVZnIQj8Reor7Wk=,ezz5gN7dOEq1pgY/p3lq3Q6+hrU=
16,19,EGEWc6m17WAiEVZnIQj8Reor7Wk=,ezz5gN7dOEq1pgY/p3lq3Q6+hrU=
18,16,EGEWc6m17WAiEVZnIQj8Reor7Wk=,ezz5gN7dOEq1pgY/p3lq3Q6+hrU=
18,18,EGEWc6m17WAiEVZnIQj8Reor7Wk=,ezz5gN7dOEq1pgY/p3lq3Q6+hrU=
19,16,EGEWc6m17WAiEVZnIQj8Reor7Wk=,ezz5gN7dOEq1pgY/p3lq3Q6+hrU=
18,17,EGEWc6m17WAiEVZnIQj8Reor7Wk=,ezz5gN7dOEq1pgY/p3lq3Q6+hrU=
17,16,EGEWc6m17WAiEVZnIQj8Reor7Wk=,ezz5gN7dOEq1pgY/p3lq3Q6+hrU=
20,20,EGEWc6m17WAiEVZnIQj8Reor7Wk=,dgRDjJcKeCiMdr29dLJ5P+zz9Pk=
18,19,EGEWc6m17WAiEVZnIQj8Reor7Wk=,ezz5gN7dOEq1pgY/p3lq3Q6+hrU=
17,20,EGEWc6m17WAiEVZnIQj8Reor7Wk=,Hk5csnLr8Ggew3163v1qBAn7iVA=
16,17,EGEWc6m17WAiEVZnIQj8Reor7Wk=,ezz5gN7dOEq1pgY/p3lq3Q6+hrU=
18,20,EGEWc6m17WAiEVZnIQj8Reor7Wk=,Hk5csnLr8Ggew3163v1qBAn7iVA=
16,20,EGEWc6m17WAiEVZnIQj8Reor7Wk=,Hk5csnLr8Ggew3163v1qBAn7iVA=
17,17,EGEWc6m17WAiEVZnIQj8Reor7Wk=,ezz5gN7dOEq1pgY/p3lq3Q6+hrU=
20,18,EGEWc6m17WAiEVZnIQj8Reor7Wk=,sy3c/F/yh+trRHv2hbFKUsHyCFI=
16,18,EGEWc6m17WAiEVZnIQj8Reor7Wk=,ezz5gN7dOEq1pgY/p3lq3Q6+hrU=
17,18,EGEWc6m17WAiEVZnIQj8Reor7Wk=,ezz5gN7dOEq1pgY/p3lq3Q6+hrU=
17,19,EGEWc6m17WAiEVZnIQj8Reor7Wk=,ezz5gN7dOEq1pgY/p3lq3Q6+hrU=
31,22,EGEWc6m17WAiEVZnIQj8Reor7Wk=,vQbr4Ip4fYS1ZNW9b1bkLOETv50=
31,21,EGEWc6m17WAiEVZnIQj8Reor7Wk=,vQbr4Ip4fYS1ZNW9b1bkLOETv50=
31,20,EGEWc6m17WAiEVZnIQj8Reor7Wk=,vQbr4Ip4fYS1ZNW9b1bkLOETv50=
31,19,EGEWc6m17WAiEVZnIQj8Reor7Wk=,n1bfQAHEnTl5Rscefkb04BCtftE=
31,29,EGEWc6m17WAiEVZnIQj8Reor7Wk=,omvIHPeuJaH0lXU9QhdkHk+K0aw=
31,30,EGEWc6m17WAiEVZnIQj8Reor7Wk=,omvIHPeuJaH0lXU9QhdkHk+K0aw=
31,27,EGEWc6m17WAiEVZnIQj8Reor7Wk=,d3F0HWSgjyxg3S5k1aETjzoSEvo=
31,28,EGEWc6m17WAiEVZnIQj8Reor7Wk=,omvIHPeuJaH0lXU9QhdkHk+K0aw=
31,24,EGEWc6m17WAiEVZnIQj8Reor7Wk=,d3F0HWSgjyxg3S5k1aETjzoSEvo=
31,25,EGEWc6m17WAiEVZnIQj8Reor7Wk=,d3F0HWSgjyxg3S5k1aETjzoSEvo=
31,26,EGEWc6m17WAiEVZnIQj8Reor7Wk=,d3F0HWSgjyxg3S5k1aETjzoSEvo=
31,23,EGEWc6m17WAiEVZnIQj8Reor7Wk=,vQbr4Ip4fYS1ZNW9b1bkLOETv50=
30,31,EGEWc6m17WAiEVZnIQj8Reor7Wk=,omvIHPeuJaH0lXU9QhdkHk+K0aw=
29,31,EGEWc6m17WAiEVZnIQj8Reor7Wk=,omvIHPeuJaH0lXU9QhdkHk+K0aw=
27,31,EGEWc6m17WAiEVZnIQj8Reor7Wk=,Peerk9h7vVw6y6oqyjaGbM5JJ4c=
26,31,EGEWc6m17WAiEVZnIQj8Reor7Wk=,Peerk9h7vVw6y6oqyjaGbM5JJ4c=
25,31,EGEWc6m17WAiEVZnIQj8Reor7Wk=,Peerk9h7vVw6y6oqyjaGbM5JJ4c=
28,31,EGEWc6m17WAiEVZnIQj8Reor7Wk=,omvIHPeuJaH0lXU9QhdkHk+K0aw=
21,31,EGEWc6m17WAiEVZnIQj8Reor7Wk=,VNVq852W2IhGelrxYLfKI9/wZ4Q=
22,31,EGEWc6m17WAiEVZnIQj8Reor7Wk=,VNVq852W2IhGelrxYLfKI9/wZ4Q=
24,31,EGEWc6m17WAiEVZnIQj8Reor7Wk=,Peerk9h7vVw6y6oqyjaGbM5JJ4c=
23,31,EGEWc6m17WAiEVZnIQj8Reor7Wk=,VNVq852W2IhGelrxYLfKI9/wZ4Q=
17,31,EGEWc6m17WAiEVZnIQj8Reor7Wk=,5Jp3dPLvsEsa4O/HvX5OFOA6M2Q=
18,31,EGEWc6m17WAiEVZnIQj8Reor7Wk=,5Jp3dPLvsEsa4O/HvX5OFOA6M2Q=
20,31,EGEWc6m17WAiEVZnIQj8Reor7Wk=,VNVq852W2IhGelrxYLfKI9/wZ4Q=
19,31,EGEWc6m17WAiEVZnIQj8Reor7Wk=,5Jp3dPLvsEsa4O/HvX5OFOA6M2Q=
16,31,EGEWc6m17WAiEVZnIQj8Reor7Wk=,5Jp3dPLvsEsa4O/HvX5OFOA6M2Q=
16,16,EGEWc6m17WAiEVZnIQj8Reor7Wk=,ezz5gN7dOEq1pgY/p3lq3Q6+hrU=
31,16,EGEWc6m17WAiEVZnIQj8Reor7Wk=,n1bfQAHEnTl5Rscefkb04BCtftE=
31,31,EGEWc6m17WAiEVZnIQj8Reor7Wk=,omvIHPeuJaH0lXU9QhdkHk+K0aw=
22,10,EGEWc6m17WAiEVZnIQj8Reor7Wk=,foN7VN+3oRuVELrw77r9woHX3jw=
21,9,EGEWc6m17WAiEVZnIQj8Reor7Wk=,foN7VN+3oRuVELrw77r9woHX3jw=
22,9,EGEWc6m17WAiEVZnIQj8Reor7Wk=,foN7VN+3oRuVELrw77r9woHX3jw=
18,5,EGEWc6m17WAiEVZnIQj8Reor7Wk=,ahwHnndXUBqu5WLB3g9UqbyqhKk=
17,6,EGEWc6m17WAiEVZnIQj8Reor7Wk=,ahwHnndXUBqu5WLB3g9UqbyqhKk=
21,10,EGEWc6m17WAiEVZnIQj8Reor7Wk=,foN7VN+3oRuVELrw77r9woHX3jw=
18,6,EGEWc6m17WAiEVZnIQj8Reor7Wk=,ahwHnndXUBqu5WLB3g9UqbyqhKk=
20,9,EGEWc6m17WAiEVZnIQj8Reor7Wk=,foN7VN+3oRuVELrw77r9woHX3jw=
17,5,EGEWc6m17WAiEVZnIQj8Reor7Wk=,ahwHnndXUBqu5WLB3g9UqbyqhKk=
17,7,EGEWc6m17WAiEVZnIQj8Reor7Wk=,ahwHnndXUBqu5WLB3g9UqbyqhKk=
19,9,EGEWc6m17WAiEVZnIQj8Reor7Wk=,TMLDyjwJ6dzYJGSSChGXwYZ4aCA=
20,10,EGEWc6m17WAiEVZnIQj8Reor7Wk=,foN7VN+3oRuVELrw77r9woHX3jw=
19,10,EGEWc6m17WAiEVZnIQj8Reor7Wk=,TMLDyjwJ6dzYJGSSChGXwYZ4aCA=
18,9,EGEWc6m17WAiEVZnIQj8Reor7Wk=,TMLDyjwJ6dzYJGSSChGXwYZ4aCA=
19,7,EGEWc6m17WAiEVZnIQj8Reor7Wk=,ahwHnndXUBqu5WLB3g9UqbyqhKk=
20,5,EGEWc6m17WAiEVZnIQj8Reor7Wk=,DiNzYKIeCmfAeHBomfWGPtZqjD4=
19,8,EGEWc6m17WAiEVZnIQj8Reor7Wk=,TMLDyjwJ6dzYJGSSChGXwYZ4aCA=
19,6,EGEWc6m17WAiEVZnIQj8Reor7Wk=,ahwHnndXUBqu5WLB3g9UqbyqhKk=
22,8,EGEWc6m17WAiEVZnIQj8Reor7Wk=,foN7VN+3oRuVELrw77r9woHX3jw=
21,5,EGEWc6m17WAiEVZnIQj8Reor7Wk=,DiNzYKIeCmfAeHBomfWGPtZqjD4=
17,8,EGEWc6m17WAiEVZnIQj8Reor7Wk=,TMLDyjwJ6dzYJGSSChGXwYZ4aCA=
21,8,EGEWc6m17WAiEVZnIQj8Reor7Wk=,foN7VN+3oRuVELrw77r9woHX3jw=
20,8,EGEWc6m17WAiEVZnIQj8Reor7Wk=,foN7VN+3oRuVELrw77r9woHX3jw=
19,5,EGEWc6m17WAiEVZnIQj8Reor7Wk=,ahwHnndXUBqu5WLB3g9UqbyqhKk=
22,7,EGEWc6m17WAiEVZnIQj8Reor7Wk=,DiNzYKIeCmfAeHBomfWGPtZqjD4=
21,7,EGEWc6m17WAiEVZnIQj8Reor7Wk=,DiNzYKIeCmfAeHBomfWGPtZqjD4=
22,5,EGEWc6m17WAiEVZnIQj8Reor7Wk=,DiNzYKIeCmfAeHBomfWGPtZqjD4=
20,7,EGEWc6m17WAiEVZnIQj8Reor7Wk=,DiNzYKIeCmfAeHBomfWGPtZqjD4=
17,9,EGEWc6m17WAiEVZnIQj8Reor7Wk=,TMLDyjwJ6dzYJGSSChGXwYZ4aCA=
21,6,EGEWc6m17WAiEVZnIQj8Reor7Wk=,DiNzYKIeCmfAeHBomfWGPtZqjD4=
22,6,EGEWc6m17WAiEVZnIQj8Reor7Wk=,DiNzYKIeCmfAeHBomfWGPtZqjD4=
18,10,EGEWc6m17WAiEVZnIQj8Reor7Wk=,TMLDyjwJ6dzYJGSSChGXwYZ4aCA=
20,6,EGEWc6m17WAiEVZnIQj8Reor7Wk=,DiNzYKIeCmfAeHBomfWGPtZqjD4=
17,10,EGEWc6m17WAiEVZnIQj8Reor7Wk=,TMLDyjwJ6dzYJGSSChGXwYZ4aCA=
18,8,EGEWc6m17WAiEVZnIQj8Reor7Wk=,TMLDyjwJ6dzYJGSSChGXwYZ4aCA=
18,7,EGEWc6m17WAiEVZnIQj8Reor7Wk=,ahwHnndXUBqu5WLB3g9UqbyqhKk=
30,6,PoihZlj+lLUpxNmKAgIeb9MY/a4=,/HF9vgURf3BjioIA1SONpLuQKN0=
29,6,PoihZlj+lLUpxNmKAgIeb9MY/a4=,/HF9vgURf3BjioIA1SONpLuQKN0=
29,5,PoihZlj+lLUpxNmKAgIeb9MY/a4=,/HF9vgURf3BjioIA1SONpLuQKN0=
30,5,PoihZlj+lLUpxNmKAgIeb9MY/a4=,/HF9vgURf3BjioIA1SONpLuQKN0=
29,7,PoihZlj+lLUpxNmKAgIeb9MY/a4=,/HF9vgURf3BjioIA1SONpLuQKN0=
30,8,PoihZlj+lLUpxNmKAgIeb9MY/a4=,cT1w2p0oLoDyvchHaa3+ZcoBk4c=
29,8,PoihZlj+lLUpxNmKAgIeb9MY/a4=,cT1w2p0oLoDyvchHaa3+ZcoBk4c=
30,9,PoihZlj+lLUpxNmKAgIeb9MY/a4=,cT1w2p0oLoDyvchHaa3+ZcoBk4c=
29,9,PoihZlj+lLUpxNmKAgIeb9MY/a4=,cT1w2p0oLoDyvchHaa3+ZcoBk4c=
29,10,PoihZlj+lLUpxNmKAgIeb9MY/a4=,cT1w2p0oLoDyvchHaa3+ZcoBk4c=
30,7,PoihZlj+lLUpxNmKAgIeb9MY/a4=,/HF9vgURf3BjioIA1SONpLuQKN0=
30,10,PoihZlj+lLUpxNmKAgIeb9MY/a4=,cT1w2p0oLoDyvchHaa3+ZcoBk4c=
26,6,PoihZlj+lLUpxNmKAgIeb9MY/a4=,ZeRjc78aYykgzcM72b9QuiueY20=
23,5,PoihZlj+lLUpxNmKAgIeb9MY/a4=,DiNzYKIeCmfAeHBomfWGPtZqjD4=
27,6,PoihZlj+lLUpxNmKAgIeb9MY/a4=,ZeRjc78aYykgzcM72b9QuiueY20=
27,5,PoihZlj+lLUpxNmKAgIeb9MY/a4=,ZeRjc78aYykgzcM72b9QuiueY20=
24,6,PoihZlj+lLUpxNmKAgIeb9MY/a4=,ZeRjc78aYykgzcM72b9QuiueY20=
25,6,PoihZlj+lLUpxNmKAgIeb9MY/a4=,ZeRjc78aYykgzcM72b9QuiueY20=
28,6,PoihZlj+lLUpxNmKAgIeb9MY/a4=,/HF9vgURf3BjioIA1SONpLuQKN0=
23,6,PoihZlj+lLUpxNmKAgIeb9MY/a4=,DiNzYKIeCmfAeHBomfWGPtZqjD4=
28,5,PoihZlj+lLUpxNmKAgIeb9MY/a4=,/HF9vgURf3BjioIA1SONpLuQKN0=
26,5,PoihZlj+lLUpxNmKAgIeb9MY/a4=,ZeRjc78aYykgzcM72b9QuiueY20=
25,5,PoihZlj+lLUpxNmKAgIeb9MY/a4=,ZeRjc78aYykgzcM72b9QuiueY20=
24,5,PoihZlj+lLUpxNmKAgIeb9MY/a4=,ZeRjc78aYykgzcM72b9QuiueY20=
27,8,PoihZlj+lLUpxNmKAgIeb9MY/a4=,Nw9z4glP6seA441qwAZhgFd40vk=
28,8,PoihZlj+lLUpxNmKAgIeb9MY/a4=,cT1w2p0oLoDyvchHaa3+ZcoBk4c=
24,9,PoihZlj+lLUpxNmKAgIeb9MY/a4=,Nw9z4glP6seA441qwAZhgFd40vk=
26,8,PoihZlj+lLUpxNmKAgIeb9MY/a4=,Nw9z4glP6seA441qwAZhgFd40vk=
28,10,PoihZlj+lLUpxNmKAgIeb9MY/a4=,cT1w2p0oLoDyvchHaa3+ZcoBk4c=
25,8,PoihZlj+lLUpxNmKAgIeb9MY/a4=,Nw9z4glP6seA441qwAZhgFd40vk=
25,9,PoihZlj+lLUpxNmKAgIeb9MY/a4=,Nw9z4glP6seA441qwAZhgFd40vk=
24,8,PoihZlj+lLUpxNmKAgIeb9MY/a4=,Nw9z4glP6seA441qwAZhgFd40vk=
28,7,PoihZlj+lLUpxNmKAgIeb9MY/a4=,/HF9vgURf3BjioIA1SONpLuQKN0=
23,8,PoihZlj+lLUpxNmKAgIeb9MY/a4=,foN7VN+3oRuVELrw77r9woHX3jw=
24,7,PoihZlj+lLUpxNmKAgIeb9MY/a4=,ZeRjc78aYykgzcM72b9QuiueY20=
28,9,PoihZlj+lLUpxNmKAgIeb9MY/a4=,cT1w2p0oLoDyvchHaa3+ZcoBk4c=
27,10,PoihZlj+lLUpxNmKAgIeb9MY/a4=,Nw9z4glP6seA441qwAZhgFd40vk=
23,7,PoihZlj+lLUpxNmKAgIeb9MY/a4=,DiNzYKIeCmfAeHBomfWGPtZqjD4=
26,9,PoihZlj+lLUpxNmKAgIeb9MY/a4=,Nw9z4glP6seA441qwAZhgFd40vk=
26,10,PoihZlj+lLUpxNmKAgIeb9MY/a4=,Nw9z4glP6seA441qwAZhgFd40vk=
27,7,PoihZlj+lLUpxNmKAgIeb9MY/a4=,ZeRjc78aYykgzcM72b9QuiueY20=
23,10,PoihZlj+lLUpxNmKAgIeb9MY/a4=,foN7VN+3oRuVELrw77r9woHX3jw=
25,10,PoihZlj+lLUpxNmKAgIeb9MY/a4=,Nw9z4glP6seA441qwAZhgFd40vk=
24,10,PoihZlj+lLUpxNmKAgIeb9MY/a4=,Nw9z4glP6seA441qwAZhgFd40vk=
27,9,PoihZlj+lLUpxNmKAgIeb9MY/a4=,Nw9z4glP6seA441qwAZhgFd40vk=
26,7,PoihZlj+lLUpxNmKAgIeb9MY/a4=,ZeRjc78aYykgzcM72b9QuiueY20=
23,9,PoihZlj+lLUpxNmKAgIeb9MY/a4=,foN7VN+3oRuVELrw77r9woHX3jw=
25,7,PoihZlj+lLUpxNmKAgIeb9MY/a4=,ZeRjc78aYykgzcM72b9QuiueY20=
25,12,PoihZlj+lLUpxNmKAgIeb9MY/a4=,0zeUJS2DeVscfDGI7liJt8obgSU=
25,11,PoihZlj+lLUpxNmKAgIeb9MY/a4=,Nw9z4glP6seA441qwAZhgFd40vk=
25,14,PoihZlj+lLUpxNmKAgIeb9MY/a4=,0zeUJS2DeVscfDGI7liJt8obgSU=
26,12,PoihZlj+lLUpxNmKAgIeb9MY/a4=,0zeUJS2DeVscfDGI7liJt8obgSU=
26,14,PoihZlj+lLUpxNmKAgIeb9MY/a4=,0zeUJS2DeVscfDGI7liJt8obgSU=
25,13,PoihZlj+lLUpxNmKAgIeb9MY/a4=,0zeUJS2DeVscfDGI7liJt8obgSU=
26,13,PoihZlj+lLUpxNmKAgIeb9MY/a4=,0zeUJS2DeVscfDGI7liJt8obgSU=
26,11,PoihZlj+lLUpxNmKAgIeb9MY/a4=,Nw9z4glP6seA441qwAZhgFd40vk=
30,14,PoihZlj+lLUpxNmKAgIeb9MY/a4=,8bXAO1vbmpQ0o4N7sViVKLU3++0=
29,14,PoihZlj+lLUpxNmKAgIeb9MY/a4=,8bXAO1vbmpQ0o4N7sViVKLU3++0=
27,12,PoihZlj+lLUpxNmKAgIeb9MY/a4=,0zeUJS2DeVscfDGI7liJt8obgSU=
30,13,PoihZlj+lLUpxNmKAgIeb9MY/a4=,8bXAO1vbmpQ0o4N7sViVKLU3++0=
28,11,PoihZlj+lLUpxNmKAgIeb9MY/a4=,cT1w2p0oLoDyvchHaa3+ZcoBk4c=
28,13,PoihZlj+lLUpxNmKAgIeb9MY/a4=,8bXAO1vbmpQ0o4N7sViVKLU3++0=
27,11,PoihZlj+lLUpxNmKAgIeb9MY/a4=,Nw9z4glP6seA441qwAZhgFd40vk=
27,14,PoihZlj+lLUpxNmKAgIeb9MY/a4=,0zeUJS2DeVscfDGI7liJt8obgSU=
28,14,PoihZlj+lLUpxNmKAgIeb9MY/a4=,8bXAO1vbmpQ0o4N7sViVKLU3++0=
29,11,PoihZlj+lLUpxNmKAgIeb9MY/a4=,cT1w2p0oLoDyvchHaa3+ZcoBk4c=
28,12,PoihZlj+lLUpxNmKAgIeb9MY/a4=,8bXAO1vbmpQ0o4N7sViVKLU3++0=
30,12,PoihZlj+lLUpxNmKAgIeb9MY/a4=,8bXAO1vbmpQ0o4N7sViVKLU3++0=
31,14,PoihZlj+lLUpxNmKAgIeb9MY/a4=,8bXAO1vbmpQ0o4N7sViVKLU3++0=
29,13,PoihZlj+lLUpxNmKAgIeb9MY/a4=,8bXAO1vbmpQ0o4N7sViVKLU3++0=
29,12,PoihZlj+lLUpxNmKAgIeb9MY/a4=,8bXAO1vbmpQ0o4N7sViVKLU3++0=
31,13,PoihZlj+lLUpxNmKAgIeb9MY/a4=,8bXAO1vbmpQ0o4N7sViVKLU3++0=
27,13,PoihZlj+lLUpxNmKAgIeb9MY/a4=,0zeUJS2DeVscfDGI7liJt8obgSU=
30,11,PoihZlj+lLUpxNmKAgIeb9MY/a4=,cT1w2p0oLoDyvchHaa3+ZcoBk4c=
31,12,PoihZlj+lLUpxNmKAgIeb9MY/a4=,8bXAO1vbmpQ0o4N7sViVKLU3++0=
31,9,PoihZlj+lLUpxNmKAgIeb9MY/a4=,cT1w2p0oLoDyvchHaa3+ZcoBk4c=
31,10,PoihZlj+lLUpxNmKAgIeb9MY/a4=,cT1w2p0oLoDyvchHaa3+ZcoBk4c=
31,11,PoihZlj+lLUpxNmKAgIeb9MY/a4=,cT1w2p0oLoDyvchHaa3+ZcoBk4c=
31,8,PoihZlj+lLUpxNmKAgIeb9MY/a4=,cT1w2p0oLoDyvchHaa3+ZcoBk4c=
31,7,PoihZlj+lLUpxNmKAgIeb9MY/a4=,/HF9vgURf3BjioIA1SONpLuQKN0=
31,6,PoihZlj+lLUpxNmKAgIeb9MY/a4=,/HF9vgURf3BjioIA1SONpLuQKN0=
31,5,PoihZlj+lLUpxNmKAgIeb9MY/a4=,/HF9vgURf3BjioIA1SONpLuQKN0=
30,1,PoihZlj+lLUpxNmKAgIeb9MY/a4=,KAvzHwsdOk9rLsAonH3uJDBg6uo=
29,3,PoihZlj+lLUpxNmKAgIeb9MY/a4=,KAvzHwsdOk9rLsAonH3uJDBg6uo=
30,3,PoihZlj+lLUpxNmKAgIeb9MY/a4=,KAvzHwsdOk9rLsAonH3uJDBg6uo=
29,4,PoihZlj+lLUpxNmKAgIeb9MY/a4=,/HF9vgURf3BjioIA1SONpLuQKN0=
29,2,PoihZlj+lLUpxNmKAgIeb9MY/a4=,KAvzHwsdOk9rLsAonH3uJDBg6uo=
30,2,PoihZlj+lLUpxNmKAgIeb9MY/a4=,KAvzHwsdOk9rLsAonH3uJDBg6uo=
29,1,PoihZlj+lLUpxNmKAgIeb9MY/a4=,KAvzHwsdOk9rLsAonH3uJDBg6uo=
30,4,PoihZlj+lLUpxNmKAgIeb9MY/a4=,/HF9vgURf3BjioIA1SONpLuQKN0=
30,0,PoihZlj+lLUpxNmKAgIeb9MY/a4=,KAvzHwsdOk9rLsAonH3uJDBg6uo=
29,0,PoihZlj+lLUpxNmKAgIeb9MY/a4=,KAvzHwsdOk9rLsAonH3uJDBg6uo=
27,2,PoihZlj+lLUpxNmKAgIeb9MY/a4=,kaUs8JUbHQ31DkS8IxNZcObrbBM=
28,2,YNgvN4PQQ41ihSdSV55NxR3qpFE=,KAvzHwsdOk9rLsAonH3uJDBg6uo=
25,2,YNgvN4PQQ41ihSdSV55NxR3qpFE=,kaUs8JUbHQ31DkS8IxNZcObrbBM=
27,0,YNgvN4PQQ41ihSdSV55NxR3qpFE=,kaUs8JUbHQ31DkS8IxNZcObrbBM=
25,3,YNgvN4PQQ41ihSdSV55NxR3qpFE=,kaUs8JUbHQ31DkS8IxNZcObrbBM=
28,0,YNgvN4PQQ41ihSdSV55NxR3qpFE=,KAvzHwsdOk9rLsAonH3uJDBg6uo=
26,0,YNgvN4PQQ41ihSdSV55NxR3qpFE=,kaUs8JUbHQ31DkS8IxNZcObrbBM=
26,3,YNgvN4PQQ41ihSdSV55NxR3qpFE=,kaUs8JUbHQ31DkS8IxNZcObrbBM=
25,0,YNgvN4PQQ41ihSdSV55NxR3qpFE=,kaUs8JUbHQ31DkS8IxNZcObrbBM=
26,2,YNgvN4PQQ41ihSdSV55NxR3qpFE=,kaUs8JUbHQ31DkS8IxNZcObrbBM=
27,1,YNgvN4PQQ41ihSdSV55NxR3qpFE=,kaUs8JUbHQ31DkS8IxNZcObrbBM=
27,3,YNgvN4PQQ41ihSdSV55NxR3qpFE=,kaUs8JUbHQ31DkS8IxNZcObrbBM=
28,1,YNgvN4PQQ41ihSdSV55NxR3qpFE=,KAvzHwsdOk9rLsAonH3uJDBg6uo=
28,3,YNgvN4PQQ41ihSdSV55NxR3qpFE=,KAvzHwsdOk9rLsAonH3uJDBg6uo=
28,4,YNgvN4PQQ41ihSdSV55NxR3qpFE=,/HF9vgURf3BjioIA1SONpLuQKN0=
27,4,YNgvN4PQQ41ihSdSV55NxR3qpFE=,ZeRjc78aYykgzcM72b9QuiueY20=
25,4,YNgvN4PQQ41ihSdSV55NxR3qpFE=,ZeRjc78aYykgzcM72b9QuiueY20=
26,4,YNgvN4PQQ41ihSdSV55NxR3qpFE=,ZeRjc78aYykgzcM72b9QuiueY20=
25,1,YNgvN4PQQ41ihSdSV55NxR3qpFE=,kaUs8JUbHQ31DkS8IxNZcObrbBM=
26,1,YNgvN4PQQ41ihSdSV55NxR3qpFE=,kaUs8JUbHQ31DkS8IxNZcObrbBM=
16,5,YNgvN4PQQ41ihSdSV55NxR3qpFE=,ahwHnndXUBqu5WLB3g9UqbyqhKk=
16,6,YNgvN4PQQ41ihSdSV55NxR3qpFE=,ahwHnndXUBqu5WLB3g9UqbyqhKk=
21,1,YNgvN4PQQ41ihSdSV55NxR3qpFE=,388u8inkP72UYDmsnyNfH/RTuK0=
21,2,YNgvN4PQQ41ihSdSV55NxR3qpFE=,388u8inkP72UYDmsnyNfH/RTuK0=
21,4,YNgvN4PQQ41ihSdSV55NxR3qpFE=,DiNzYKIeCmfAeHBomfWGPtZqjD4=
22,4,YNgvN4PQQ41ihSdSV55NxR3qpFE=,DiNzYKIeCmfAeHBomfWGPtZqjD4=
19,0,YNgvN4PQQ41ihSdSV55NxR3qpFE=,JG8KhEe3lxjRhaAO2kbnQyqgx6o=
19,3,YNgvN4PQQ41ihSdSV55NxR3qpFE=,JG8KhEe3lxjRhaAO2kbnQyqgx6o=
23,4,YNgvN4PQQ41ihSdSV55NxR3qpFE=,DiNzYKIeCmfAeHBomfWGPtZqjD4=
18,0,YNgvN4PQQ41ihSdSV55NxR3qpFE=,JG8KhEe3lxjRhaAO2kbnQyqgx6o=
18,3,YNgvN4PQQ41ihSdSV55NxR3qpFE=,JG8KhEe3lxjRhaAO2kbnQyqgx6o=
24,3,YNgvN4PQQ41ihSdSV55NxR3qpFE=,kaUs8JUbHQ31DkS8IxNZcObrbBM=
23,2,YNgvN4PQQ41ihSdSV55NxR3qpFE=,388u8inkP72UYDmsnyNfH/RTuK0=
20,1,YNgvN4PQQ41ihSdSV55NxR3qpFE=,388u8inkP72UYDmsnyNfH/RTuK0=
20,3,YNgvN4PQQ41ihSdSV55NxR3qpFE=,388u8inkP72UYDmsnyNfH/RTuK0=
20,4,YNgvN4PQQ41ihSdSV55NxR3qpFE=,DiNzYKIeCmfAeHBomfWGPtZqjD4=
17,0,YNgvN4PQQ41ihSdSV55NxR3qpFE=,JG8KhEe3lxjRhaAO2kbnQyqgx6o=
24,2,YNgvN4PQQ41ihSdSV55NxR3qpFE=,kaUs8JUbHQ31DkS8IxNZcObrbBM=
20,2,YNgvN4PQQ41ihSdSV55NxR3qpFE=,388u8inkP72UYDmsnyNfH/RTuK0=
21,3,YNgvN4PQQ41ihSdSV55NxR3qpFE=,388u8inkP72UYDmsnyNfH/RTuK0=
18,4,YNgvN4PQQ41ihSdSV55NxR3qpFE=,ahwHnndXUBqu5WLB3g9UqbyqhKk=
19,1,YNgvN4PQQ41ihSdSV55NxR3qpFE=,JG8KhEe3lxjRhaAO2kbnQyqgx6o=
17,3,YNgvN4PQQ41ihSdSV55NxR3qpFE=,JG8KhEe3lxjRhaAO2kbnQyqgx6o=
19,2,YNgvN4PQQ41ihSdSV55NxR3qpFE=,JG8KhEe3lxjRhaAO2kbnQyqgx6o=
17,4,YNgvN4PQQ41ihSdSV55NxR3qpFE=,ahwHnndXUBqu5WLB3g9UqbyqhKk=
20,0,YNgvN4PQQ41ihSdSV55NxR3qpFE=,388u8inkP72UYDmsnyNfH/RTuK0=
22,3,YNgvN4PQQ41ihSdSV55NxR3qpFE=,388u8inkP72UYDmsnyNfH/RTuK0=
16,4,YNgvN4PQQ41ihSdSV55NxR3qpFE=,ahwHnndXUBqu5WLB3g9UqbyqhKk=
16,3,YNgvN4PQQ41ihSdSV55NxR3qpFE=,JG8KhEe3lxjRhaAO2kbnQyqgx6o=
18,2,YNgvN4PQQ41ihSdSV55NxR3qpFE=,JG8KhEe3lxjRhaAO2kbnQyqgx6o=
18,1,YNgvN4PQQ41ihSdSV55NxR3qpFE=,JG8KhEe3lxjRhaAO2kbnQyqgx6o=
16,1,YNgvN4PQQ41ihSdSV55NxR3qpFE=,JG8KhEe3lxjRhaAO2kbnQyqgx6o=
23,3,YNgvN4PQQ41ihSdSV55NxR3qpFE=,388u8inkP72UYDmsnyNfH/RTuK0=
17,2,YNgvN4PQQ41ihSdSV55NxR3qpFE=,JG8KhEe3lxjRhaAO2kbnQyqgx6o=
23,0,YNgvN4PQQ41ihSdSV55NxR3qpFE=,388u8inkP72UYDmsnyNfH/RTuK0=
16,2,YNgvN4PQQ41ihSdSV55NxR3qpFE=,JG8KhEe3lxjRhaAO2kbnQyqgx6o=
17,1,YNgvN4PQQ41ihSdSV55NxR3qpFE=,JG8KhEe3lxjRhaAO2kbnQyqgx6o=
22,0,YNgvN4PQQ41ihSdSV55NxR3qpFE=,388u8inkP72UYDmsnyNfH/RTuK0=
19,4,YNgvN4PQQ41ihSdSV55NxR3qpFE=,ahwHnndXUBqu5WLB3g9UqbyqhKk=
24,0,YNgvN4PQQ41ihSdSV55NxR3qpFE=,kaUs8JUbHQ31DkS8IxNZcObrbBM=
23,1,YNgvN4PQQ41ihSdSV55NxR3qpFE=,388u8inkP72UYDmsnyNfH/RTuK0=
24,1,YNgvN4PQQ41ihSdSV55NxR3qpFE=,kaUs8JUbHQ31DkS8IxNZcObrbBM=
21,0,YNgvN4PQQ41ihSdSV55NxR3qpFE=,388u8inkP72UYDmsnyNfH/RTuK0=
22,1,YNgvN4PQQ41ihSdSV55NxR3qpFE=,388u8inkP72UYDmsnyNfH/RTuK0=
22,2,YNgvN4PQQ41ihSdSV55NxR3qpFE=,388u8inkP72UYDmsnyNfH/RTuK0=
24,4,YNgvN4PQQ41ihSdSV55NxR3qpFE=,ZeRjc78aYykgzcM72b9QuiueY20=
16,7,YNgvN4PQQ41ihSdSV55NxR3qpFE=,ahwHnndXUBqu5WLB3g9UqbyqhKk=
16,10,YNgvN4PQQ41ihSdSV55NxR3qpFE=,TMLDyjwJ6dzYJGSSChGXwYZ4aCA=
16,8,YNgvN4PQQ41ihSdSV55NxR3qpFE=,TMLDyjwJ6dzYJGSSChGXwYZ4aCA=
16,9,YNgvN4PQQ41ihSdSV55NxR3qpFE=,TMLDyjwJ6dzYJGSSChGXwYZ4aCA=
25,15,YNgvN4PQQ41ihSdSV55NxR3qpFE=,0zeUJS2DeVscfDGI7liJt8obgSU=
26,15,YNgvN4PQQ41ihSdSV55NxR3qpFE=,0zeUJS2DeVscfDGI7liJt8obgSU=
31,15,YNgvN4PQQ41ihSdSV55NxR3qpFE=,8bXAO1vbmpQ0o4N7sViVKLU3++0=
30,15,YNgvN4PQQ41ihSdSV55NxR3qpFE=,8bXAO1vbmpQ0o4N7sViVKLU3++0=
28,15,YNgvN4PQQ41ihSdSV55NxR3qpFE=,8bXAO1vbmpQ0o4N7sViVKLU3++0=
29,15,YNgvN4PQQ41ihSdSV55NxR3qpFE=,8bXAO1vbmpQ0o4N7sViVKLU3++0=
27,15,YNgvN4PQQ41ihSdSV55NxR3qpFE=,0zeUJS2DeVscfDGI7liJt8obgSU=
31,0,YNgvN4PQQ41ihSdSV55NxR3qpFE=,KAvzHwsdOk9rLsAonH3uJDBg6uo=
31,4,YNgvN4PQQ41ihSdSV55NxR3qpFE=,/HF9vgURf3BjioIA1SONpLuQKN0=
31,2,YNgvN4PQQ41ihSdSV55NxR3qpFE=,KAvzHwsdOk9rLsAonH3uJDBg6uo=
16,0,YNgvN4PQQ41ihSdSV55NxR3qpFE=,JG8KhEe3lxjRhaAO2kbnQyqgx6o=
31,3,YNgvN4PQQ41ihSdSV55NxR3qpFE=,KAvzHwsdOk9rLsAonH3uJDBg6uo=
31,1,YNgvN4PQQ41ihSdSV55NxR3qpFE=,KAvzHwsdOk9rLsAonH3uJDBg6uo=
17,15,YNgvN4PQQ41ihSdSV55NxR3qpFE=,9r40lMeB6do+vmKZ7S9OOfKUDtw=
18,14,YNgvN4PQQ41ihSdSV55NxR3qpFE=,9r40lMeB6do+vmKZ7S9OOfKUDtw=
17,12,YNgvN4PQQ41ihSdSV55NxR3qpFE=,9r40lMeB6do+vmKZ7S9OOfKUDtw=
18,15,YNgvN4PQQ41ihSdSV55NxR3qpFE=,9r40lMeB6do+vmKZ7S9OOfKUDtw=
16,15,YNgvN4PQQ41ihSdSV55NxR3qpFE=,9r40lMeB6do+vmKZ7S9OOfKUDtw=
18,12,YNgvN4PQQ41ihSdSV55NxR3qpFE=,9r40lMeB6do+vmKZ7S9OOfKUDtw=
18,11,YNgvN4PQQ41ihSdSV55NxR3qpFE=,TMLDyjwJ6dzYJGSSChGXwYZ4aCA=
17,14,YNgvN4PQQ41ihSdSV55NxR3qpFE=,9r40lMeB6do+vmKZ7S9OOfKUDtw=
16,14,YNgvN4PQQ41ihSdSV55NxR3qpFE=,9r40lMeB6do+vmKZ7S9OOfKUDtw=
18,13,YNgvN4PQQ41ihSdSV55NxR3qpFE=,9r40lMeB6do+vmKZ7S9OOfKUDtw=
16,13,YNgvN4PQQ41ihSdSV55NxR3qpFE=,9r40lMeB6do+vmKZ7S9OOfKUDtw=
16,11,YNgvN4PQQ41ihSdSV55NxR3qpFE=,TMLDyjwJ6dzYJGSSChGXwYZ4aCA=
23,14,YNgvN4PQQ41ihSdSV55NxR3qpFE=,SSPVeDQBWohyrop5Ui7BMrEis/Q=
17,13,YNgvN4PQQ41ihSdSV55NxR3qpFE=,9r40lMeB6do+vmKZ7S9OOfKUDtw=
22,14,YNgvN4PQQ41ihSdSV55NxR3qpFE=,SSPVeDQBWohyrop5Ui7BMrEis/Q=
16,12,YNgvN4PQQ41ihSdSV55NxR3qpFE=,9r40lMeB6do+vmKZ7S9OOfKUDtw=
19,15,YNgvN4PQQ41ihSdSV55NxR3qpFE=,9r40lMeB6do+vmKZ7S9OOfKUDtw=
19,12,YNgvN4PQQ41ihSdSV55NxR3qpFE=,9r40lMeB6do+vmKZ7S9OOfKUDtw=
21,14,YNgvN4PQQ41ihSdSV55NxR3qpFE=,SSPVeDQBWohyrop5Ui7BMrEis/Q=
24,12,YNgvN4PQQ41ihSdSV55NxR3qpFE=,0zeUJS2DeVscfDGI7liJt8obgSU=
19,14,YNgvN4PQQ41ihSdSV55NxR3qpFE=,9r40lMeB6do+vmKZ7S9OOfKUDtw=
19,11,YNgvN4PQQ41ihSdSV55NxR3qpFE=,TMLDyjwJ6dzYJGSSChGXwYZ4aCA=
20,15,YNgvN4PQQ41ihSdSV55NxR3qpFE=,SSPVeDQBWohyrop5Ui7BMrEis/Q=
17,11,YNgvN4PQQ41ihSdSV55NxR3qpFE=,TMLDyjwJ6dzYJGSSChGXwYZ4aCA=
24,15,YNgvN4PQQ41ihSdSV55NxR3qpFE=,0zeUJS2DeVscfDGI7liJt8obgSU=
20,14,YNgvN4PQQ41ihSdSV55NxR3qpFE=,SSPVeDQBWohyrop5Ui7BMrEis/Q=
24,13,YNgvN4PQQ41ihSdSV55NxR3qpFE=,0zeUJS2DeVscfDGI7liJt8obgSU=
23,15,YNgvN4PQQ41ihSdSV55NxR3qpFE=,SSPVeDQBWohyrop5Ui7BMrEis/Q=
23,11,YNgvN4PQQ41ihSdSV55NxR3qpFE=,foN7VN+3oRuVELrw77r9woHX3jw=
21,15,YNgvN4PQQ41ihSdSV55NxR3qpFE=,SSPVeDQBWohyrop5Ui7BMrEis/Q=
24,11,YNgvN4PQQ41ihSdSV55NxR3qpFE=,Nw9z4glP6seA441qwAZhgFd40vk=
24,14,YNgvN4PQQ41ihSdSV55NxR3qpFE=,0zeUJS2DeVscfDGI7liJt8obgSU=
23,13,YNgvN4PQQ41ihSdSV55NxR3qpFE=,SSPVeDQBWohyrop5Ui7BMrEis/Q=
22,11,YNgvN4PQQ41ihSdSV55NxR3qpFE=,foN7VN+3oRuVELrw77r9woHX3jw=
19,13,YNgvN4PQQ41ihSdSV55NxR3qpFE=,9r40lMeB6do+vmKZ7S9OOfKUDtw=
22,15,YNgvN4PQQ41ihSdSV55NxR3qpFE=,SSPVeDQBWohyrop5Ui7BMrEis/Q=
20,12,YNgvN4PQQ41ihSdSV55NxR3qpFE=,SSPVeDQBWohyrop5Ui7BMrEis/Q=
21,13,YNgvN4PQQ41ihSdSV55NxR3qpFE=,SSPVeDQBWohyrop5Ui7BMrEis/Q=
22,13,YNgvN4PQQ41ihSdSV55NxR3qpFE=,SSPVeDQBWohyrop5Ui7BMrEis/Q=
21,11,YNgvN4PQQ41ihSdSV55NxR3qpFE=,foN7VN+3oRuVELrw77r9woHX3jw=
20,11,YNgvN4PQQ41ihSdSV55NxR3qpFE=,foN7VN+3oRuVELrw77r9woHX3jw=
23,12,YNgvN4PQQ41ihSdSV55NxR3qpFE=,SSPVeDQBWohyrop5Ui7BMrEis/Q=
20,13,YNgvN4PQQ41ihSdSV55NxR3qpFE=,SSPVeDQBWohyrop5Ui7BMrEis/Q=
22,12,YNgvN4PQQ41ihSdSV55NxR3qpFE=,SSPVeDQBWohyrop5Ui7BMrEis/Q=
21,12,YNgvN4PQQ41ihSdSV55NxR3qpFE=,SSPVeDQBWohyrop5Ui7BMrEis/Q=
