38,-35,tPL1aK5adss2q1t1NUPvvbYJR8o=,WqB5++QkRXiYuJ7ntj6E3V1nzVo=
38,-34,tPL1aK5adss2q1t1NUPvvbYJR8o=,WqB5++QkRXiYuJ7ntj6E3V1nzVo=
37,-34,tPL1aK5adss2q1t1NUPvvbYJR8o=,WqB5++QkRXiYuJ7ntj6E3V1nzVo=
37,-35,tPL1aK5adss2q1t1NUPvvbYJR8o=,WqB5++QkRXiYuJ7ntj6E3V1nzVo=
38,-37,tPL1aK5adss2q1t1NUPvvbYJR8o=,B+gdhjy67OVJdwQjQTaCwMqIIjQ=
38,-36,tPL1aK5adss2q1t1NUPvvbYJR8o=,WqB5++QkRXiYuJ7ntj6E3V1nzVo=
38,-38,tPL1aK5adss2q1t1NUPvvbYJR8o=,B+gdhjy67OVJdwQjQTaCwMqIIjQ=
38,-39,tPL1aK5adss2q1t1NUPvvbYJR8o=,B+gdhjy67OVJdwQjQTaCwMqIIjQ=
37,-38,tPL1aK5adss2q1t1NUPvvbYJR8o=,B+gdhjy67OVJdwQjQTaCwMqIIjQ=
37,-39,tPL1aK5adss2q1t1NUPvvbYJR8o=,B+gdhjy67OVJdwQjQTaCwMqIIjQ=
37,-36,tPL1aK5adss2q1t1NUPvvbYJR8o=,WqB5++QkRXiYuJ7ntj6E3V1nzVo=
37,-37,tPL1aK5adss2q1t1NUPvvbYJR8o=,B+gdhjy67OVJdwQjQTaCwMqIIjQ=
33,-34,tPL1aK5adss2q1t1NUPvvbYJR8o=,h5gvnZwA8qKuo+0gcGKHqsA18C8=
34,-34,tPL1aK5adss2q1t1NUPvvbYJR8o=,h5gvnZwA8qKuo+0gcGKHqsA18C8=
35,-35,tPL1aK5adss2q1t1NUPvvbYJR8o=,h5gvnZwA8qKuo+0gcGKHqsA18C8=
34,-35,tPL1aK5adss2q1t1NUPvvbYJR8o=,h5gvnZwA8qKuo+0gcGKHqsA18C8=
36,-35,tPL1aK5adss2q1t1NUPvvbYJR8o=,WqB5++QkRXiYuJ7ntj6E3V1nzVo=
33,-35,tPL1aK5adss2q1t1NUPvvbYJR8o=,h5gvnZwA8qKuo+0gcGKHqsA18C8=
35,-34,tPL1aK5adss2q1t1NUPvvbYJR8o=,h5gvnZwA8qKuo+0gcGKHqsA18C8=
36,-34,tPL1aK5adss2q1t1NUPvvbYJR8o=,WqB5++QkRXiYuJ7ntj6E3V1nzVo=
33,-36,tPL1aK5adss2q1t1NUPvvbYJR8o=,h5gvnZwA8qKuo+0gcGKHqsA18C8=
34,-36,tPL1aK5adss2q1t1NUPvvbYJR8o=,h5gvnZwA8qKuo+0gcGKHqsA18C8=
36,-38,tPL1aK5adss2q1t1NUPvvbYJR8o=,B+gdhjy67OVJdwQjQTaCwMqIIjQ=
33,-39,tPL1aK5adss2q1t1NUPvvbYJR8o=,Uz6j3D4/An4T2UYfTDizi+O+yMQ=
35,-36,tPL1aK5adss2q1t1NUPvvbYJR8o=,h5gvnZwA8qKuo+0gcGKHqsA18C8=
34,-39,tPL1aK5adss2q1t1NUPvvbYJR8o=,Uz6j3D4/An4T2UYfTDizi+O+yMQ=
35,-37,tPL1aK5adss2q1t1NUPvvbYJR8o=,Uz6j3D4/An4T2UYfTDizi+O+yMQ=
35,-39,tPL1aK5adss2q1t1NUPvvbYJR8o=,Uz6j3D4/An4T2UYfTDizi+O+yMQ=
33,-37,tPL1aK5adss2q1t1NUPvvbYJR8o=,Uz6j3D4/An4T2UYfTDizi+O+yMQ=
33,-38,tPL1aK5adss2q1t1NUPvvbYJR8o=,Uz6j3D4/An4T2UYfTDizi+O+yMQ=
34,-37,tPL1aK5adss2q1t1NUPvvbYJR8o=,Uz6j3D4/An4T2UYfTDizi+O+yMQ=
36,-39,tPL1aK5adss2q1t1NUPvvbYJR8o=,B+gdhjy67OVJdwQjQTaCwMqIIjQ=
36,-37,tPL1aK5adss2q1t1NUPvvbYJR8o=,B+gdhjy67OVJdwQjQTaCwMqIIjQ=
35,-38,tPL1aK5adss2q1t1NUPvvbYJR8o=,Uz6j3D4/An4T2UYfTDizi+O+yMQ=
36,-36,tPL1aK5adss2q1t1NUPvvbYJR8o=,WqB5++QkRXiYuJ7ntj6E3V1nzVo=
34,-38,tPL1aK5adss2q1t1NUPvvbYJR8o=,Uz6j3D4/An4T2UYfTDizi+O+yMQ=
40,-39,tPL1aK5adss2q1t1NUPvvbYJR8o=,AUalOTlbDR95/UnkeDWoN06AIrA=
40,-38,tPL1aK5adss2q1t1NUPvvbYJR8o=,AUalOTlbDR95/UnkeDWoN06AIrA=
39,-38,tPL1aK5adss2q1t1NUPvvbYJR8o=,B+gdhjy67OVJdwQjQTaCwMqIIjQ=
39,-39,tPL1aK5adss2q1t1NUPvvbYJR8o=,B+gdhjy67OVJdwQjQTaCwMqIIjQ=
41,-39,tPL1aK5adss2q1t1NUPvvbYJR8o=,AUalOTlbDR95/UnkeDWoN06AIrA=
41,-38,tPL1aK5adss2q1t1NUPvvbYJR8o=,AUalOTlbDR95/UnkeDWoN06AIrA=
42,-39,tPL1aK5adss2q1t1NUPvvbYJR8o=,AUalOTlbDR95/UnkeDWoN06AIrA=
42,-38,tPL1aK5adss2q1t1NUPvvbYJR8o=,AUalOTlbDR95/UnkeDWoN06AIrA=
33,-40,tPL1aK5adss2q1t1NUPvvbYJR8o=,Uz6j3D4/An4T2UYfTDizi+O+yMQ=
34,-40,tPL1aK5adss2q1t1NUPvvbYJR8o=,Uz6j3D4/An4T2UYfTDizi+O+yMQ=
41,-41,tPL1aK5adss2q1t1NUPvvbYJR8o=,m+iSSEgOOAl3eWhe5xYfpXlL584=
41,-43,tPL1aK5adss2q1t1NUPvvbYJR8o=,m+iSSEgOOAl3eWhe5xYfpXlL584=
41,-44,tPL1aK5adss2q1t1NUPvvbYJR8o=,m+iSSEgOOAl3eWhe5xYfpXlL584=
42,-44,tPL1aK5adss2q1t1NUPvvbYJR8o=,m+iSSEgOOAl3eWhe5xYfpXlL584=
42,-42,tPL1aK5adss2q1t1NUPvvbYJR8o=,m+iSSEgOOAl3eWhe5xYfpXlL584=
42,-43,tPL1aK5adss2q1t1NUPvvbYJR8o=,m+iSSEgOOAl3eWhe5xYfpXlL584=
41,-40,tPL1aK5adss2q1t1NUPvvbYJR8o=,AUalOTlbDR95/UnkeDWoN06AIrA=
42,-41,tPL1aK5adss2q1t1NUPvvbYJR8o=,m+iSSEgOOAl3eWhe5xYfpXlL584=
41,-42,tPL1aK5adss2q1t1NUPvvbYJR8o=,m+iSSEgOOAl3eWhe5xYfpXlL584=
42,-40,tPL1aK5adss2q1t1NUPvvbYJR8o=,AUalOTlbDR95/UnkeDWoN06AIrA=
39,-41,tPL1aK5adss2q1t1NUPvvbYJR8o=,24UB7sN8PnmDZnMa6/1kqcNmmso=
38,-41,tPL1aK5adss2q1t1NUPvvbYJR8o=,24UB7sN8PnmDZnMa6/1kqcNmmso=
36,-43,tPL1aK5adss2q1t1NUPvvbYJR8o=,24UB7sN8PnmDZnMa6/1kqcNmmso=
37,-41,tPL1aK5adss2q1t1NUPvvbYJR8o=,24UB7sN8PnmDZnMa6/1kqcNmmso=
37,-43,tPL1aK5adss2q1t1NUPvvbYJR8o=,24UB7sN8PnmDZnMa6/1kqcNmmso=
36,-40,tPL1aK5adss2q1t1NUPvvbYJR8o=,B+gdhjy67OVJdwQjQTaCwMqIIjQ=
40,-43,tPL1aK5adss2q1t1NUPvvbYJR8o=,m+iSSEgOOAl3eWhe5xYfpXlL584=
36,-41,tPL1aK5adss2q1t1NUPvvbYJR8o=,24UB7sN8PnmDZnMa6/1kqcNmmso=
39,-42,tPL1aK5adss2q1t1NUPvvbYJR8o=,24UB7sN8PnmDZnMa6/1kqcNmmso=
38,-42,tPL1aK5adss2q1t1NUPvvbYJR8o=,24UB7sN8PnmDZnMa6/1kqcNmmso=
37,-42,tPL1aK5adss2q1t1NUPvvbYJR8o=,24UB7sN8PnmDZnMa6/1kqcNmmso=
36,-42,tPL1aK5adss2q1t1NUPvvbYJR8o=,24UB7sN8PnmDZnMa6/1kqcNmmso=
40,-41,tPL1aK5adss2q1t1NUPvvbYJR8o=,m+iSSEgOOAl3eWhe5xYfpXlL584=
38,-43,tPL1aK5adss2q1t1NUPvvbYJR8o=,24UB7sN8PnmDZnMa6/1kqcNmmso=
39,-43,tPL1aK5adss2q1t1NUPvvbYJR8o=,24UB7sN8PnmDZnMa6/1kqcNmmso=
35,-40,tPL1aK5adss2q1t1NUPvvbYJR8o=,Uz6j3D4/An4T2UYfTDizi+O+yMQ=
46,-43,tPL1aK5adss2q1t1NUPvvbYJR8o=,XeJ606qIV8vfJFwJiMZTt8c9xME=
39,-40,tPL1aK5adss2q1t1NUPvvbYJR8o=,B+gdhjy67OVJdwQjQTaCwMqIIjQ=
46,-42,tPL1aK5adss2q1t1NUPvvbYJR8o=,XeJ606qIV8vfJFwJiMZTt8c9xME=
45,-42,tPL1aK5adss2q1t1NUPvvbYJR8o=,XeJ606qIV8vfJFwJiMZTt8c9xME=
43,-42,tPL1aK5adss2q1t1NUPvvbYJR8o=,m+iSSEgOOAl3eWhe5xYfpXlL584=
45,-43,tPL1aK5adss2q1t1NUPvvbYJR8o=,XeJ606qIV8vfJFwJiMZTt8c9xME=
44,-43,tPL1aK5adss2q1t1NUPvvbYJR8o=,XeJ606qIV8vfJFwJiMZTt8c9xME=
37,-40,tPL1aK5adss2q1t1NUPvvbYJR8o=,B+gdhjy67OVJdwQjQTaCwMqIIjQ=
44,-42,tPL1aK5adss2q1t1NUPvvbYJR8o=,XeJ606qIV8vfJFwJiMZTt8c9xME=
40,-40,tPL1aK5adss2q1t1NUPvvbYJR8o=,AUalOTlbDR95/UnkeDWoN06AIrA=
43,-43,tPL1aK5adss2q1t1NUPvvbYJR8o=,m+iSSEgOOAl3eWhe5xYfpXlL584=
38,-40,tPL1aK5adss2q1t1NUPvvbYJR8o=,B+gdhjy67OVJdwQjQTaCwMqIIjQ=
40,-42,tPL1aK5adss2q1t1NUPvvbYJR8o=,m+iSSEgOOAl3eWhe5xYfpXlL584=
46,-41,tPL1aK5adss2q1t1NUPvvbYJR8o=,XeJ606qIV8vfJFwJiMZTt8c9xME=
45,-41,tPL1aK5adss2q1t1NUPvvbYJR8o=,XeJ606qIV8vfJFwJiMZTt8c9xME=
44,-41,tPL1aK5adss2q1t1NUPvvbYJR8o=,XeJ606qIV8vfJFwJiMZTt8c9xME=
43,-40,tPL1aK5adss2q1t1NUPvvbYJR8o=,AUalOTlbDR95/UnkeDWoN06AIrA=
43,-41,tPL1aK5adss2q1t1NUPvvbYJR8o=,m+iSSEgOOAl3eWhe5xYfpXlL584=
43,-38,tPL1aK5adss2q1t1NUPvvbYJR8o=,AUalOTlbDR95/UnkeDWoN06AIrA=
43,-39,tPL1aK5adss2q1t1NUPvvbYJR8o=,AUalOTlbDR95/UnkeDWoN06AIrA=
40,-37,tPL1aK5adss2q1t1NUPvvbYJR8o=,AUalOTlbDR95/UnkeDWoN06AIrA=
42,-37,tPL1aK5adss2q1t1NUPvvbYJR8o=,AUalOTlbDR95/UnkeDWoN06AIrA=
41,-34,tPL1aK5adss2q1t1NUPvvbYJR8o=,IIudLV/AEnQrbTKLY/sI7ErTSnc=
39,-37,tPL1aK5adss2q1t1NUPvvbYJR8o=,B+gdhjy67OVJdwQjQTaCwMqIIjQ=
39,-34,tPL1aK5adss2q1t1NUPvvbYJR8o=,WqB5++QkRXiYuJ7ntj6E3V1nzVo=
42,-34,tPL1aK5adss2q1t1NUPvvbYJR8o=,IIudLV/AEnQrbTKLY/sI7ErTSnc=
40,-34,tPL1aK5adss2q1t1NUPvvbYJR8o=,IIudLV/AEnQrbTKLY/sI7ErTSnc=
42,-35,tPL1aK5adss2q1t1NUPvvbYJR8o=,IIudLV/AEnQrbTKLY/sI7ErTSnc=
41,-35,tPL1aK5adss2q1t1NUPvvbYJR8o=,IIudLV/AEnQrbTKLY/sI7ErTSnc=
39,-35,tPL1aK5adss2q1t1NUPvvbYJR8o=,WqB5++QkRXiYuJ7ntj6E3V1nzVo=
42,-36,tPL1aK5adss2q1t1NUPvvbYJR8o=,IIudLV/AEnQrbTKLY/sI7ErTSnc=
40,-36,tPL1aK5adss2q1t1NUPvvbYJR8o=,IIudLV/AEnQrbTKLY/sI7ErTSnc=
40,-35,tPL1aK5adss2q1t1NUPvvbYJR8o=,IIudLV/AEnQrbTKLY/sI7ErTSnc=
41,-37,tPL1aK5adss2q1t1NUPvvbYJR8o=,AUalOTlbDR95/UnkeDWoN06AIrA=
41,-36,tPL1aK5adss2q1t1NUPvvbYJR8o=,IIudLV/AEnQrbTKLY/sI7ErTSnc=
39,-36,tPL1aK5adss2q1t1NUPvvbYJR8o=,WqB5++QkRXiYuJ7ntj6E3V1nzVo=
42,-33,tPL1aK5adss2q1t1NUPvvbYJR8o=,IIudLV/AEnQrbTKLY/sI7ErTSnc=
41,-33,tPL1aK5adss2q1t1NUPvvbYJR8o=,IIudLV/AEnQrbTKLY/sI7ErTSnc=
40,-33,tPL1aK5adss2q1t1NUPvvbYJR8o=,IIudLV/AEnQrbTKLY/sI7ErTSnc=
37,-33,tPL1aK5adss2q1t1NUPvvbYJR8o=,WqB5++QkRXiYuJ7ntj6E3V1nzVo=
38,-33,tPL1aK5adss2q1t1NUPvvbYJR8o=,WqB5++QkRXiYuJ7ntj6E3V1nzVo=
39,-33,tPL1aK5adss2q1t1NUPvvbYJR8o=,WqB5++QkRXiYuJ7ntj6E3V1nzVo=
36,-33,tPL1aK5adss2q1t1NUPvvbYJR8o=,WqB5++QkRXiYuJ7ntj6E3V1nzVo=
35,-33,tPL1aK5adss2q1t1NUPvvbYJR8o=,h5gvnZwA8qKuo+0gcGKHqsA18C8=
33,-33,tPL1aK5adss2q1t1NUPvvbYJR8o=,h5gvnZwA8qKuo+0gcGKHqsA18C8=
34,-33,tPL1aK5adss2q1t1NUPvvbYJR8o=,h5gvnZwA8qKuo+0gcGKHqsA18C8=
32,-36,tPL1aK5adss2q1t1NUPvvbYJR8o=,h5gvnZwA8qKuo+0gcGKHqsA18C8=
32,-35,tPL1aK5adss2q1t1NUPvvbYJR8o=,h5gvnZwA8qKuo+0gcGKHqsA18C8=
32,-37,tPL1aK5adss2q1t1NUPvvbYJR8o=,Uz6j3D4/An4T2UYfTDizi+O+yMQ=
32,-38,tPL1aK5adss2q1t1NUPvvbYJR8o=,Uz6j3D4/An4T2UYfTDizi+O+yMQ=
32,-34,tPL1aK5adss2q1t1NUPvvbYJR8o=,h5gvnZwA8qKuo+0gcGKHqsA18C8=
32,-39,tPL1aK5adss2q1t1NUPvvbYJR8o=,Uz6j3D4/An4T2UYfTDizi+O+yMQ=
32,-40,tPL1aK5adss2q1t1NUPvvbYJR8o=,Uz6j3D4/An4T2UYfTDizi+O+yMQ=
46,-44,tPL1aK5adss2q1t1NUPvvbYJR8o=,XeJ606qIV8vfJFwJiMZTt8c9xME=
45,-44,tPL1aK5adss2q1t1NUPvvbYJR8o=,XeJ606qIV8vfJFwJiMZTt8c9xME=
43,-44,tPL1aK5adss2q1t1NUPvvbYJR8o=,m+iSSEgOOAl3eWhe5xYfpXlL584=
44,-44,tPL1aK5adss2q1t1NUPvvbYJR8o=,XeJ606qIV8vfJFwJiMZTt8c9xME=
37,-44,tPL1aK5adss2q1t1NUPvvbYJR8o=,24UB7sN8PnmDZnMa6/1kqcNmmso=
39,-44,tPL1aK5adss2q1t1NUPvvbYJR8o=,24UB7sN8PnmDZnMa6/1kqcNmmso=
40,-44,tPL1aK5adss2q1t1NUPvvbYJR8o=,m+iSSEgOOAl3eWhe5xYfpXlL584=
38,-44,tPL1aK5adss2q1t1NUPvvbYJR8o=,24UB7sN8PnmDZnMa6/1kqcNmmso=
36,-44,tPL1aK5adss2q1t1NUPvvbYJR8o=,24UB7sN8PnmDZnMa6/1kqcNmmso=
47,-42,tPL1aK5adss2q1t1NUPvvbYJR8o=,XeJ606qIV8vfJFwJiMZTt8c9xME=
47,-43,tPL1aK5adss2q1t1NUPvvbYJR8o=,XeJ606qIV8vfJFwJiMZTt8c9xME=
43,-37,tPL1aK5adss2q1t1NUPvvbYJR8o=,AUalOTlbDR95/UnkeDWoN06AIrA=
43,-34,tPL1aK5adss2q1t1NUPvvbYJR8o=,IIudLV/AEnQrbTKLY/sI7ErTSnc=
43,-35,tPL1aK5adss2q1t1NUPvvbYJR8o=,IIudLV/AEnQrbTKLY/sI7ErTSnc=
43,-36,tPL1aK5adss2q1t1NUPvvbYJR8o=,IIudLV/AEnQrbTKLY/sI7ErTSnc=
43,-33,tPL1aK5adss2q1t1NUPvvbYJR8o=,IIudLV/AEnQrbTKLY/sI7ErTSnc=
32,-33,tPL1aK5adss2q1t1NUPvvbYJR8o=,h5gvnZwA8qKuo+0gcGKHqsA18C8=
47,-44,tPL1aK5adss2q1t1NUPvvbYJR8o=,XeJ606qIV8vfJFwJiMZTt8c9xME=
47,-41,tPL1aK5adss2q1t1NUPvvbYJR8o=,XeJ606qIV8vfJFwJiMZTt8c9xME=
