-13,-11,o3ERQTwyHJnB6l8o7vZoWazN7ww=,k86k3NakKudmMT2kGdTJiuI5W6Y=
-12,-11,o3ERQTwyHJnB6l8o7vZoWazN7ww=,k86k3NakKudmMT2kGdTJiuI5W6Y=
-15,-11,o3ERQTwyHJnB6l8o7vZoWazN7ww=,k86k3NakKudmMT2kGdTJiuI5W6Y=
-14,-11,o3ERQTwyHJnB6l8o7vZoWazN7ww=,k86k3NakKudmMT2kGdTJiuI5W6Y=
-10,-12,o3ERQTwyHJnB6l8o7vZoWazN7ww=,k86k3NakKudmMT2kGdTJiuI5W6Y=
-11,-11,o3ERQTwyHJnB6l8o7vZoWazN7ww=,k86k3NakKudmMT2kGdTJiuI5W6Y=
-11,-12,o3ERQTwyHJnB6l8o7vZoWazN7ww=,k86k3NakKudmMT2kGdTJiuI5W6Y=
-12,-12,o3ERQTwyHJnB6l8o7vZoWazN7ww=,k86k3NakKudmMT2kGdTJiuI5W6Y=
-12,-5,o3ERQTwyHJnB6l8o7vZoWazN7ww=,SjEKRRzFw2GRU8fiCgfdX+yZihk=
-10,-11,o3ERQTwyHJnB6l8o7vZoWazN7ww=,k86k3NakKudmMT2kGdTJiuI5W6Y=
-14,-5,o3ERQTwyHJnB6l8o7vZoWazN7ww=,SjEKRRzFw2GRU8fiCgfdX+yZihk=
-13,-5,o3ERQTwyHJnB6l8o7vZoWazN7ww=,SjEKRRzFw2GRU8fiCgfdX+yZihk=
-13,-12,o3ERQTwyHJnB6l8o7vZoWazN7ww=,k86k3NakKudmMT2kGdTJiuI5W6Y=
-11,-5,o3ERQTwyHJnB6l8o7vZoWazN7ww=,SjEKRRzFw2GRU8fiCgfdX+yZihk=
-15,-15,o3ERQTwyHJnB6l8o7vZoWazN7ww=,k86k3NakKudmMT2kGdTJiuI5W6Y=
-14,-12,o3ERQTwyHJnB6l8o7vZoWazN7ww=,k86k3NakKudmMT2kGdTJiuI5W6Y=
-15,-5,o3ERQTwyHJnB6l8o7vZoWazN7ww=,SjEKRRzFw2GRU8fiCgfdX+yZihk=
-10,-13,o3ERQTwyHJnB6l8o7vZoWazN7ww=,k86k3NakKudmMT2kGdTJiuI5W6Y=
-15,-12,o3ERQTwyHJnB6l8o7vZoWazN7ww=,k86k3NakKudmMT2kGdTJiuI5W6Y=
-13,-13,o3ERQTwyHJnB6l8o7vZoWazN7ww=,k86k3NakKudmMT2kGdTJiuI5W6Y=
-11,-13,o3ERQTwyHJnB6l8o7vZoWazN7ww=,k86k3NakKudmMT2kGdTJiuI5W6Y=
-12,-13,o3ERQTwyHJnB6l8o7vZoWazN7ww=,k86k3NakKudmMT2kGdTJiuI5W6Y=
-14,-15,o3ERQTwyHJnB6l8o7vZoWazN7ww=,k86k3NakKudmMT2kGdTJiuI5W6Y=
-10,-5,o3ERQTwyHJnB6l8o7vZoWazN7ww=,SjEKRRzFw2GRU8fiCgfdX+yZihk=
-14,-13,o3ERQTwyHJnB6l8o7vZoWazN7ww=,k86k3NakKudmMT2kGdTJiuI5W6Y=
-10,-14,o3ERQTwyHJnB6l8o7vZoWazN7ww=,k86k3NakKudmMT2kGdTJiuI5W6Y=
-13,-15,o3ERQTwyHJnB6l8o7vZoWazN7ww=,k86k3NakKudmMT2kGdTJiuI5W6Y=
-15,-4,o3ERQTwyHJnB6l8o7vZoWazN7ww=,SjEKRRzFw2GRU8fiCgfdX+yZihk=
-15,-13,o3ERQTwyHJnB6l8o7vZoWazN7ww=,k86k3NakKudmMT2kGdTJiuI5W6Y=
-10,-6,o3ERQTwyHJnB6l8o7vZoWazN7ww=,SjEKRRzFw2GRU8fiCgfdX+yZihk=
-12,-15,o3ERQTwyHJnB6l8o7vZoWazN7ww=,k86k3NakKudmMT2kGdTJiuI5W6Y=
-11,-14,o3ERQTwyHJnB6l8o7vZoWazN7ww=,k86k3NakKudmMT2kGdTJiuI5W6Y=
-12,-14,o3ERQTwyHJnB6l8o7vZoWazN7ww=,k86k3NakKudmMT2kGdTJiuI5W6Y=
-10,-10,o3ERQTwyHJnB6l8o7vZoWazN7ww=,k86k3NakKudmMT2kGdTJiuI5W6Y=
-11,-15,o3ERQTwyHJnB6l8o7vZoWazN7ww=,k86k3NakKudmMT2kGdTJiuI5W6Y=
-10,-15,o3ERQTwyHJnB6l8o7vZoWazN7ww=,k86k3NakKudmMT2kGdTJiuI5W6Y=
-11,-6,o3ERQTwyHJnB6l8o7vZoWazN7ww=,SjEKRRzFw2GRU8fiCgfdX+yZihk=
-11,-10,o3ERQTwyHJnB6l8o7vZoWazN7ww=,k86k3NakKudmMT2kGdTJiuI5W6Y=
-12,-10,o3ERQTwyHJnB6l8o7vZoWazN7ww=,k86k3NakKudmMT2kGdTJiuI5W6Y=
-14,-4,o3ERQTwyHJnB6l8o7vZoWazN7ww=,SjEKRRzFw2GRU8fiCgfdX+yZihk=
-13,-14,o3ERQTwyHJnB6l8o7vZoWazN7ww=,k86k3NakKudmMT2kGdTJiuI5W6Y=
-12,-6,o3ERQTwyHJnB6l8o7vZoWazN7ww=,SjEKRRzFw2GRU8fiCgfdX+yZihk=
-13,-10,o3ERQTwyHJnB6l8o7vZoWazN7ww=,k86k3NakKudmMT2kGdTJiuI5W6Y=
-15,-10,o3ERQTwyHJnB6l8o7vZoWazN7ww=,k86k3NakKudmMT2kGdTJiuI5W6Y=
-14,-10,o3ERQTwyHJnB6l8o7vZoWazN7ww=,k86k3NakKudmMT2kGdTJiuI5W6Y=
-13,-4,o3ERQTwyHJnB6l8o7vZoWazN7ww=,SjEKRRzFw2GRU8fiCgfdX+yZihk=
-14,-6,o3ERQTwyHJnB6l8o7vZoWazN7ww=,SjEKRRzFw2GRU8fiCgfdX+yZihk=
-15,-14,o3ERQTwyHJnB6l8o7vZoWazN7ww=,k86k3NakKudmMT2kGdTJiuI5W6Y=
-13,-6,o3ERQTwyHJnB6l8o7vZoWazN7ww=,SjEKRRzFw2GRU8fiCgfdX+yZihk=
-15,-6,o3ERQTwyHJnB6l8o7vZoWazN7ww=,SjEKRRzFw2GRU8fiCgfdX+yZihk=
-14,-14,o3ERQTwyHJnB6l8o7vZoWazN7ww=,k86k3NakKudmMT2kGdTJiuI5W6Y=
-10,-7,o3ERQTwyHJnB6l8o7vZoWazN7ww=,SjEKRRzFw2GRU8fiCgfdX+yZihk=
-12,-4,o3ERQTwyHJnB6l8o7vZoWazN7ww=,SjEKRRzFw2GRU8fiCgfdX+yZihk=
-15,-7,o3ERQTwyHJnB6l8o7vZoWazN7ww=,SjEKRRzFw2GRU8fiCgfdX+yZihk=
-14,-7,o3ERQTwyHJnB6l8o7vZoWazN7ww=,SjEKRRzFw2GRU8fiCgfdX+yZihk=
-13,-7,o3ERQTwyHJnB6l8o7vZoWazN7ww=,SjEKRRzFw2GRU8fiCgfdX+yZihk=
-12,-7,o3ERQTwyHJnB6l8o7vZoWazN7ww=,SjEKRRzFw2GRU8fiCgfdX+yZihk=
-11,-4,o3ERQTwyHJnB6l8o7vZoWazN7ww=,SjEKRRzFw2GRU8fiCgfdX+yZihk=
-10,-8,o3ERQTwyHJnB6l8o7vZoWazN7ww=,SjEKRRzFw2GRU8fiCgfdX+yZihk=
-11,-8,o3ERQTwyHJnB6l8o7vZoWazN7ww=,SjEKRRzFw2GRU8fiCgfdX+yZihk=
-13,-8,o3ERQTwyHJnB6l8o7vZoWazN7ww=,SjEKRRzFw2GRU8fiCgfdX+yZihk=
-11,-7,o3ERQTwyHJnB6l8o7vZoWazN7ww=,SjEKRRzFw2GRU8fiCgfdX+yZihk=
-10,-4,o3ERQTwyHJnB6l8o7vZoWazN7ww=,SjEKRRzFw2GRU8fiCgfdX+yZihk=
-10,-2,o3ERQTwyHJnB6l8o7vZoWazN7ww=,SjEKRRzFw2GRU8fiCgfdX+yZihk=
-12,-8,o3ERQTwyHJnB6l8o7vZoWazN7ww=,SjEKRRzFw2GRU8fiCgfdX+yZihk=
-15,-8,o3ERQTwyHJnB6l8o7vZoWazN7ww=,SjEKRRzFw2GRU8fiCgfdX+yZihk=
-15,-3,o3ERQTwyHJnB6l8o7vZoWazN7ww=,SjEKRRzFw2GRU8fiCgfdX+yZihk=
-10,-9,o3ERQTwyHJnB6l8o7vZoWazN7ww=,k86k3NakKudmMT2kGdTJiuI5W6Y=
-11,-9,o3ERQTwyHJnB6l8o7vZoWazN7ww=,k86k3NakKudmMT2kGdTJiuI5W6Y=
-11,-2,o3ERQTwyHJnB6l8o7vZoWazN7ww=,SjEKRRzFw2GRU8fiCgfdX+yZihk=
-14,-3,o3ERQTwyHJnB6l8o7vZoWazN7ww=,SjEKRRzFw2GRU8fiCgfdX+yZihk=
-13,-9,o3ERQTwyHJnB6l8o7vZoWazN7ww=,k86k3NakKudmMT2kGdTJiuI5W6Y=
-12,-9,o3ERQTwyHJnB6l8o7vZoWazN7ww=,k86k3NakKudmMT2kGdTJiuI5W6Y=
-14,-9,o3ERQTwyHJnB6l8o7vZoWazN7ww=,k86k3NakKudmMT2kGdTJiuI5W6Y=
-14,-2,o3ERQTwyHJnB6l8o7vZoWazN7ww=,SjEKRRzFw2GRU8fiCgfdX+yZihk=
-15,-2,o3ERQTwyHJnB6l8o7vZoWazN7ww=,SjEKRRzFw2GRU8fiCgfdX+yZihk=
-15,-9,o3ERQTwyHJnB6l8o7vZoWazN7ww=,k86k3NakKudmMT2kGdTJiuI5W6Y=
-12,-2,o3ERQTwyHJnB6l8o7vZoWazN7ww=,SjEKRRzFw2GRU8fiCgfdX+yZihk=
-13,-3,o3ERQTwyHJnB6l8o7vZoWazN7ww=,SjEKRRzFw2GRU8fiCgfdX+yZihk=
-13,-2,o3ERQTwyHJnB6l8o7vZoWazN7ww=,SjEKRRzFw2GRU8fiCgfdX+yZihk=
-10,-3,o3ERQTwyHJnB6l8o7vZoWazN7ww=,SjEKRRzFw2GRU8fiCgfdX+yZihk=
-11,-3,o3ERQTwyHJnB6l8o7vZoWazN7ww=,SjEKRRzFw2GRU8fiCgfdX+yZihk=
-12,-3,o3ERQTwyHJnB6l8o7vZoWazN7ww=,SjEKRRzFw2GRU8fiCgfdX+yZihk=
-8,-15,o3ERQTwyHJnB6l8o7vZoWazN7ww=,/d4oD7XTOr3OaWjEg/fPOLKk5dY=
-14,-8,o3ERQTwyHJnB6l8o7vZoWazN7ww=,SjEKRRzFw2GRU8fiCgfdX+yZihk=
-7,-15,o3ERQTwyHJnB6l8o7vZoWazN7ww=,/d4oD7XTOr3OaWjEg/fPOLKk5dY=
-3,-10,o3ERQTwyHJnB6l8o7vZoWazN7ww=,/d4oD7XTOr3OaWjEg/fPOLKk5dY=
-2,-10,o3ERQTwyHJnB6l8o7vZoWazN7ww=,/d4oD7XTOr3OaWjEg/fPOLKk5dY=
-9,-12,o3ERQTwyHJnB6l8o7vZoWazN7ww=,k86k3NakKudmMT2kGdTJiuI5W6Y=
-6,-15,o3ERQTwyHJnB6l8o7vZoWazN7ww=,/d4oD7XTOr3OaWjEg/fPOLKk5dY=
-4,-10,o3ERQTwyHJnB6l8o7vZoWazN7ww=,/d4oD7XTOr3OaWjEg/fPOLKk5dY=
-5,-15,o3ERQTwyHJnB6l8o7vZoWazN7ww=,/d4oD7XTOr3OaWjEg/fPOLKk5dY=
-5,-10,o3ERQTwyHJnB6l8o7vZoWazN7ww=,/d4oD7XTOr3OaWjEg/fPOLKk5dY=
-6,-10,o3ERQTwyHJnB6l8o7vZoWazN7ww=,/d4oD7XTOr3OaWjEg/fPOLKk5dY=
-4,-15,o3ERQTwyHJnB6l8o7vZoWazN7ww=,/d4oD7XTOr3OaWjEg/fPOLKk5dY=
-2,-11,o3ERQTwyHJnB6l8o7vZoWazN7ww=,/d4oD7XTOr3OaWjEg/fPOLKk5dY=
-3,-11,o3ERQTwyHJnB6l8o7vZoWazN7ww=,/d4oD7XTOr3OaWjEg/fPOLKk5dY=
-7,-10,o3ERQTwyHJnB6l8o7vZoWazN7ww=,/d4oD7XTOr3OaWjEg/fPOLKk5dY=
-3,-15,o3ERQTwyHJnB6l8o7vZoWazN7ww=,/d4oD7XTOr3OaWjEg/fPOLKk5dY=
-8,-10,o3ERQTwyHJnB6l8o7vZoWazN7ww=,/d4oD7XTOr3OaWjEg/fPOLKk5dY=
-4,-11,o3ERQTwyHJnB6l8o7vZoWazN7ww=,/d4oD7XTOr3OaWjEg/fPOLKk5dY=
-9,-13,o3ERQTwyHJnB6l8o7vZoWazN7ww=,k86k3NakKudmMT2kGdTJiuI5W6Y=
-5,-11,o3ERQTwyHJnB6l8o7vZoWazN7ww=,/d4oD7XTOr3OaWjEg/fPOLKk5dY=
-6,-11,o3ERQTwyHJnB6l8o7vZoWazN7ww=,/d4oD7XTOr3OaWjEg/fPOLKk5dY=
-2,-15,o3ERQTwyHJnB6l8o7vZoWazN7ww=,/d4oD7XTOr3OaWjEg/fPOLKk5dY=
-2,-12,o3ERQTwyHJnB6l8o7vZoWazN7ww=,/d4oD7XTOr3OaWjEg/fPOLKk5dY=
-3,-12,o3ERQTwyHJnB6l8o7vZoWazN7ww=,/d4oD7XTOr3OaWjEg/fPOLKk5dY=
-7,-11,o3ERQTwyHJnB6l8o7vZoWazN7ww=,/d4oD7XTOr3OaWjEg/fPOLKk5dY=
-8,-11,o3ERQTwyHJnB6l8o7vZoWazN7ww=,/d4oD7XTOr3OaWjEg/fPOLKk5dY=
-9,-11,o3ERQTwyHJnB6l8o7vZoWazN7ww=,k86k3NakKudmMT2kGdTJiuI5W6Y=
-4,-12,o3ERQTwyHJnB6l8o7vZoWazN7ww=,/d4oD7XTOr3OaWjEg/fPOLKk5dY=
-8,-14,o3ERQTwyHJnB6l8o7vZoWazN7ww=,/d4oD7XTOr3OaWjEg/fPOLKk5dY=
-5,-12,o3ERQTwyHJnB6l8o7vZoWazN7ww=,/d4oD7XTOr3OaWjEg/fPOLKk5dY=
-6,-12,o3ERQTwyHJnB6l8o7vZoWazN7ww=,/d4oD7XTOr3OaWjEg/fPOLKk5dY=
-7,-14,o3ERQTwyHJnB6l8o7vZoWazN7ww=,/d4oD7XTOr3OaWjEg/fPOLKk5dY=
-7,-12,o3ERQTwyHJnB6l8o7vZoWazN7ww=,/d4oD7XTOr3OaWjEg/fPOLKk5dY=
-2,-13,o3ERQTwyHJnB6l8o7vZoWazN7ww=,/d4oD7XTOr3OaWjEg/fPOLKk5dY=
-9,-10,o3ERQTwyHJnB6l8o7vZoWazN7ww=,k86k3NakKudmMT2kGdTJiuI5W6Y=
-6,-14,o3ERQTwyHJnB6l8o7vZoWazN7ww=,/d4oD7XTOr3OaWjEg/fPOLKk5dY=
-9,-14,o3ERQTwyHJnB6l8o7vZoWazN7ww=,k86k3NakKudmMT2kGdTJiuI5W6Y=
-8,-12,o3ERQTwyHJnB6l8o7vZoWazN7ww=,/d4oD7XTOr3OaWjEg/fPOLKk5dY=
-3,-13,o3ERQTwyHJnB6l8o7vZoWazN7ww=,/d4oD7XTOr3OaWjEg/fPOLKk5dY=
-4,-13,o3ERQTwyHJnB6l8o7vZoWazN7ww=,/d4oD7XTOr3OaWjEg/fPOLKk5dY=
-6,-13,o3ERQTwyHJnB6l8o7vZoWazN7ww=,/d4oD7XTOr3OaWjEg/fPOLKk5dY=
-5,-13,o3ERQTwyHJnB6l8o7vZoWazN7ww=,/d4oD7XTOr3OaWjEg/fPOLKk5dY=
-5,-14,o3ERQTwyHJnB6l8o7vZoWazN7ww=,/d4oD7XTOr3OaWjEg/fPOLKk5dY=
-7,-13,o3ERQTwyHJnB6l8o7vZoWazN7ww=,/d4oD7XTOr3OaWjEg/fPOLKk5dY=
-8,-13,o3ERQTwyHJnB6l8o7vZoWazN7ww=,/d4oD7XTOr3OaWjEg/fPOLKk5dY=
-4,-14,o3ERQTwyHJnB6l8o7vZoWazN7ww=,/d4oD7XTOr3OaWjEg/fPOLKk5dY=
-3,-14,o3ERQTwyHJnB6l8o7vZoWazN7ww=,/d4oD7XTOr3OaWjEg/fPOLKk5dY=
-9,-15,o3ERQTwyHJnB6l8o7vZoWazN7ww=,k86k3NakKudmMT2kGdTJiuI5W6Y=
-2,-14,o3ERQTwyHJnB6l8o7vZoWazN7ww=,/d4oD7XTOr3OaWjEg/fPOLKk5dY=
-6,-5,o3ERQTwyHJnB6l8o7vZoWazN7ww=,kdm6+D/+iBDthW1IYZ8BOQtxdEA=
-3,-2,o3ERQTwyHJnB6l8o7vZoWazN7ww=,kdm6+D/+iBDthW1IYZ8BOQtxdEA=
-4,-7,o3ERQTwyHJnB6l8o7vZoWazN7ww=,kdm6+D/+iBDthW1IYZ8BOQtxdEA=
-5,-9,o3ERQTwyHJnB6l8o7vZoWazN7ww=,/d4oD7XTOr3OaWjEg/fPOLKk5dY=
-3,-7,o3ERQTwyHJnB6l8o7vZoWazN7ww=,kdm6+D/+iBDthW1IYZ8BOQtxdEA=
-2,-7,o3ERQTwyHJnB6l8o7vZoWazN7ww=,kdm6+D/+iBDthW1IYZ8BOQtxdEA=
-6,-9,o3ERQTwyHJnB6l8o7vZoWazN7ww=,/d4oD7XTOr3OaWjEg/fPOLKk5dY=
-9,-5,o3ERQTwyHJnB6l8o7vZoWazN7ww=,SjEKRRzFw2GRU8fiCgfdX+yZihk=
-9,-6,o3ERQTwyHJnB6l8o7vZoWazN7ww=,SjEKRRzFw2GRU8fiCgfdX+yZihk=
-5,-8,o3ERQTwyHJnB6l8o7vZoWazN7ww=,kdm6+D/+iBDthW1IYZ8BOQtxdEA=
-8,-6,o3ERQTwyHJnB6l8o7vZoWazN7ww=,kdm6+D/+iBDthW1IYZ8BOQtxdEA=
-4,-8,o3ERQTwyHJnB6l8o7vZoWazN7ww=,kdm6+D/+iBDthW1IYZ8BOQtxdEA=
-6,-6,o3ERQTwyHJnB6l8o7vZoWazN7ww=,kdm6+D/+iBDthW1IYZ8BOQtxdEA=
-7,-9,o3ERQTwyHJnB6l8o7vZoWazN7ww=,/d4oD7XTOr3OaWjEg/fPOLKk5dY=
-4,-2,o3ERQTwyHJnB6l8o7vZoWazN7ww=,kdm6+D/+iBDthW1IYZ8BOQtxdEA=
-7,-6,o3ERQTwyHJnB6l8o7vZoWazN7ww=,kdm6+D/+iBDthW1IYZ8BOQtxdEA=
-8,-9,o3ERQTwyHJnB6l8o7vZoWazN7ww=,/d4oD7XTOr3OaWjEg/fPOLKk5dY=
-4,-9,o3ERQTwyHJnB6l8o7vZoWazN7ww=,/d4oD7XTOr3OaWjEg/fPOLKk5dY=
-7,-5,o3ERQTwyHJnB6l8o7vZoWazN7ww=,kdm6+D/+iBDthW1IYZ8BOQtxdEA=
-9,-7,o3ERQTwyHJnB6l8o7vZoWazN7ww=,SjEKRRzFw2GRU8fiCgfdX+yZihk=
-3,-9,o3ERQTwyHJnB6l8o7vZoWazN7ww=,/d4oD7XTOr3OaWjEg/fPOLKk5dY=
-9,-2,o3ERQTwyHJnB6l8o7vZoWazN7ww=,SjEKRRzFw2GRU8fiCgfdX+yZihk=
-2,-4,o3ERQTwyHJnB6l8o7vZoWazN7ww=,kdm6+D/+iBDthW1IYZ8BOQtxdEA=
-8,-5,o3ERQTwyHJnB6l8o7vZoWazN7ww=,kdm6+D/+iBDthW1IYZ8BOQtxdEA=
-2,-9,o3ERQTwyHJnB6l8o7vZoWazN7ww=,/d4oD7XTOr3OaWjEg/fPOLKk5dY=
-9,-8,o3ERQTwyHJnB6l8o7vZoWazN7ww=,SjEKRRzFw2GRU8fiCgfdX+yZihk=
-2,-5,o3ERQTwyHJnB6l8o7vZoWazN7ww=,kdm6+D/+iBDthW1IYZ8BOQtxdEA=
-9,-9,o3ERQTwyHJnB6l8o7vZoWazN7ww=,k86k3NakKudmMT2kGdTJiuI5W6Y=
-5,-2,o3ERQTwyHJnB6l8o7vZoWazN7ww=,kdm6+D/+iBDthW1IYZ8BOQtxdEA=
-2,-6,o3ERQTwyHJnB6l8o7vZoWazN7ww=,kdm6+D/+iBDthW1IYZ8BOQtxdEA=
-2,-3,o3ERQTwyHJnB6l8o7vZoWazN7ww=,kdm6+D/+iBDthW1IYZ8BOQtxdEA=
-6,-8,o3ERQTwyHJnB6l8o7vZoWazN7ww=,kdm6+D/+iBDthW1IYZ8BOQtxdEA=
-3,-5,o3ERQTwyHJnB6l8o7vZoWazN7ww=,kdm6+D/+iBDthW1IYZ8BOQtxdEA=
-3,-4,o3ERQTwyHJnB6l8o7vZoWazN7ww=,kdm6+D/+iBDthW1IYZ8BOQtxdEA=
-5,-4,o3ERQTwyHJnB6l8o7vZoWazN7ww=,kdm6+D/+iBDthW1IYZ8BOQtxdEA=
-4,-4,o3ERQTwyHJnB6l8o7vZoWazN7ww=,kdm6+D/+iBDthW1IYZ8BOQtxdEA=
-5,-6,o3ERQTwyHJnB6l8o7vZoWazN7ww=,kdm6+D/+iBDthW1IYZ8BOQtxdEA=
-6,-4,o3ERQTwyHJnB6l8o7vZoWazN7ww=,kdm6+D/+iBDthW1IYZ8BOQtxdEA=
-6,-2,o3ERQTwyHJnB6l8o7vZoWazN7ww=,kdm6+D/+iBDthW1IYZ8BOQtxdEA=
-9,-3,o3ERQTwyHJnB6l8o7vZoWazN7ww=,SjEKRRzFw2GRU8fiCgfdX+yZihk=
-4,-3,o3ERQTwyHJnB6l8o7vZoWazN7ww=,kdm6+D/+iBDthW1IYZ8BOQtxdEA=
-5,-3,o3ERQTwyHJnB6l8o7vZoWazN7ww=,kdm6+D/+iBDthW1IYZ8BOQtxdEA=
-7,-4,o3ERQTwyHJnB6l8o7vZoWazN7ww=,kdm6+D/+iBDthW1IYZ8BOQtxdEA=
-3,-3,o3ERQTwyHJnB6l8o7vZoWazN7ww=,kdm6+D/+iBDthW1IYZ8BOQtxdEA=
-6,-3,o3ERQTwyHJnB6l8o7vZoWazN7ww=,kdm6+D/+iBDthW1IYZ8BOQtxdEA=
-7,-3,o3ERQTwyHJnB6l8o7vZoWazN7ww=,kdm6+D/+iBDthW1IYZ8BOQtxdEA=
-8,-8,o3ERQTwyHJnB6l8o7vZoWazN7ww=,kdm6+D/+iBDthW1IYZ8BOQtxdEA=
-8,-3,o3ERQTwyHJnB6l8o7vZoWazN7ww=,kdm6+D/+iBDthW1IYZ8BOQtxdEA=
-4,-5,o3ERQTwyHJnB6l8o7vZoWazN7ww=,kdm6+D/+iBDthW1IYZ8BOQtxdEA=
-8,-4,o3ERQTwyHJnB6l8o7vZoWazN7ww=,kdm6+D/+iBDthW1IYZ8BOQtxdEA=
-7,-2,o3ERQTwyHJnB6l8o7vZoWazN7ww=,kdm6+D/+iBDthW1IYZ8BOQtxdEA=
-9,-4,o3ERQTwyHJnB6l8o7vZoWazN7ww=,SjEKRRzFw2GRU8fiCgfdX+yZihk=
-7,-8,o3ERQTwyHJnB6l8o7vZoWazN7ww=,kdm6+D/+iBDthW1IYZ8BOQtxdEA=
-5,-5,o3ERQTwyHJnB6l8o7vZoWazN7ww=,kdm6+D/+iBDthW1IYZ8BOQtxdEA=
-2,-2,o3ERQTwyHJnB6l8o7vZoWazN7ww=,kdm6+D/+iBDthW1IYZ8BOQtxdEA=
-5,-7,o3ERQTwyHJnB6l8o7vZoWazN7ww=,kdm6+D/+iBDthW1IYZ8BOQtxdEA=
-6,-7,o3ERQTwyHJnB6l8o7vZoWazN7ww=,kdm6+D/+iBDthW1IYZ8BOQtxdEA=
-2,-8,o3ERQTwyHJnB6l8o7vZoWazN7ww=,kdm6+D/+iBDthW1IYZ8BOQtxdEA=
-8,-7,o3ERQTwyHJnB6l8o7vZoWazN7ww=,kdm6+D/+iBDthW1IYZ8BOQtxdEA=
-8,-2,o3ERQTwyHJnB6l8o7vZoWazN7ww=,kdm6+D/+iBDthW1IYZ8BOQtxdEA=
-4,-6,o3ERQTwyHJnB6l8o7vZoWazN7ww=,kdm6+D/+iBDthW1IYZ8BOQtxdEA=
-7,-7,o3ERQTwyHJnB6l8o7vZoWazN7ww=,kdm6+D/+iBDthW1IYZ8BOQtxdEA=
-3,-8,o3ERQTwyHJnB6l8o7vZoWazN7ww=,kdm6+D/+iBDthW1IYZ8BOQtxdEA=
-3,-6,o3ERQTwyHJnB6l8o7vZoWazN7ww=,kdm6+D/+iBDthW1IYZ8BOQtxdEA=
-16,-2,o3ERQTwyHJnB6l8o7vZoWazN7ww=,SjEKRRzFw2GRU8fiCgfdX+yZihk=
-16,-5,o3ERQTwyHJnB6l8o7vZoWazN7ww=,SjEKRRzFw2GRU8fiCgfdX+yZihk=
-16,-4,o3ERQTwyHJnB6l8o7vZoWazN7ww=,SjEKRRzFw2GRU8fiCgfdX+yZihk=
-16,-6,o3ERQTwyHJnB6l8o7vZoWazN7ww=,SjEKRRzFw2GRU8fiCgfdX+yZihk=
-16,-3,o3ERQTwyHJnB6l8o7vZoWazN7ww=,SjEKRRzFw2GRU8fiCgfdX+yZihk=
-16,-7,o3ERQTwyHJnB6l8o7vZoWazN7ww=,SjEKRRzFw2GRU8fiCgfdX+yZihk=
-16,-11,o3ERQTwyHJnB6l8o7vZoWazN7ww=,k86k3NakKudmMT2kGdTJiuI5W6Y=
-16,-12,o3ERQTwyHJnB6l8o7vZoWazN7ww=,k86k3NakKudmMT2kGdTJiuI5W6Y=
-16,-15,o3ERQTwyHJnB6l8o7vZoWazN7ww=,k86k3NakKudmMT2kGdTJiuI5W6Y=
-16,-8,o3ERQTwyHJnB6l8o7vZoWazN7ww=,SjEKRRzFw2GRU8fiCgfdX+yZihk=
-4,-1,o3ERQTwyHJnB6l8o7vZoWazN7ww=,kdm6+D/+iBDthW1IYZ8BOQtxdEA=
-16,-9,o3ERQTwyHJnB6l8o7vZoWazN7ww=,k86k3NakKudmMT2kGdTJiuI5W6Y=
-16,-13,o3ERQTwyHJnB6l8o7vZoWazN7ww=,k86k3NakKudmMT2kGdTJiuI5W6Y=
-16,-10,o3ERQTwyHJnB6l8o7vZoWazN7ww=,k86k3NakKudmMT2kGdTJiuI5W6Y=
-8,-1,o3ERQTwyHJnB6l8o7vZoWazN7ww=,kdm6+D/+iBDthW1IYZ8BOQtxdEA=
-15,-1,o3ERQTwyHJnB6l8o7vZoWazN7ww=,SjEKRRzFw2GRU8fiCgfdX+yZihk=
-5,-1,o3ERQTwyHJnB6l8o7vZoWazN7ww=,kdm6+D/+iBDthW1IYZ8BOQtxdEA=
-16,-14,o3ERQTwyHJnB6l8o7vZoWazN7ww=,k86k3NakKudmMT2kGdTJiuI5W6Y=
-3,-1,o3ERQTwyHJnB6l8o7vZoWazN7ww=,kdm6+D/+iBDthW1IYZ8BOQtxdEA=
-9,-1,o3ERQTwyHJnB6l8o7vZoWazN7ww=,SjEKRRzFw2GRU8fiCgfdX+yZihk=
-6,-1,o3ERQTwyHJnB6l8o7vZoWazN7ww=,kdm6+D/+iBDthW1IYZ8BOQtxdEA=
-14,-1,o3ERQTwyHJnB6l8o7vZoWazN7ww=,SjEKRRzFw2GRU8fiCgfdX+yZihk=
-7,-1,o3ERQTwyHJnB6l8o7vZoWazN7ww=,kdm6+D/+iBDthW1IYZ8BOQtxdEA=
-2,-1,o3ERQTwyHJnB6l8o7vZoWazN7ww=,kdm6+D/+iBDthW1IYZ8BOQtxdEA=
-12,-1,o3ERQTwyHJnB6l8o7vZoWazN7ww=,SjEKRRzFw2GRU8fiCgfdX+yZihk=
-11,-1,o3ERQTwyHJnB6l8o7vZoWazN7ww=,SjEKRRzFw2GRU8fiCgfdX+yZihk=
-10,-1,o3ERQTwyHJnB6l8o7vZoWazN7ww=,SjEKRRzFw2GRU8fiCgfdX+yZihk=
-13,-1,o3ERQTwyHJnB6l8o7vZoWazN7ww=,SjEKRRzFw2GRU8fiCgfdX+yZihk=
-1,-4,o3ERQTwyHJnB6l8o7vZoWazN7ww=,kdm6+D/+iBDthW1IYZ8BOQtxdEA=
-1,-3,o3ERQTwyHJnB6l8o7vZoWazN7ww=,kdm6+D/+iBDthW1IYZ8BOQtxdEA=
-1,-5,o3ERQTwyHJnB6l8o7vZoWazN7ww=,kdm6+D/+iBDthW1IYZ8BOQtxdEA=
-1,-7,o3ERQTwyHJnB6l8o7vZoWazN7ww=,kdm6+D/+iBDthW1IYZ8BOQtxdEA=
-7,-16,o3ERQTwyHJnB6l8o7vZoWazN7ww=,/d4oD7XTOr3OaWjEg/fPOLKk5dY=
-1,-9,o3ERQTwyHJnB6l8o7vZoWazN7ww=,/d4oD7XTOr3OaWjEg/fPOLKk5dY=
-6,-16,o3ERQTwyHJnB6l8o7vZoWazN7ww=,/d4oD7XTOr3OaWjEg/fPOLKk5dY=
-2,-16,o3ERQTwyHJnB6l8o7vZoWazN7ww=,/d4oD7XTOr3OaWjEg/fPOLKk5dY=
-3,-16,o3ERQTwyHJnB6l8o7vZoWazN7ww=,/d4oD7XTOr3OaWjEg/fPOLKk5dY=
-1,-6,o3ERQTwyHJnB6l8o7vZoWazN7ww=,kdm6+D/+iBDthW1IYZ8BOQtxdEA=
-5,-16,o3ERQTwyHJnB6l8o7vZoWazN7ww=,/d4oD7XTOr3OaWjEg/fPOLKk5dY=
-1,-2,o3ERQTwyHJnB6l8o7vZoWazN7ww=,kdm6+D/+iBDthW1IYZ8BOQtxdEA=
-4,-16,o3ERQTwyHJnB6l8o7vZoWazN7ww=,/d4oD7XTOr3OaWjEg/fPOLKk5dY=
-1,-10,o3ERQTwyHJnB6l8o7vZoWazN7ww=,/d4oD7XTOr3OaWjEg/fPOLKk5dY=
-1,-15,o3ERQTwyHJnB6l8o7vZoWazN7ww=,/d4oD7XTOr3OaWjEg/fPOLKk5dY=
-1,-11,o3ERQTwyHJnB6l8o7vZoWazN7ww=,/d4oD7XTOr3OaWjEg/fPOLKk5dY=
-1,-13,o3ERQTwyHJnB6l8o7vZoWazN7ww=,/d4oD7XTOr3OaWjEg/fPOLKk5dY=
-1,-12,o3ERQTwyHJnB6l8o7vZoWazN7ww=,/d4oD7XTOr3OaWjEg/fPOLKk5dY=
-1,-8,o3ERQTwyHJnB6l8o7vZoWazN7ww=,kdm6+D/+iBDthW1IYZ8BOQtxdEA=
-10,-16,o3ERQTwyHJnB6l8o7vZoWazN7ww=,k86k3NakKudmMT2kGdTJiuI5W6Y=
-1,-14,o3ERQTwyHJnB6l8o7vZoWazN7ww=,/d4oD7XTOr3OaWjEg/fPOLKk5dY=
-8,-16,o3ERQTwyHJnB6l8o7vZoWazN7ww=,/d4oD7XTOr3OaWjEg/fPOLKk5dY=
-11,-16,o3ERQTwyHJnB6l8o7vZoWazN7ww=,k86k3NakKudmMT2kGdTJiuI5W6Y=
-9,-16,o3ERQTwyHJnB6l8o7vZoWazN7ww=,k86k3NakKudmMT2kGdTJiuI5W6Y=
-12,-16,o3ERQTwyHJnB6l8o7vZoWazN7ww=,k86k3NakKudmMT2kGdTJiuI5W6Y=
-14,-16,o3ERQTwyHJnB6l8o7vZoWazN7ww=,k86k3NakKudmMT2kGdTJiuI5W6Y=
-13,-16,o3ERQTwyHJnB6l8o7vZoWazN7ww=,k86k3NakKudmMT2kGdTJiuI5W6Y=
-15,-16,o3ERQTwyHJnB6l8o7vZoWazN7ww=,k86k3NakKudmMT2kGdTJiuI5W6Y=
-16,-1,o3ERQTwyHJnB6l8o7vZoWazN7ww=,SjEKRRzFw2GRU8fiCgfdX+yZihk=
-16,-16,o3ERQTwyHJnB6l8o7vZoWazN7ww=,k86k3NakKudmMT2kGdTJiuI5W6Y=
-1,-16,o3ERQTwyHJnB6l8o7vZoWazN7ww=,/d4oD7XTOr3OaWjEg/fPOLKk5dY=
-1,-1,o3ERQTwyHJnB6l8o7vZoWazN7ww=,kdm6+D/+iBDthW1IYZ8BOQtxdEA=
-15,-27,o3ERQTwyHJnB6l8o7vZoWazN7ww=,meIUeJ5y5Dnc8x58Yyfs5a66vvQ=
-13,-27,DGsOQ09No/Tw/10Lo7DlP+BbR+I=,meIUeJ5y5Dnc8x58Yyfs5a66vvQ=
-15,-28,DGsOQ09No/Tw/10Lo7DlP+BbR+I=,meIUeJ5y5Dnc8x58Yyfs5a66vvQ=
-12,-27,DGsOQ09No/Tw/10Lo7DlP+BbR+I=,meIUeJ5y5Dnc8x58Yyfs5a66vvQ=
-14,-27,DGsOQ09No/Tw/10Lo7DlP+BbR+I=,meIUeJ5y5Dnc8x58Yyfs5a66vvQ=
-14,-28,DGsOQ09No/Tw/10Lo7DlP+BbR+I=,meIUeJ5y5Dnc8x58Yyfs5a66vvQ=
-12,-28,DGsOQ09No/Tw/10Lo7DlP+BbR+I=,meIUeJ5y5Dnc8x58Yyfs5a66vvQ=
-11,-27,DGsOQ09No/Tw/10Lo7DlP+BbR+I=,meIUeJ5y5Dnc8x58Yyfs5a66vvQ=
-11,-28,DGsOQ09No/Tw/10Lo7DlP+BbR+I=,meIUeJ5y5Dnc8x58Yyfs5a66vvQ=
-10,-29,DGsOQ09No/Tw/10Lo7DlP+BbR+I=,meIUeJ5y5Dnc8x58Yyfs5a66vvQ=
-10,-27,DGsOQ09No/Tw/10Lo7DlP+BbR+I=,meIUeJ5y5Dnc8x58Yyfs5a66vvQ=
-13,-28,DGsOQ09No/Tw/10Lo7DlP+BbR+I=,meIUeJ5y5Dnc8x58Yyfs5a66vvQ=
-13,-29,DGsOQ09No/Tw/10Lo7DlP+BbR+I=,meIUeJ5y5Dnc8x58Yyfs5a66vvQ=
-14,-29,DGsOQ09No/Tw/10Lo7DlP+BbR+I=,meIUeJ5y5Dnc8x58Yyfs5a66vvQ=
-15,-29,DGsOQ09No/Tw/10Lo7DlP+BbR+I=,meIUeJ5y5Dnc8x58Yyfs5a66vvQ=
-11,-29,DGsOQ09No/Tw/10Lo7DlP+BbR+I=,meIUeJ5y5Dnc8x58Yyfs5a66vvQ=
-12,-29,DGsOQ09No/Tw/10Lo7DlP+BbR+I=,meIUeJ5y5Dnc8x58Yyfs5a66vvQ=
-15,-26,DGsOQ09No/Tw/10Lo7DlP+BbR+I=,meIUeJ5y5Dnc8x58Yyfs5a66vvQ=
-10,-30,DGsOQ09No/Tw/10Lo7DlP+BbR+I=,meIUeJ5y5Dnc8x58Yyfs5a66vvQ=
-13,-30,DGsOQ09No/Tw/10Lo7DlP+BbR+I=,meIUeJ5y5Dnc8x58Yyfs5a66vvQ=
-12,-30,DGsOQ09No/Tw/10Lo7DlP+BbR+I=,meIUeJ5y5Dnc8x58Yyfs5a66vvQ=
-11,-30,DGsOQ09No/Tw/10Lo7DlP+BbR+I=,meIUeJ5y5Dnc8x58Yyfs5a66vvQ=
-14,-30,DGsOQ09No/Tw/10Lo7DlP+BbR+I=,meIUeJ5y5Dnc8x58Yyfs5a66vvQ=
-14,-26,DGsOQ09No/Tw/10Lo7DlP+BbR+I=,meIUeJ5y5Dnc8x58Yyfs5a66vvQ=
-13,-31,DGsOQ09No/Tw/10Lo7DlP+BbR+I=,meIUeJ5y5Dnc8x58Yyfs5a66vvQ=
-14,-31,DGsOQ09No/Tw/10Lo7DlP+BbR+I=,meIUeJ5y5Dnc8x58Yyfs5a66vvQ=
-15,-30,DGsOQ09No/Tw/10Lo7DlP+BbR+I=,meIUeJ5y5Dnc8x58Yyfs5a66vvQ=
-15,-31,DGsOQ09No/Tw/10Lo7DlP+BbR+I=,meIUeJ5y5Dnc8x58Yyfs5a66vvQ=
-10,-31,DGsOQ09No/Tw/10Lo7DlP+BbR+I=,meIUeJ5y5Dnc8x58Yyfs5a66vvQ=
-13,-26,DGsOQ09No/Tw/10Lo7DlP+BbR+I=,meIUeJ5y5Dnc8x58Yyfs5a66vvQ=
-12,-31,DGsOQ09No/Tw/10Lo7DlP+BbR+I=,meIUeJ5y5Dnc8x58Yyfs5a66vvQ=
-11,-26,DGsOQ09No/Tw/10Lo7DlP+BbR+I=,meIUeJ5y5Dnc8x58Yyfs5a66vvQ=
-12,-26,DGsOQ09No/Tw/10Lo7DlP+BbR+I=,meIUeJ5y5Dnc8x58Yyfs5a66vvQ=
-10,-26,DGsOQ09No/Tw/10Lo7DlP+BbR+I=,meIUeJ5y5Dnc8x58Yyfs5a66vvQ=
-11,-31,DGsOQ09No/Tw/10Lo7DlP+BbR+I=,meIUeJ5y5Dnc8x58Yyfs5a66vvQ=
-10,-28,DGsOQ09No/Tw/10Lo7DlP+BbR+I=,meIUeJ5y5Dnc8x58Yyfs5a66vvQ=
-12,-21,DGsOQ09No/Tw/10Lo7DlP+BbR+I=,0+VQHgUgnCZRDJlQcKuDisTpYJY=
-11,-21,DGsOQ09No/Tw/10Lo7DlP+BbR+I=,0+VQHgUgnCZRDJlQcKuDisTpYJY=
-13,-21,DGsOQ09No/Tw/10Lo7DlP+BbR+I=,0+VQHgUgnCZRDJlQcKuDisTpYJY=
-14,-21,DGsOQ09No/Tw/10Lo7DlP+BbR+I=,0+VQHgUgnCZRDJlQcKuDisTpYJY=
-15,-21,DGsOQ09No/Tw/10Lo7DlP+BbR+I=,0+VQHgUgnCZRDJlQcKuDisTpYJY=
-10,-18,DGsOQ09No/Tw/10Lo7DlP+BbR+I=,0+VQHgUgnCZRDJlQcKuDisTpYJY=
-10,-22,DGsOQ09No/Tw/10Lo7DlP+BbR+I=,0+VQHgUgnCZRDJlQcKuDisTpYJY=
-10,-21,DGsOQ09No/Tw/10Lo7DlP+BbR+I=,0+VQHgUgnCZRDJlQcKuDisTpYJY=
-11,-18,DGsOQ09No/Tw/10Lo7DlP+BbR+I=,0+VQHgUgnCZRDJlQcKuDisTpYJY=
-13,-18,DGsOQ09No/Tw/10Lo7DlP+BbR+I=,0+VQHgUgnCZRDJlQcKuDisTpYJY=
-15,-20,DGsOQ09No/Tw/10Lo7DlP+BbR+I=,0+VQHgUgnCZRDJlQcKuDisTpYJY=
-14,-18,DGsOQ09No/Tw/10Lo7DlP+BbR+I=,0+VQHgUgnCZRDJlQcKuDisTpYJY=
-11,-22,DGsOQ09No/Tw/10Lo7DlP+BbR+I=,0+VQHgUgnCZRDJlQcKuDisTpYJY=
-12,-18,DGsOQ09No/Tw/10Lo7DlP+BbR+I=,0+VQHgUgnCZRDJlQcKuDisTpYJY=
-15,-18,DGsOQ09No/Tw/10Lo7DlP+BbR+I=,0+VQHgUgnCZRDJlQcKuDisTpYJY=
-14,-20,DGsOQ09No/Tw/10Lo7DlP+BbR+I=,0+VQHgUgnCZRDJlQcKuDisTpYJY=
-14,-22,DGsOQ09No/Tw/10Lo7DlP+BbR+I=,0+VQHgUgnCZRDJlQcKuDisTpYJY=
-13,-22,DGsOQ09No/Tw/10Lo7DlP+BbR+I=,0+VQHgUgnCZRDJlQcKuDisTpYJY=
-15,-22,DGsOQ09No/Tw/10Lo7DlP+BbR+I=,0+VQHgUgnCZRDJlQcKuDisTpYJY=
-12,-22,DGsOQ09No/Tw/10Lo7DlP+BbR+I=,0+VQHgUgnCZRDJlQcKuDisTpYJY=
-13,-20,DGsOQ09No/Tw/10Lo7DlP+BbR+I=,0+VQHgUgnCZRDJlQcKuDisTpYJY=
-10,-19,DGsOQ09No/Tw/10Lo7DlP+BbR+I=,0+VQHgUgnCZRDJlQcKuDisTpYJY=
-11,-23,DGsOQ09No/Tw/10Lo7DlP+BbR+I=,0+VQHgUgnCZRDJlQcKuDisTpYJY=
-10,-23,DGsOQ09No/Tw/10Lo7DlP+BbR+I=,0+VQHgUgnCZRDJlQcKuDisTpYJY=
-12,-23,DGsOQ09No/Tw/10Lo7DlP+BbR+I=,0+VQHgUgnCZRDJlQcKuDisTpYJY=
-13,-23,DGsOQ09No/Tw/10Lo7DlP+BbR+I=,0+VQHgUgnCZRDJlQcKuDisTpYJY=
-15,-25,DGsOQ09No/Tw/10Lo7DlP+BbR+I=,meIUeJ5y5Dnc8x58Yyfs5a66vvQ=
-12,-19,DGsOQ09No/Tw/10Lo7DlP+BbR+I=,0+VQHgUgnCZRDJlQcKuDisTpYJY=
-11,-19,DGsOQ09No/Tw/10Lo7DlP+BbR+I=,0+VQHgUgnCZRDJlQcKuDisTpYJY=
-13,-19,DGsOQ09No/Tw/10Lo7DlP+BbR+I=,0+VQHgUgnCZRDJlQcKuDisTpYJY=
-11,-24,DGsOQ09No/Tw/10Lo7DlP+BbR+I=,0+VQHgUgnCZRDJlQcKuDisTpYJY=
-14,-25,DGsOQ09No/Tw/10Lo7DlP+BbR+I=,meIUeJ5y5Dnc8x58Yyfs5a66vvQ=
-13,-24,DGsOQ09No/Tw/10Lo7DlP+BbR+I=,0+VQHgUgnCZRDJlQcKuDisTpYJY=
-12,-24,DGsOQ09No/Tw/10Lo7DlP+BbR+I=,0+VQHgUgnCZRDJlQcKuDisTpYJY=
-10,-24,DGsOQ09No/Tw/10Lo7DlP+BbR+I=,0+VQHgUgnCZRDJlQcKuDisTpYJY=
-14,-23,DGsOQ09No/Tw/10Lo7DlP+BbR+I=,0+VQHgUgnCZRDJlQcKuDisTpYJY=
-14,-19,DGsOQ09No/Tw/10Lo7DlP+BbR+I=,0+VQHgUgnCZRDJlQcKuDisTpYJY=
-13,-25,DGsOQ09No/Tw/10Lo7DlP+BbR+I=,meIUeJ5y5Dnc8x58Yyfs5a66vvQ=
-14,-24,DGsOQ09No/Tw/10Lo7DlP+BbR+I=,0+VQHgUgnCZRDJlQcKuDisTpYJY=
-10,-20,DGsOQ09No/Tw/10Lo7DlP+BbR+I=,0+VQHgUgnCZRDJlQcKuDisTpYJY=
-15,-19,DGsOQ09No/Tw/10Lo7DlP+BbR+I=,0+VQHgUgnCZRDJlQcKuDisTpYJY=
-11,-20,DGsOQ09No/Tw/10Lo7DlP+BbR+I=,0+VQHgUgnCZRDJlQcKuDisTpYJY=
-12,-25,DGsOQ09No/Tw/10Lo7DlP+BbR+I=,meIUeJ5y5Dnc8x58Yyfs5a66vvQ=
-15,-24,DGsOQ09No/Tw/10Lo7DlP+BbR+I=,0+VQHgUgnCZRDJlQcKuDisTpYJY=
-12,-20,DGsOQ09No/Tw/10Lo7DlP+BbR+I=,0+VQHgUgnCZRDJlQcKuDisTpYJY=
-15,-23,DGsOQ09No/Tw/10Lo7DlP+BbR+I=,0+VQHgUgnCZRDJlQcKuDisTpYJY=
-10,-25,DGsOQ09No/Tw/10Lo7DlP+BbR+I=,meIUeJ5y5Dnc8x58Yyfs5a66vvQ=
-11,-25,DGsOQ09No/Tw/10Lo7DlP+BbR+I=,meIUeJ5y5Dnc8x58Yyfs5a66vvQ=
-2,-26,DGsOQ09No/Tw/10Lo7DlP+BbR+I=,28G10lC8cra3i5xdOL/4AT/cAPI=
-9,-28,DGsOQ09No/Tw/10Lo7DlP+BbR+I=,meIUeJ5y5Dnc8x58Yyfs5a66vvQ=
-9,-27,DGsOQ09No/Tw/10Lo7DlP+BbR+I=,meIUeJ5y5Dnc8x58Yyfs5a66vvQ=
-7,-26,DGsOQ09No/Tw/10Lo7DlP+BbR+I=,28G10lC8cra3i5xdOL/4AT/cAPI=
-3,-26,DGsOQ09No/Tw/10Lo7DlP+BbR+I=,28G10lC8cra3i5xdOL/4AT/cAPI=
-8,-31,DGsOQ09No/Tw/10Lo7DlP+BbR+I=,28G10lC8cra3i5xdOL/4AT/cAPI=
-4,-26,DGsOQ09No/Tw/10Lo7DlP+BbR+I=,28G10lC8cra3i5xdOL/4AT/cAPI=
-6,-26,DGsOQ09No/Tw/10Lo7DlP+BbR+I=,28G10lC8cra3i5xdOL/4AT/cAPI=
-5,-26,DGsOQ09No/Tw/10Lo7DlP+BbR+I=,28G10lC8cra3i5xdOL/4AT/cAPI=
-8,-26,DGsOQ09No/Tw/10Lo7DlP+BbR+I=,28G10lC8cra3i5xdOL/4AT/cAPI=
-7,-31,DGsOQ09No/Tw/10Lo7DlP+BbR+I=,28G10lC8cra3i5xdOL/4AT/cAPI=
-3,-27,DGsOQ09No/Tw/10Lo7DlP+BbR+I=,28G10lC8cra3i5xdOL/4AT/cAPI=
-7,-27,DGsOQ09No/Tw/10Lo7DlP+BbR+I=,28G10lC8cra3i5xdOL/4AT/cAPI=
-4,-27,DGsOQ09No/Tw/10Lo7DlP+BbR+I=,28G10lC8cra3i5xdOL/4AT/cAPI=
-5,-27,DGsOQ09No/Tw/10Lo7DlP+BbR+I=,28G10lC8cra3i5xdOL/4AT/cAPI=
-6,-27,DGsOQ09No/Tw/10Lo7DlP+BbR+I=,28G10lC8cra3i5xdOL/4AT/cAPI=
-6,-31,DGsOQ09No/Tw/10Lo7DlP+BbR+I=,28G10lC8cra3i5xdOL/4AT/cAPI=
-8,-27,DGsOQ09No/Tw/10Lo7DlP+BbR+I=,28G10lC8cra3i5xdOL/4AT/cAPI=
-2,-28,DGsOQ09No/Tw/10Lo7DlP+BbR+I=,28G10lC8cra3i5xdOL/4AT/cAPI=
-9,-29,DGsOQ09No/Tw/10Lo7DlP+BbR+I=,meIUeJ5y5Dnc8x58Yyfs5a66vvQ=
-4,-28,DGsOQ09No/Tw/10Lo7DlP+BbR+I=,28G10lC8cra3i5xdOL/4AT/cAPI=
-3,-28,DGsOQ09No/Tw/10Lo7DlP+BbR+I=,28G10lC8cra3i5xdOL/4AT/cAPI=
-5,-31,DGsOQ09No/Tw/10Lo7DlP+BbR+I=,28G10lC8cra3i5xdOL/4AT/cAPI=
-5,-28,DGsOQ09No/Tw/10Lo7DlP+BbR+I=,28G10lC8cra3i5xdOL/4AT/cAPI=
-6,-28,DGsOQ09No/Tw/10Lo7DlP+BbR+I=,28G10lC8cra3i5xdOL/4AT/cAPI=
-7,-28,DGsOQ09No/Tw/10Lo7DlP+BbR+I=,28G10lC8cra3i5xdOL/4AT/cAPI=
-2,-29,DGsOQ09No/Tw/10Lo7DlP+BbR+I=,28G10lC8cra3i5xdOL/4AT/cAPI=
-8,-28,DGsOQ09No/Tw/10Lo7DlP+BbR+I=,28G10lC8cra3i5xdOL/4AT/cAPI=
-4,-31,DGsOQ09No/Tw/10Lo7DlP+BbR+I=,28G10lC8cra3i5xdOL/4AT/cAPI=
-3,-29,DGsOQ09No/Tw/10Lo7DlP+BbR+I=,28G10lC8cra3i5xdOL/4AT/cAPI=
-9,-30,DGsOQ09No/Tw/10Lo7DlP+BbR+I=,meIUeJ5y5Dnc8x58Yyfs5a66vvQ=
-3,-31,DGsOQ09No/Tw/10Lo7DlP+BbR+I=,28G10lC8cra3i5xdOL/4AT/cAPI=
-4,-29,DGsOQ09No/Tw/10Lo7DlP+BbR+I=,28G10lC8cra3i5xdOL/4AT/cAPI=
-2,-30,DGsOQ09No/Tw/10Lo7DlP+BbR+I=,28G10lC8cra3i5xdOL/4AT/cAPI=
-2,-31,DGsOQ09No/Tw/10Lo7DlP+BbR+I=,28G10lC8cra3i5xdOL/4AT/cAPI=
-7,-29,DGsOQ09No/Tw/10Lo7DlP+BbR+I=,28G10lC8cra3i5xdOL/4AT/cAPI=
-5,-29,DGsOQ09No/Tw/10Lo7DlP+BbR+I=,28G10lC8cra3i5xdOL/4AT/cAPI=
-6,-29,DGsOQ09No/Tw/10Lo7DlP+BbR+I=,28G10lC8cra3i5xdOL/4AT/cAPI=
-3,-30,DGsOQ09No/Tw/10Lo7DlP+BbR+I=,28G10lC8cra3i5xdOL/4AT/cAPI=
-8,-29,DGsOQ09No/Tw/10Lo7DlP+BbR+I=,28G10lC8cra3i5xdOL/4AT/cAPI=
-9,-31,DGsOQ09No/Tw/10Lo7DlP+BbR+I=,meIUeJ5y5Dnc8x58Yyfs5a66vvQ=
-9,-26,DGsOQ09No/Tw/10Lo7DlP+BbR+I=,meIUeJ5y5Dnc8x58Yyfs5a66vvQ=
-4,-30,DGsOQ09No/Tw/10Lo7DlP+BbR+I=,28G10lC8cra3i5xdOL/4AT/cAPI=
-5,-30,DGsOQ09No/Tw/10Lo7DlP+BbR+I=,28G10lC8cra3i5xdOL/4AT/cAPI=
-6,-30,DGsOQ09No/Tw/10Lo7DlP+BbR+I=,28G10lC8cra3i5xdOL/4AT/cAPI=
-7,-30,DGsOQ09No/Tw/10Lo7DlP+BbR+I=,28G10lC8cra3i5xdOL/4AT/cAPI=
-2,-27,DGsOQ09No/Tw/10Lo7DlP+BbR+I=,28G10lC8cra3i5xdOL/4AT/cAPI=
-8,-30,DGsOQ09No/Tw/10Lo7DlP+BbR+I=,28G10lC8cra3i5xdOL/4AT/cAPI=
-2,-19,DGsOQ09No/Tw/10Lo7DlP+BbR+I=,vrYtFIg9HEWaL8pWp7gjPJwbdj8=
-4,-25,DGsOQ09No/Tw/10Lo7DlP+BbR+I=,28G10lC8cra3i5xdOL/4AT/cAPI=
-8,-18,DGsOQ09No/Tw/10Lo7DlP+BbR+I=,vrYtFIg9HEWaL8pWp7gjPJwbdj8=
-8,-24,DGsOQ09No/Tw/10Lo7DlP+BbR+I=,vrYtFIg9HEWaL8pWp7gjPJwbdj8=
-3,-18,DGsOQ09No/Tw/10Lo7DlP+BbR+I=,vrYtFIg9HEWaL8pWp7gjPJwbdj8=
-4,-24,DGsOQ09No/Tw/10Lo7DlP+BbR+I=,vrYtFIg9HEWaL8pWp7gjPJwbdj8=
-3,-19,DGsOQ09No/Tw/10Lo7DlP+BbR+I=,vrYtFIg9HEWaL8pWp7gjPJwbdj8=
-5,-25,DGsOQ09No/Tw/10Lo7DlP+BbR+I=,28G10lC8cra3i5xdOL/4AT/cAPI=
-6,-25,DGsOQ09No/Tw/10Lo7DlP+BbR+I=,28G10lC8cra3i5xdOL/4AT/cAPI=
-4,-23,DGsOQ09No/Tw/10Lo7DlP+BbR+I=,vrYtFIg9HEWaL8pWp7gjPJwbdj8=
-4,-18,DGsOQ09No/Tw/10Lo7DlP+BbR+I=,vrYtFIg9HEWaL8pWp7gjPJwbdj8=
-7,-25,DGsOQ09No/Tw/10Lo7DlP+BbR+I=,28G10lC8cra3i5xdOL/4AT/cAPI=
-2,-21,DGsOQ09No/Tw/10Lo7DlP+BbR+I=,vrYtFIg9HEWaL8pWp7gjPJwbdj8=
-8,-25,DGsOQ09No/Tw/10Lo7DlP+BbR+I=,28G10lC8cra3i5xdOL/4AT/cAPI=
-3,-23,DGsOQ09No/Tw/10Lo7DlP+BbR+I=,vrYtFIg9HEWaL8pWp7gjPJwbdj8=
-5,-18,DGsOQ09No/Tw/10Lo7DlP+BbR+I=,vrYtFIg9HEWaL8pWp7gjPJwbdj8=
-4,-19,DGsOQ09No/Tw/10Lo7DlP+BbR+I=,vrYtFIg9HEWaL8pWp7gjPJwbdj8=
-9,-18,DGsOQ09No/Tw/10Lo7DlP+BbR+I=,0+VQHgUgnCZRDJlQcKuDisTpYJY=
-7,-21,DGsOQ09No/Tw/10Lo7DlP+BbR+I=,vrYtFIg9HEWaL8pWp7gjPJwbdj8=
-2,-23,DGsOQ09No/Tw/10Lo7DlP+BbR+I=,vrYtFIg9HEWaL8pWp7gjPJwbdj8=
-6,-18,DGsOQ09No/Tw/10Lo7DlP+BbR+I=,vrYtFIg9HEWaL8pWp7gjPJwbdj8=
-9,-22,DGsOQ09No/Tw/10Lo7DlP+BbR+I=,0+VQHgUgnCZRDJlQcKuDisTpYJY=
-8,-21,DGsOQ09No/Tw/10Lo7DlP+BbR+I=,vrYtFIg9HEWaL8pWp7gjPJwbdj8=
-8,-22,DGsOQ09No/Tw/10Lo7DlP+BbR+I=,vrYtFIg9HEWaL8pWp7gjPJwbdj8=
-7,-18,DGsOQ09No/Tw/10Lo7DlP+BbR+I=,vrYtFIg9HEWaL8pWp7gjPJwbdj8=
-2,-18,DGsOQ09No/Tw/10Lo7DlP+BbR+I=,vrYtFIg9HEWaL8pWp7gjPJwbdj8=
-5,-19,DGsOQ09No/Tw/10Lo7DlP+BbR+I=,vrYtFIg9HEWaL8pWp7gjPJwbdj8=
-2,-20,DGsOQ09No/Tw/10Lo7DlP+BbR+I=,vrYtFIg9HEWaL8pWp7gjPJwbdj8=
-9,-19,DGsOQ09No/Tw/10Lo7DlP+BbR+I=,0+VQHgUgnCZRDJlQcKuDisTpYJY=
-3,-25,DGsOQ09No/Tw/10Lo7DlP+BbR+I=,28G10lC8cra3i5xdOL/4AT/cAPI=
-3,-21,DGsOQ09No/Tw/10Lo7DlP+BbR+I=,vrYtFIg9HEWaL8pWp7gjPJwbdj8=
-3,-20,DGsOQ09No/Tw/10Lo7DlP+BbR+I=,vrYtFIg9HEWaL8pWp7gjPJwbdj8=
-6,-24,DGsOQ09No/Tw/10Lo7DlP+BbR+I=,vrYtFIg9HEWaL8pWp7gjPJwbdj8=
-5,-21,DGsOQ09No/Tw/10Lo7DlP+BbR+I=,vrYtFIg9HEWaL8pWp7gjPJwbdj8=
-4,-21,DGsOQ09No/Tw/10Lo7DlP+BbR+I=,vrYtFIg9HEWaL8pWp7gjPJwbdj8=
-7,-22,DGsOQ09No/Tw/10Lo7DlP+BbR+I=,vrYtFIg9HEWaL8pWp7gjPJwbdj8=
-5,-20,DGsOQ09No/Tw/10Lo7DlP+BbR+I=,vrYtFIg9HEWaL8pWp7gjPJwbdj8=
-9,-23,DGsOQ09No/Tw/10Lo7DlP+BbR+I=,0+VQHgUgnCZRDJlQcKuDisTpYJY=
-6,-19,DGsOQ09No/Tw/10Lo7DlP+BbR+I=,vrYtFIg9HEWaL8pWp7gjPJwbdj8=
-4,-20,DGsOQ09No/Tw/10Lo7DlP+BbR+I=,vrYtFIg9HEWaL8pWp7gjPJwbdj8=
-2,-22,DGsOQ09No/Tw/10Lo7DlP+BbR+I=,vrYtFIg9HEWaL8pWp7gjPJwbdj8=
-7,-19,DGsOQ09No/Tw/10Lo7DlP+BbR+I=,vrYtFIg9HEWaL8pWp7gjPJwbdj8=
-2,-25,DGsOQ09No/Tw/10Lo7DlP+BbR+I=,28G10lC8cra3i5xdOL/4AT/cAPI=
-9,-20,DGsOQ09No/Tw/10Lo7DlP+BbR+I=,0+VQHgUgnCZRDJlQcKuDisTpYJY=
-9,-25,DGsOQ09No/Tw/10Lo7DlP+BbR+I=,meIUeJ5y5Dnc8x58Yyfs5a66vvQ=
-3,-22,DGsOQ09No/Tw/10Lo7DlP+BbR+I=,vrYtFIg9HEWaL8pWp7gjPJwbdj8=
-6,-20,DGsOQ09No/Tw/10Lo7DlP+BbR+I=,vrYtFIg9HEWaL8pWp7gjPJwbdj8=
-4,-22,DGsOQ09No/Tw/10Lo7DlP+BbR+I=,vrYtFIg9HEWaL8pWp7gjPJwbdj8=
-8,-19,DGsOQ09No/Tw/10Lo7DlP+BbR+I=,vrYtFIg9HEWaL8pWp7gjPJwbdj8=
-7,-20,DGsOQ09No/Tw/10Lo7DlP+BbR+I=,vrYtFIg9HEWaL8pWp7gjPJwbdj8=
-8,-20,DGsOQ09No/Tw/10Lo7DlP+BbR+I=,vrYtFIg9HEWaL8pWp7gjPJwbdj8=
-9,-21,DGsOQ09No/Tw/10Lo7DlP+BbR+I=,0+VQHgUgnCZRDJlQcKuDisTpYJY=
-6,-21,DGsOQ09No/Tw/10Lo7DlP+BbR+I=,vrYtFIg9HEWaL8pWp7gjPJwbdj8=
-5,-22,DGsOQ09No/Tw/10Lo7DlP+BbR+I=,vrYtFIg9HEWaL8pWp7gjPJwbdj8=
-7,-24,DGsOQ09No/Tw/10Lo7DlP+BbR+I=,vrYtFIg9HEWaL8pWp7gjPJwbdj8=
-5,-23,DGsOQ09No/Tw/10Lo7DlP+BbR+I=,vrYtFIg9HEWaL8pWp7gjPJwbdj8=
-6,-23,DGsOQ09No/Tw/10Lo7DlP+BbR+I=,vrYtFIg9HEWaL8pWp7gjPJwbdj8=
-9,-24,DGsOQ09No/Tw/10Lo7DlP+BbR+I=,0+VQHgUgnCZRDJlQcKuDisTpYJY=
-7,-23,DGsOQ09No/Tw/10Lo7DlP+BbR+I=,vrYtFIg9HEWaL8pWp7gjPJwbdj8=
-8,-23,DGsOQ09No/Tw/10Lo7DlP+BbR+I=,vrYtFIg9HEWaL8pWp7gjPJwbdj8=
-6,-22,DGsOQ09No/Tw/10Lo7DlP+BbR+I=,vrYtFIg9HEWaL8pWp7gjPJwbdj8=
-5,-24,DGsOQ09No/Tw/10Lo7DlP+BbR+I=,vrYtFIg9HEWaL8pWp7gjPJwbdj8=
-3,-24,DGsOQ09No/Tw/10Lo7DlP+BbR+I=,vrYtFIg9HEWaL8pWp7gjPJwbdj8=
-2,-24,DGsOQ09No/Tw/10Lo7DlP+BbR+I=,vrYtFIg9HEWaL8pWp7gjPJwbdj8=
-5,-17,DGsOQ09No/Tw/10Lo7DlP+BbR+I=,vrYtFIg9HEWaL8pWp7gjPJwbdj8=
-4,-17,DGsOQ09No/Tw/10Lo7DlP+BbR+I=,vrYtFIg9HEWaL8pWp7gjPJwbdj8=
-8,-17,DGsOQ09No/Tw/10Lo7DlP+BbR+I=,vrYtFIg9HEWaL8pWp7gjPJwbdj8=
-1,-19,DGsOQ09No/Tw/10Lo7DlP+BbR+I=,vrYtFIg9HEWaL8pWp7gjPJwbdj8=
-6,-17,DGsOQ09No/Tw/10Lo7DlP+BbR+I=,vrYtFIg9HEWaL8pWp7gjPJwbdj8=
-3,-17,DGsOQ09No/Tw/10Lo7DlP+BbR+I=,vrYtFIg9HEWaL8pWp7gjPJwbdj8=
-15,-17,DGsOQ09No/Tw/10Lo7DlP+BbR+I=,0+VQHgUgnCZRDJlQcKuDisTpYJY=
-1,-24,DGsOQ09No/Tw/10Lo7DlP+BbR+I=,vrYtFIg9HEWaL8pWp7gjPJwbdj8=
-1,-20,DGsOQ09No/Tw/10Lo7DlP+BbR+I=,vrYtFIg9HEWaL8pWp7gjPJwbdj8=
-7,-17,DGsOQ09No/Tw/10Lo7DlP+BbR+I=,vrYtFIg9HEWaL8pWp7gjPJwbdj8=
-1,-23,DGsOQ09No/Tw/10Lo7DlP+BbR+I=,vrYtFIg9HEWaL8pWp7gjPJwbdj8=
-2,-17,DGsOQ09No/Tw/10Lo7DlP+BbR+I=,vrYtFIg9HEWaL8pWp7gjPJwbdj8=
-14,-17,DGsOQ09No/Tw/10Lo7DlP+BbR+I=,0+VQHgUgnCZRDJlQcKuDisTpYJY=
-9,-17,DGsOQ09No/Tw/10Lo7DlP+BbR+I=,0+VQHgUgnCZRDJlQcKuDisTpYJY=
-1,-21,DGsOQ09No/Tw/10Lo7DlP+BbR+I=,vrYtFIg9HEWaL8pWp7gjPJwbdj8=
-10,-17,DGsOQ09No/Tw/10Lo7DlP+BbR+I=,0+VQHgUgnCZRDJlQcKuDisTpYJY=
-13,-17,DGsOQ09No/Tw/10Lo7DlP+BbR+I=,0+VQHgUgnCZRDJlQcKuDisTpYJY=
-1,-22,DGsOQ09No/Tw/10Lo7DlP+BbR+I=,vrYtFIg9HEWaL8pWp7gjPJwbdj8=
-1,-18,DGsOQ09No/Tw/10Lo7DlP+BbR+I=,vrYtFIg9HEWaL8pWp7gjPJwbdj8=
-11,-17,DGsOQ09No/Tw/10Lo7DlP+BbR+I=,0+VQHgUgnCZRDJlQcKuDisTpYJY=
-1,-25,DGsOQ09No/Tw/10Lo7DlP+BbR+I=,28G10lC8cra3i5xdOL/4AT/cAPI=
-12,-17,DGsOQ09No/Tw/10Lo7DlP+BbR+I=,0+VQHgUgnCZRDJlQcKuDisTpYJY=
-1,-29,DGsOQ09No/Tw/10Lo7DlP+BbR+I=,28G10lC8cra3i5xdOL/4AT/cAPI=
-1,-26,DGsOQ09No/Tw/10Lo7DlP+BbR+I=,28G10lC8cra3i5xdOL/4AT/cAPI=
-1,-30,DGsOQ09No/Tw/10Lo7DlP+BbR+I=,28G10lC8cra3i5xdOL/4AT/cAPI=
-1,-31,DGsOQ09No/Tw/10Lo7DlP+BbR+I=,28G10lC8cra3i5xdOL/4AT/cAPI=
-1,-28,DGsOQ09No/Tw/10Lo7DlP+BbR+I=,28G10lC8cra3i5xdOL/4AT/cAPI=
-1,-27,DGsOQ09No/Tw/10Lo7DlP+BbR+I=,28G10lC8cra3i5xdOL/4AT/cAPI=
-16,-27,DGsOQ09No/Tw/10Lo7DlP+BbR+I=,meIUeJ5y5Dnc8x58Yyfs5a66vvQ=
-16,-28,DGsOQ09No/Tw/10Lo7DlP+BbR+I=,meIUeJ5y5Dnc8x58Yyfs5a66vvQ=
-16,-26,DGsOQ09No/Tw/10Lo7DlP+BbR+I=,meIUeJ5y5Dnc8x58Yyfs5a66vvQ=
-16,-31,DGsOQ09No/Tw/10Lo7DlP+BbR+I=,meIUeJ5y5Dnc8x58Yyfs5a66vvQ=
-16,-29,DGsOQ09No/Tw/10Lo7DlP+BbR+I=,meIUeJ5y5Dnc8x58Yyfs5a66vvQ=
-16,-30,DGsOQ09No/Tw/10Lo7DlP+BbR+I=,meIUeJ5y5Dnc8x58Yyfs5a66vvQ=
-15,-32,DGsOQ09No/Tw/10Lo7DlP+BbR+I=,meIUeJ5y5Dnc8x58Yyfs5a66vvQ=
-14,-32,DGsOQ09No/Tw/10Lo7DlP+BbR+I=,meIUeJ5y5Dnc8x58Yyfs5a66vvQ=
-13,-32,DGsOQ09No/Tw/10Lo7DlP+BbR+I=,meIUeJ5y5Dnc8x58Yyfs5a66vvQ=
-12,-32,DGsOQ09No/Tw/10Lo7DlP+BbR+I=,meIUeJ5y5Dnc8x58Yyfs5a66vvQ=
-16,-20,DGsOQ09No/Tw/10Lo7DlP+BbR+I=,0+VQHgUgnCZRDJlQcKuDisTpYJY=
-10,-32,DGsOQ09No/Tw/10Lo7DlP+BbR+I=,meIUeJ5y5Dnc8x58Yyfs5a66vvQ=
-16,-18,DGsOQ09No/Tw/10Lo7DlP+BbR+I=,0+VQHgUgnCZRDJlQcKuDisTpYJY=
-16,-21,DGsOQ09No/Tw/10Lo7DlP+BbR+I=,0+VQHgUgnCZRDJlQcKuDisTpYJY=
-16,-25,DGsOQ09No/Tw/10Lo7DlP+BbR+I=,meIUeJ5y5Dnc8x58Yyfs5a66vvQ=
-11,-32,DGsOQ09No/Tw/10Lo7DlP+BbR+I=,meIUeJ5y5Dnc8x58Yyfs5a66vvQ=
-16,-22,DGsOQ09No/Tw/10Lo7DlP+BbR+I=,0+VQHgUgnCZRDJlQcKuDisTpYJY=
-16,-17,DGsOQ09No/Tw/10Lo7DlP+BbR+I=,0+VQHgUgnCZRDJlQcKuDisTpYJY=
-16,-19,DGsOQ09No/Tw/10Lo7DlP+BbR+I=,0+VQHgUgnCZRDJlQcKuDisTpYJY=
-16,-23,DGsOQ09No/Tw/10Lo7DlP+BbR+I=,0+VQHgUgnCZRDJlQcKuDisTpYJY=
-16,-24,DGsOQ09No/Tw/10Lo7DlP+BbR+I=,0+VQHgUgnCZRDJlQcKuDisTpYJY=
-8,-32,DGsOQ09No/Tw/10Lo7DlP+BbR+I=,28G10lC8cra3i5xdOL/4AT/cAPI=
-9,-32,DGsOQ09No/Tw/10Lo7DlP+BbR+I=,meIUeJ5y5Dnc8x58Yyfs5a66vvQ=
-2,-32,DGsOQ09No/Tw/10Lo7DlP+BbR+I=,28G10lC8cra3i5xdOL/4AT/cAPI=
-3,-32,DGsOQ09No/Tw/10Lo7DlP+BbR+I=,28G10lC8cra3i5xdOL/4AT/cAPI=
-7,-32,DGsOQ09No/Tw/10Lo7DlP+BbR+I=,28G10lC8cra3i5xdOL/4AT/cAPI=
-4,-32,DGsOQ09No/Tw/10Lo7DlP+BbR+I=,28G10lC8cra3i5xdOL/4AT/cAPI=
-5,-32,DGsOQ09No/Tw/10Lo7DlP+BbR+I=,28G10lC8cra3i5xdOL/4AT/cAPI=
-6,-32,DGsOQ09No/Tw/10Lo7DlP+BbR+I=,28G10lC8cra3i5xdOL/4AT/cAPI=
-1,-32,DGsOQ09No/Tw/10Lo7DlP+BbR+I=,28G10lC8cra3i5xdOL/4AT/cAPI=
-16,-32,DGsOQ09No/Tw/10Lo7DlP+BbR+I=,meIUeJ5y5Dnc8x58Yyfs5a66vvQ=
-1,-17,DGsOQ09No/Tw/10Lo7DlP+BbR+I=,vrYtFIg9HEWaL8pWp7gjPJwbdj8=
-28,-21,L3SOltJKfFoj1YOHNZrrTeNi4rk=,Fl9HyCFzIYF/4Hr7eeIySMHoqtI=
-29,-21,L3SOltJKfFoj1YOHNZrrTeNi4rk=,Fl9HyCFzIYF/4Hr7eeIySMHoqtI=
-30,-21,L3SOltJKfFoj1YOHNZrrTeNi4rk=,Fl9HyCFzIYF/4Hr7eeIySMHoqtI=
-31,-21,L3SOltJKfFoj1YOHNZrrTeNi4rk=,Fl9HyCFzIYF/4Hr7eeIySMHoqtI=
-26,-22,L3SOltJKfFoj1YOHNZrrTeNi4rk=,Fl9HyCFzIYF/4Hr7eeIySMHoqtI=
-27,-22,L3SOltJKfFoj1YOHNZrrTeNi4rk=,Fl9HyCFzIYF/4Hr7eeIySMHoqtI=
-28,-22,L3SOltJKfFoj1YOHNZrrTeNi4rk=,Fl9HyCFzIYF/4Hr7eeIySMHoqtI=
-29,-22,L3SOltJKfFoj1YOHNZrrTeNi4rk=,Fl9HyCFzIYF/4Hr7eeIySMHoqtI=
-31,-22,L3SOltJKfFoj1YOHNZrrTeNi4rk=,Fl9HyCFzIYF/4Hr7eeIySMHoqtI=
-30,-22,L3SOltJKfFoj1YOHNZrrTeNi4rk=,Fl9HyCFzIYF/4Hr7eeIySMHoqtI=
-29,-23,L3SOltJKfFoj1YOHNZrrTeNi4rk=,Fl9HyCFzIYF/4Hr7eeIySMHoqtI=
-26,-23,L3SOltJKfFoj1YOHNZrrTeNi4rk=,Fl9HyCFzIYF/4Hr7eeIySMHoqtI=
-31,-23,L3SOltJKfFoj1YOHNZrrTeNi4rk=,Fl9HyCFzIYF/4Hr7eeIySMHoqtI=
-26,-18,L3SOltJKfFoj1YOHNZrrTeNi4rk=,Fl9HyCFzIYF/4Hr7eeIySMHoqtI=
-27,-23,L3SOltJKfFoj1YOHNZrrTeNi4rk=,Fl9HyCFzIYF/4Hr7eeIySMHoqtI=
-27,-18,L3SOltJKfFoj1YOHNZrrTeNi4rk=,Fl9HyCFzIYF/4Hr7eeIySMHoqtI=
-28,-23,L3SOltJKfFoj1YOHNZrrTeNi4rk=,Fl9HyCFzIYF/4Hr7eeIySMHoqtI=
-30,-23,L3SOltJKfFoj1YOHNZrrTeNi4rk=,Fl9HyCFzIYF/4Hr7eeIySMHoqtI=
-28,-18,L3SOltJKfFoj1YOHNZrrTeNi4rk=,Fl9HyCFzIYF/4Hr7eeIySMHoqtI=
-26,-19,L3SOltJKfFoj1YOHNZrrTeNi4rk=,Fl9HyCFzIYF/4Hr7eeIySMHoqtI=
-27,-19,L3SOltJKfFoj1YOHNZrrTeNi4rk=,Fl9HyCFzIYF/4Hr7eeIySMHoqtI=
-30,-18,L3SOltJKfFoj1YOHNZrrTeNi4rk=,Fl9HyCFzIYF/4Hr7eeIySMHoqtI=
-31,-18,L3SOltJKfFoj1YOHNZrrTeNi4rk=,Fl9HyCFzIYF/4Hr7eeIySMHoqtI=
-29,-18,L3SOltJKfFoj1YOHNZrrTeNi4rk=,Fl9HyCFzIYF/4Hr7eeIySMHoqtI=
-28,-19,L3SOltJKfFoj1YOHNZrrTeNi4rk=,Fl9HyCFzIYF/4Hr7eeIySMHoqtI=
-29,-19,L3SOltJKfFoj1YOHNZrrTeNi4rk=,Fl9HyCFzIYF/4Hr7eeIySMHoqtI=
-30,-19,L3SOltJKfFoj1YOHNZrrTeNi4rk=,Fl9HyCFzIYF/4Hr7eeIySMHoqtI=
-27,-20,L3SOltJKfFoj1YOHNZrrTeNi4rk=,Fl9HyCFzIYF/4Hr7eeIySMHoqtI=
-26,-20,L3SOltJKfFoj1YOHNZrrTeNi4rk=,Fl9HyCFzIYF/4Hr7eeIySMHoqtI=
-31,-20,L3SOltJKfFoj1YOHNZrrTeNi4rk=,Fl9HyCFzIYF/4Hr7eeIySMHoqtI=
-26,-21,L3SOltJKfFoj1YOHNZrrTeNi4rk=,Fl9HyCFzIYF/4Hr7eeIySMHoqtI=
-31,-19,L3SOltJKfFoj1YOHNZrrTeNi4rk=,Fl9HyCFzIYF/4Hr7eeIySMHoqtI=
-30,-20,L3SOltJKfFoj1YOHNZrrTeNi4rk=,Fl9HyCFzIYF/4Hr7eeIySMHoqtI=
-28,-20,L3SOltJKfFoj1YOHNZrrTeNi4rk=,Fl9HyCFzIYF/4Hr7eeIySMHoqtI=
-29,-20,L3SOltJKfFoj1YOHNZrrTeNi4rk=,Fl9HyCFzIYF/4Hr7eeIySMHoqtI=
-27,-21,L3SOltJKfFoj1YOHNZrrTeNi4rk=,Fl9HyCFzIYF/4Hr7eeIySMHoqtI=
-28,-27,L3SOltJKfFoj1YOHNZrrTeNi4rk=,3bmL/ZqMTXgwBQFQioAC1xunaZA=
-29,-27,L3SOltJKfFoj1YOHNZrrTeNi4rk=,3bmL/ZqMTXgwBQFQioAC1xunaZA=
-30,-27,L3SOltJKfFoj1YOHNZrrTeNi4rk=,3bmL/ZqMTXgwBQFQioAC1xunaZA=
-31,-27,L3SOltJKfFoj1YOHNZrrTeNi4rk=,3bmL/ZqMTXgwBQFQioAC1xunaZA=
-28,-28,L3SOltJKfFoj1YOHNZrrTeNi4rk=,3bmL/ZqMTXgwBQFQioAC1xunaZA=
-27,-27,L3SOltJKfFoj1YOHNZrrTeNi4rk=,3bmL/ZqMTXgwBQFQioAC1xunaZA=
-29,-28,L3SOltJKfFoj1YOHNZrrTeNi4rk=,3bmL/ZqMTXgwBQFQioAC1xunaZA=
-30,-28,rGFRvdnGuOvywrzc50wys6VLWUk=,3bmL/ZqMTXgwBQFQioAC1xunaZA=
-27,-28,rGFRvdnGuOvywrzc50wys6VLWUk=,3bmL/ZqMTXgwBQFQioAC1xunaZA=
-26,-28,rGFRvdnGuOvywrzc50wys6VLWUk=,3bmL/ZqMTXgwBQFQioAC1xunaZA=
-26,-27,rGFRvdnGuOvywrzc50wys6VLWUk=,3bmL/ZqMTXgwBQFQioAC1xunaZA=
-31,-26,rGFRvdnGuOvywrzc50wys6VLWUk=,3bmL/ZqMTXgwBQFQioAC1xunaZA=
-31,-31,rGFRvdnGuOvywrzc50wys6VLWUk=,3bmL/ZqMTXgwBQFQioAC1xunaZA=
-27,-24,rGFRvdnGuOvywrzc50wys6VLWUk=,Fl9HyCFzIYF/4Hr7eeIySMHoqtI=
-26,-24,rGFRvdnGuOvywrzc50wys6VLWUk=,Fl9HyCFzIYF/4Hr7eeIySMHoqtI=
-31,-28,rGFRvdnGuOvywrzc50wys6VLWUk=,3bmL/ZqMTXgwBQFQioAC1xunaZA=
-30,-31,rGFRvdnGuOvywrzc50wys6VLWUk=,3bmL/ZqMTXgwBQFQioAC1xunaZA=
-29,-24,rGFRvdnGuOvywrzc50wys6VLWUk=,Fl9HyCFzIYF/4Hr7eeIySMHoqtI=
-31,-24,rGFRvdnGuOvywrzc50wys6VLWUk=,Fl9HyCFzIYF/4Hr7eeIySMHoqtI=
-30,-26,rGFRvdnGuOvywrzc50wys6VLWUk=,3bmL/ZqMTXgwBQFQioAC1xunaZA=
-30,-24,rGFRvdnGuOvywrzc50wys6VLWUk=,Fl9HyCFzIYF/4Hr7eeIySMHoqtI=
-29,-31,rGFRvdnGuOvywrzc50wys6VLWUk=,3bmL/ZqMTXgwBQFQioAC1xunaZA=
-29,-26,rGFRvdnGuOvywrzc50wys6VLWUk=,3bmL/ZqMTXgwBQFQioAC1xunaZA=
-28,-24,rGFRvdnGuOvywrzc50wys6VLWUk=,Fl9HyCFzIYF/4Hr7eeIySMHoqtI=
-26,-29,rGFRvdnGuOvywrzc50wys6VLWUk=,3bmL/ZqMTXgwBQFQioAC1xunaZA=
-28,-26,rGFRvdnGuOvywrzc50wys6VLWUk=,3bmL/ZqMTXgwBQFQioAC1xunaZA=
-27,-29,rGFRvdnGuOvywrzc50wys6VLWUk=,3bmL/ZqMTXgwBQFQioAC1xunaZA=
-28,-29,rGFRvdnGuOvywrzc50wys6VLWUk=,3bmL/ZqMTXgwBQFQioAC1xunaZA=
-26,-25,rGFRvdnGuOvywrzc50wys6VLWUk=,3bmL/ZqMTXgwBQFQioAC1xunaZA=
-29,-29,rGFRvdnGuOvywrzc50wys6VLWUk=,3bmL/ZqMTXgwBQFQioAC1xunaZA=
-27,-25,rGFRvdnGuOvywrzc50wys6VLWUk=,3bmL/ZqMTXgwBQFQioAC1xunaZA=
-27,-26,rGFRvdnGuOvywrzc50wys6VLWUk=,3bmL/ZqMTXgwBQFQioAC1xunaZA=
-28,-25,rGFRvdnGuOvywrzc50wys6VLWUk=,3bmL/ZqMTXgwBQFQioAC1xunaZA=
-29,-25,rGFRvdnGuOvywrzc50wys6VLWUk=,3bmL/ZqMTXgwBQFQioAC1xunaZA=
-30,-29,rGFRvdnGuOvywrzc50wys6VLWUk=,3bmL/ZqMTXgwBQFQioAC1xunaZA=
-30,-25,rGFRvdnGuOvywrzc50wys6VLWUk=,3bmL/ZqMTXgwBQFQioAC1xunaZA=
-31,-25,rGFRvdnGuOvywrzc50wys6VLWUk=,3bmL/ZqMTXgwBQFQioAC1xunaZA=
-28,-31,rGFRvdnGuOvywrzc50wys6VLWUk=,3bmL/ZqMTXgwBQFQioAC1xunaZA=
-31,-29,rGFRvdnGuOvywrzc50wys6VLWUk=,3bmL/ZqMTXgwBQFQioAC1xunaZA=
-27,-31,rGFRvdnGuOvywrzc50wys6VLWUk=,3bmL/ZqMTXgwBQFQioAC1xunaZA=
-26,-30,rGFRvdnGuOvywrzc50wys6VLWUk=,3bmL/ZqMTXgwBQFQioAC1xunaZA=
-27,-30,rGFRvdnGuOvywrzc50wys6VLWUk=,3bmL/ZqMTXgwBQFQioAC1xunaZA=
-29,-30,rGFRvdnGuOvywrzc50wys6VLWUk=,3bmL/ZqMTXgwBQFQioAC1xunaZA=
-31,-30,rGFRvdnGuOvywrzc50wys6VLWUk=,3bmL/ZqMTXgwBQFQioAC1xunaZA=
-26,-31,rGFRvdnGuOvywrzc50wys6VLWUk=,3bmL/ZqMTXgwBQFQioAC1xunaZA=
-30,-30,rGFRvdnGuOvywrzc50wys6VLWUk=,3bmL/ZqMTXgwBQFQioAC1xunaZA=
-26,-26,rGFRvdnGuOvywrzc50wys6VLWUk=,3bmL/ZqMTXgwBQFQioAC1xunaZA=
-28,-30,rGFRvdnGuOvywrzc50wys6VLWUk=,3bmL/ZqMTXgwBQFQioAC1xunaZA=
-22,-20,rGFRvdnGuOvywrzc50wys6VLWUk=,pp7P5h49fpnkJ4vuYDHSqmK1HmA=
-20,-23,rGFRvdnGuOvywrzc50wys6VLWUk=,pp7P5h49fpnkJ4vuYDHSqmK1HmA=
-19,-18,rGFRvdnGuOvywrzc50wys6VLWUk=,pp7P5h49fpnkJ4vuYDHSqmK1HmA=
-25,-22,rGFRvdnGuOvywrzc50wys6VLWUk=,Fl9HyCFzIYF/4Hr7eeIySMHoqtI=
-21,-22,rGFRvdnGuOvywrzc50wys6VLWUk=,pp7P5h49fpnkJ4vuYDHSqmK1HmA=
-19,-19,rGFRvdnGuOvywrzc50wys6VLWUk=,pp7P5h49fpnkJ4vuYDHSqmK1HmA=
-22,-22,rGFRvdnGuOvywrzc50wys6VLWUk=,pp7P5h49fpnkJ4vuYDHSqmK1HmA=
-23,-22,rGFRvdnGuOvywrzc50wys6VLWUk=,pp7P5h49fpnkJ4vuYDHSqmK1HmA=
-19,-23,rGFRvdnGuOvywrzc50wys6VLWUk=,pp7P5h49fpnkJ4vuYDHSqmK1HmA=
-23,-20,rGFRvdnGuOvywrzc50wys6VLWUk=,pp7P5h49fpnkJ4vuYDHSqmK1HmA=
-20,-18,rGFRvdnGuOvywrzc50wys6VLWUk=,pp7P5h49fpnkJ4vuYDHSqmK1HmA=
-24,-20,rGFRvdnGuOvywrzc50wys6VLWUk=,pp7P5h49fpnkJ4vuYDHSqmK1HmA=
-25,-23,rGFRvdnGuOvywrzc50wys6VLWUk=,Fl9HyCFzIYF/4Hr7eeIySMHoqtI=
-22,-23,rGFRvdnGuOvywrzc50wys6VLWUk=,pp7P5h49fpnkJ4vuYDHSqmK1HmA=
-18,-23,rGFRvdnGuOvywrzc50wys6VLWUk=,pp7P5h49fpnkJ4vuYDHSqmK1HmA=
-25,-21,rGFRvdnGuOvywrzc50wys6VLWUk=,Fl9HyCFzIYF/4Hr7eeIySMHoqtI=
-21,-23,rGFRvdnGuOvywrzc50wys6VLWUk=,pp7P5h49fpnkJ4vuYDHSqmK1HmA=
-25,-18,rGFRvdnGuOvywrzc50wys6VLWUk=,Fl9HyCFzIYF/4Hr7eeIySMHoqtI=
-20,-19,rGFRvdnGuOvywrzc50wys6VLWUk=,pp7P5h49fpnkJ4vuYDHSqmK1HmA=
-21,-20,rGFRvdnGuOvywrzc50wys6VLWUk=,pp7P5h49fpnkJ4vuYDHSqmK1HmA=
-18,-21,rGFRvdnGuOvywrzc50wys6VLWUk=,pp7P5h49fpnkJ4vuYDHSqmK1HmA=
-21,-18,rGFRvdnGuOvywrzc50wys6VLWUk=,pp7P5h49fpnkJ4vuYDHSqmK1HmA=
-18,-20,rGFRvdnGuOvywrzc50wys6VLWUk=,pp7P5h49fpnkJ4vuYDHSqmK1HmA=
-23,-23,rGFRvdnGuOvywrzc50wys6VLWUk=,pp7P5h49fpnkJ4vuYDHSqmK1HmA=
-19,-21,rGFRvdnGuOvywrzc50wys6VLWUk=,pp7P5h49fpnkJ4vuYDHSqmK1HmA=
-24,-23,rGFRvdnGuOvywrzc50wys6VLWUk=,pp7P5h49fpnkJ4vuYDHSqmK1HmA=
-18,-18,rGFRvdnGuOvywrzc50wys6VLWUk=,pp7P5h49fpnkJ4vuYDHSqmK1HmA=
-20,-21,rGFRvdnGuOvywrzc50wys6VLWUk=,pp7P5h49fpnkJ4vuYDHSqmK1HmA=
-22,-18,rGFRvdnGuOvywrzc50wys6VLWUk=,pp7P5h49fpnkJ4vuYDHSqmK1HmA=
-25,-19,rGFRvdnGuOvywrzc50wys6VLWUk=,Fl9HyCFzIYF/4Hr7eeIySMHoqtI=
-23,-18,rGFRvdnGuOvywrzc50wys6VLWUk=,pp7P5h49fpnkJ4vuYDHSqmK1HmA=
-21,-19,rGFRvdnGuOvywrzc50wys6VLWUk=,pp7P5h49fpnkJ4vuYDHSqmK1HmA=
-18,-19,rGFRvdnGuOvywrzc50wys6VLWUk=,pp7P5h49fpnkJ4vuYDHSqmK1HmA=
-24,-19,rGFRvdnGuOvywrzc50wys6VLWUk=,pp7P5h49fpnkJ4vuYDHSqmK1HmA=
-20,-20,rGFRvdnGuOvywrzc50wys6VLWUk=,pp7P5h49fpnkJ4vuYDHSqmK1HmA=
-22,-19,rGFRvdnGuOvywrzc50wys6VLWUk=,pp7P5h49fpnkJ4vuYDHSqmK1HmA=
-21,-21,rGFRvdnGuOvywrzc50wys6VLWUk=,pp7P5h49fpnkJ4vuYDHSqmK1HmA=
-23,-21,rGFRvdnGuOvywrzc50wys6VLWUk=,pp7P5h49fpnkJ4vuYDHSqmK1HmA=
-25,-20,rGFRvdnGuOvywrzc50wys6VLWUk=,Fl9HyCFzIYF/4Hr7eeIySMHoqtI=
-24,-21,rGFRvdnGuOvywrzc50wys6VLWUk=,pp7P5h49fpnkJ4vuYDHSqmK1HmA=
-24,-22,rGFRvdnGuOvywrzc50wys6VLWUk=,pp7P5h49fpnkJ4vuYDHSqmK1HmA=
-19,-22,rGFRvdnGuOvywrzc50wys6VLWUk=,pp7P5h49fpnkJ4vuYDHSqmK1HmA=
-18,-22,rGFRvdnGuOvywrzc50wys6VLWUk=,pp7P5h49fpnkJ4vuYDHSqmK1HmA=
-20,-22,rGFRvdnGuOvywrzc50wys6VLWUk=,pp7P5h49fpnkJ4vuYDHSqmK1HmA=
-24,-18,rGFRvdnGuOvywrzc50wys6VLWUk=,pp7P5h49fpnkJ4vuYDHSqmK1HmA=
-23,-19,rGFRvdnGuOvywrzc50wys6VLWUk=,pp7P5h49fpnkJ4vuYDHSqmK1HmA=
-19,-20,rGFRvdnGuOvywrzc50wys6VLWUk=,pp7P5h49fpnkJ4vuYDHSqmK1HmA=
-22,-21,rGFRvdnGuOvywrzc50wys6VLWUk=,pp7P5h49fpnkJ4vuYDHSqmK1HmA=
-20,-25,rGFRvdnGuOvywrzc50wys6VLWUk=,1wDq8+2LnATcT0URmW9j5aUroI4=
-25,-28,rGFRvdnGuOvywrzc50wys6VLWUk=,3bmL/ZqMTXgwBQFQioAC1xunaZA=
-22,-25,rGFRvdnGuOvywrzc50wys6VLWUk=,1wDq8+2LnATcT0URmW9j5aUroI4=
-23,-25,rGFRvdnGuOvywrzc50wys6VLWUk=,1wDq8+2LnATcT0URmW9j5aUroI4=
-24,-25,rGFRvdnGuOvywrzc50wys6VLWUk=,1wDq8+2LnATcT0URmW9j5aUroI4=
-20,-24,rGFRvdnGuOvywrzc50wys6VLWUk=,pp7P5h49fpnkJ4vuYDHSqmK1HmA=
-21,-24,rGFRvdnGuOvywrzc50wys6VLWUk=,pp7P5h49fpnkJ4vuYDHSqmK1HmA=
-18,-26,rGFRvdnGuOvywrzc50wys6VLWUk=,1wDq8+2LnATcT0URmW9j5aUroI4=
-19,-25,rGFRvdnGuOvywrzc50wys6VLWUk=,1wDq8+2LnATcT0URmW9j5aUroI4=
-21,-25,rGFRvdnGuOvywrzc50wys6VLWUk=,1wDq8+2LnATcT0URmW9j5aUroI4=
-19,-26,rGFRvdnGuOvywrzc50wys6VLWUk=,1wDq8+2LnATcT0URmW9j5aUroI4=
-25,-27,rGFRvdnGuOvywrzc50wys6VLWUk=,3bmL/ZqMTXgwBQFQioAC1xunaZA=
-20,-26,rGFRvdnGuOvywrzc50wys6VLWUk=,1wDq8+2LnATcT0URmW9j5aUroI4=
-23,-26,rGFRvdnGuOvywrzc50wys6VLWUk=,1wDq8+2LnATcT0URmW9j5aUroI4=
-22,-26,rGFRvdnGuOvywrzc50wys6VLWUk=,1wDq8+2LnATcT0URmW9j5aUroI4=
-24,-26,rGFRvdnGuOvywrzc50wys6VLWUk=,1wDq8+2LnATcT0URmW9j5aUroI4=
-21,-26,rGFRvdnGuOvywrzc50wys6VLWUk=,1wDq8+2LnATcT0URmW9j5aUroI4=
-22,-24,rGFRvdnGuOvywrzc50wys6VLWUk=,pp7P5h49fpnkJ4vuYDHSqmK1HmA=
-18,-27,rGFRvdnGuOvywrzc50wys6VLWUk=,1wDq8+2LnATcT0URmW9j5aUroI4=
-18,-25,rGFRvdnGuOvywrzc50wys6VLWUk=,1wDq8+2LnATcT0URmW9j5aUroI4=
-25,-24,rGFRvdnGuOvywrzc50wys6VLWUk=,Fl9HyCFzIYF/4Hr7eeIySMHoqtI=
-19,-27,rGFRvdnGuOvywrzc50wys6VLWUk=,1wDq8+2LnATcT0URmW9j5aUroI4=
-24,-31,rGFRvdnGuOvywrzc50wys6VLWUk=,1wDq8+2LnATcT0URmW9j5aUroI4=
-25,-29,rGFRvdnGuOvywrzc50wys6VLWUk=,3bmL/ZqMTXgwBQFQioAC1xunaZA=
-20,-27,rGFRvdnGuOvywrzc50wys6VLWUk=,1wDq8+2LnATcT0URmW9j5aUroI4=
-24,-27,rGFRvdnGuOvywrzc50wys6VLWUk=,1wDq8+2LnATcT0URmW9j5aUroI4=
-21,-27,rGFRvdnGuOvywrzc50wys6VLWUk=,1wDq8+2LnATcT0URmW9j5aUroI4=
-23,-27,rGFRvdnGuOvywrzc50wys6VLWUk=,1wDq8+2LnATcT0URmW9j5aUroI4=
-25,-25,rGFRvdnGuOvywrzc50wys6VLWUk=,3bmL/ZqMTXgwBQFQioAC1xunaZA=
-18,-28,rGFRvdnGuOvywrzc50wys6VLWUk=,1wDq8+2LnATcT0URmW9j5aUroI4=
-22,-27,rGFRvdnGuOvywrzc50wys6VLWUk=,1wDq8+2LnATcT0URmW9j5aUroI4=
-19,-24,rGFRvdnGuOvywrzc50wys6VLWUk=,pp7P5h49fpnkJ4vuYDHSqmK1HmA=
-19,-28,rGFRvdnGuOvywrzc50wys6VLWUk=,1wDq8+2LnATcT0URmW9j5aUroI4=
-20,-28,rGFRvdnGuOvywrzc50wys6VLWUk=,1wDq8+2LnATcT0URmW9j5aUroI4=
-22,-28,rGFRvdnGuOvywrzc50wys6VLWUk=,1wDq8+2LnATcT0URmW9j5aUroI4=
-23,-24,rGFRvdnGuOvywrzc50wys6VLWUk=,pp7P5h49fpnkJ4vuYDHSqmK1HmA=
-21,-28,rGFRvdnGuOvywrzc50wys6VLWUk=,1wDq8+2LnATcT0URmW9j5aUroI4=
-18,-29,rGFRvdnGuOvywrzc50wys6VLWUk=,1wDq8+2LnATcT0URmW9j5aUroI4=
-23,-31,rGFRvdnGuOvywrzc50wys6VLWUk=,1wDq8+2LnATcT0URmW9j5aUroI4=
-23,-28,rGFRvdnGuOvywrzc50wys6VLWUk=,1wDq8+2LnATcT0URmW9j5aUroI4=
-19,-29,rGFRvdnGuOvywrzc50wys6VLWUk=,1wDq8+2LnATcT0URmW9j5aUroI4=
-24,-28,rGFRvdnGuOvywrzc50wys6VLWUk=,1wDq8+2LnATcT0URmW9j5aUroI4=
-25,-30,rGFRvdnGuOvywrzc50wys6VLWUk=,3bmL/ZqMTXgwBQFQioAC1xunaZA=
-20,-29,rGFRvdnGuOvywrzc50wys6VLWUk=,1wDq8+2LnATcT0URmW9j5aUroI4=
-22,-31,rGFRvdnGuOvywrzc50wys6VLWUk=,1wDq8+2LnATcT0URmW9j5aUroI4=
-21,-29,rGFRvdnGuOvywrzc50wys6VLWUk=,1wDq8+2LnATcT0URmW9j5aUroI4=
-22,-29,rGFRvdnGuOvywrzc50wys6VLWUk=,1wDq8+2LnATcT0URmW9j5aUroI4=
-24,-24,rGFRvdnGuOvywrzc50wys6VLWUk=,pp7P5h49fpnkJ4vuYDHSqmK1HmA=
-24,-29,rGFRvdnGuOvywrzc50wys6VLWUk=,1wDq8+2LnATcT0URmW9j5aUroI4=
-23,-29,rGFRvdnGuOvywrzc50wys6VLWUk=,1wDq8+2LnATcT0URmW9j5aUroI4=
-19,-30,rGFRvdnGuOvywrzc50wys6VLWUk=,1wDq8+2LnATcT0URmW9j5aUroI4=
-18,-30,rGFRvdnGuOvywrzc50wys6VLWUk=,1wDq8+2LnATcT0URmW9j5aUroI4=
-21,-31,rGFRvdnGuOvywrzc50wys6VLWUk=,1wDq8+2LnATcT0URmW9j5aUroI4=
-25,-31,rGFRvdnGuOvywrzc50wys6VLWUk=,3bmL/ZqMTXgwBQFQioAC1xunaZA=
-22,-30,rGFRvdnGuOvywrzc50wys6VLWUk=,1wDq8+2LnATcT0URmW9j5aUroI4=
-20,-31,rGFRvdnGuOvywrzc50wys6VLWUk=,1wDq8+2LnATcT0URmW9j5aUroI4=
-19,-31,rGFRvdnGuOvywrzc50wys6VLWUk=,1wDq8+2LnATcT0URmW9j5aUroI4=
-23,-30,rGFRvdnGuOvywrzc50wys6VLWUk=,1wDq8+2LnATcT0URmW9j5aUroI4=
-21,-30,rGFRvdnGuOvywrzc50wys6VLWUk=,1wDq8+2LnATcT0URmW9j5aUroI4=
-18,-31,rGFRvdnGuOvywrzc50wys6VLWUk=,1wDq8+2LnATcT0URmW9j5aUroI4=
-20,-30,rGFRvdnGuOvywrzc50wys6VLWUk=,1wDq8+2LnATcT0URmW9j5aUroI4=
-24,-30,rGFRvdnGuOvywrzc50wys6VLWUk=,1wDq8+2LnATcT0URmW9j5aUroI4=
-18,-24,rGFRvdnGuOvywrzc50wys6VLWUk=,pp7P5h49fpnkJ4vuYDHSqmK1HmA=
-25,-26,rGFRvdnGuOvywrzc50wys6VLWUk=,3bmL/ZqMTXgwBQFQioAC1xunaZA=
-32,-28,rGFRvdnGuOvywrzc50wys6VLWUk=,3bmL/ZqMTXgwBQFQioAC1xunaZA=
-32,-29,rGFRvdnGuOvywrzc50wys6VLWUk=,3bmL/ZqMTXgwBQFQioAC1xunaZA=
-32,-26,rGFRvdnGuOvywrzc50wys6VLWUk=,3bmL/ZqMTXgwBQFQioAC1xunaZA=
-32,-27,rGFRvdnGuOvywrzc50wys6VLWUk=,3bmL/ZqMTXgwBQFQioAC1xunaZA=
-32,-30,rGFRvdnGuOvywrzc50wys6VLWUk=,3bmL/ZqMTXgwBQFQioAC1xunaZA=
-32,-31,rGFRvdnGuOvywrzc50wys6VLWUk=,3bmL/ZqMTXgwBQFQioAC1xunaZA=
-32,-20,rGFRvdnGuOvywrzc50wys6VLWUk=,Fl9HyCFzIYF/4Hr7eeIySMHoqtI=
-32,-25,rGFRvdnGuOvywrzc50wys6VLWUk=,3bmL/ZqMTXgwBQFQioAC1xunaZA=
-32,-21,rGFRvdnGuOvywrzc50wys6VLWUk=,Fl9HyCFzIYF/4Hr7eeIySMHoqtI=
-32,-18,rGFRvdnGuOvywrzc50wys6VLWUk=,Fl9HyCFzIYF/4Hr7eeIySMHoqtI=
-32,-24,rGFRvdnGuOvywrzc50wys6VLWUk=,Fl9HyCFzIYF/4Hr7eeIySMHoqtI=
-32,-19,rGFRvdnGuOvywrzc50wys6VLWUk=,Fl9HyCFzIYF/4Hr7eeIySMHoqtI=
-32,-23,rGFRvdnGuOvywrzc50wys6VLWUk=,Fl9HyCFzIYF/4Hr7eeIySMHoqtI=
-31,-17,rGFRvdnGuOvywrzc50wys6VLWUk=,Fl9HyCFzIYF/4Hr7eeIySMHoqtI=
-32,-22,rGFRvdnGuOvywrzc50wys6VLWUk=,Fl9HyCFzIYF/4Hr7eeIySMHoqtI=
-27,-17,rGFRvdnGuOvywrzc50wys6VLWUk=,Fl9HyCFzIYF/4Hr7eeIySMHoqtI=
-26,-17,rGFRvdnGuOvywrzc50wys6VLWUk=,Fl9HyCFzIYF/4Hr7eeIySMHoqtI=
-30,-17,rGFRvdnGuOvywrzc50wys6VLWUk=,Fl9HyCFzIYF/4Hr7eeIySMHoqtI=
-25,-17,rGFRvdnGuOvywrzc50wys6VLWUk=,Fl9HyCFzIYF/4Hr7eeIySMHoqtI=
-20,-17,rGFRvdnGuOvywrzc50wys6VLWUk=,pp7P5h49fpnkJ4vuYDHSqmK1HmA=
-28,-17,rGFRvdnGuOvywrzc50wys6VLWUk=,Fl9HyCFzIYF/4Hr7eeIySMHoqtI=
-19,-17,rGFRvdnGuOvywrzc50wys6VLWUk=,pp7P5h49fpnkJ4vuYDHSqmK1HmA=
-29,-17,rGFRvdnGuOvywrzc50wys6VLWUk=,Fl9HyCFzIYF/4Hr7eeIySMHoqtI=
-24,-17,rGFRvdnGuOvywrzc50wys6VLWUk=,pp7P5h49fpnkJ4vuYDHSqmK1HmA=
-18,-17,rGFRvdnGuOvywrzc50wys6VLWUk=,pp7P5h49fpnkJ4vuYDHSqmK1HmA=
-23,-17,rGFRvdnGuOvywrzc50wys6VLWUk=,pp7P5h49fpnkJ4vuYDHSqmK1HmA=
-22,-17,rGFRvdnGuOvywrzc50wys6VLWUk=,pp7P5h49fpnkJ4vuYDHSqmK1HmA=
-21,-17,rGFRvdnGuOvywrzc50wys6VLWUk=,pp7P5h49fpnkJ4vuYDHSqmK1HmA=
-17,-21,rGFRvdnGuOvywrzc50wys6VLWUk=,pp7P5h49fpnkJ4vuYDHSqmK1HmA=
-17,-20,rGFRvdnGuOvywrzc50wys6VLWUk=,pp7P5h49fpnkJ4vuYDHSqmK1HmA=
-17,-22,rGFRvdnGuOvywrzc50wys6VLWUk=,pp7P5h49fpnkJ4vuYDHSqmK1HmA=
-17,-19,rGFRvdnGuOvywrzc50wys6VLWUk=,pp7P5h49fpnkJ4vuYDHSqmK1HmA=
-17,-23,rGFRvdnGuOvywrzc50wys6VLWUk=,pp7P5h49fpnkJ4vuYDHSqmK1HmA=
-17,-18,rGFRvdnGuOvywrzc50wys6VLWUk=,pp7P5h49fpnkJ4vuYDHSqmK1HmA=
-17,-27,rGFRvdnGuOvywrzc50wys6VLWUk=,1wDq8+2LnATcT0URmW9j5aUroI4=
-17,-28,rGFRvdnGuOvywrzc50wys6VLWUk=,1wDq8+2LnATcT0URmW9j5aUroI4=
-17,-31,rGFRvdnGuOvywrzc50wys6VLWUk=,1wDq8+2LnATcT0URmW9j5aUroI4=
-17,-29,rGFRvdnGuOvywrzc50wys6VLWUk=,1wDq8+2LnATcT0URmW9j5aUroI4=
-17,-26,rGFRvdnGuOvywrzc50wys6VLWUk=,1wDq8+2LnATcT0URmW9j5aUroI4=
-17,-25,rGFRvdnGuOvywrzc50wys6VLWUk=,1wDq8+2LnATcT0URmW9j5aUroI4=
-17,-30,rGFRvdnGuOvywrzc50wys6VLWUk=,1wDq8+2LnATcT0URmW9j5aUroI4=
-17,-24,rGFRvdnGuOvywrzc50wys6VLWUk=,pp7P5h49fpnkJ4vuYDHSqmK1HmA=
-19,-32,rGFRvdnGuOvywrzc50wys6VLWUk=,1wDq8+2LnATcT0URmW9j5aUroI4=
-31,-32,rGFRvdnGuOvywrzc50wys6VLWUk=,3bmL/ZqMTXgwBQFQioAC1xunaZA=
-30,-32,rGFRvdnGuOvywrzc50wys6VLWUk=,3bmL/ZqMTXgwBQFQioAC1xunaZA=
-29,-32,rGFRvdnGuOvywrzc50wys6VLWUk=,3bmL/ZqMTXgwBQFQioAC1xunaZA=
-24,-32,rGFRvdnGuOvywrzc50wys6VLWUk=,1wDq8+2LnATcT0URmW9j5aUroI4=
-20,-32,rGFRvdnGuOvywrzc50wys6VLWUk=,1wDq8+2LnATcT0URmW9j5aUroI4=
-25,-32,rGFRvdnGuOvywrzc50wys6VLWUk=,3bmL/ZqMTXgwBQFQioAC1xunaZA=
-26,-32,rGFRvdnGuOvywrzc50wys6VLWUk=,3bmL/ZqMTXgwBQFQioAC1xunaZA=
-28,-32,rGFRvdnGuOvywrzc50wys6VLWUk=,3bmL/ZqMTXgwBQFQioAC1xunaZA=
-21,-32,rGFRvdnGuOvywrzc50wys6VLWUk=,1wDq8+2LnATcT0URmW9j5aUroI4=
-27,-32,rGFRvdnGuOvywrzc50wys6VLWUk=,3bmL/ZqMTXgwBQFQioAC1xunaZA=
-23,-32,rGFRvdnGuOvywrzc50wys6VLWUk=,1wDq8+2LnATcT0URmW9j5aUroI4=
-18,-32,rGFRvdnGuOvywrzc50wys6VLWUk=,1wDq8+2LnATcT0URmW9j5aUroI4=
-22,-32,rGFRvdnGuOvywrzc50wys6VLWUk=,1wDq8+2LnATcT0URmW9j5aUroI4=
-32,-32,rGFRvdnGuOvywrzc50wys6VLWUk=,3bmL/ZqMTXgwBQFQioAC1xunaZA=
-32,-17,rGFRvdnGuOvywrzc50wys6VLWUk=,Fl9HyCFzIYF/4Hr7eeIySMHoqtI=
-17,-32,rGFRvdnGuOvywrzc50wys6VLWUk=,1wDq8+2LnATcT0URmW9j5aUroI4=
-17,-17,rGFRvdnGuOvywrzc50wys6VLWUk=,pp7P5h49fpnkJ4vuYDHSqmK1HmA=
-28,-5,rGFRvdnGuOvywrzc50wys6VLWUk=,Y5CvXmRymQ2cLzu3uhpo/drTjrQ=
-29,-5,rGFRvdnGuOvywrzc50wys6VLWUk=,Y5CvXmRymQ2cLzu3uhpo/drTjrQ=
-30,-5,rGFRvdnGuOvywrzc50wys6VLWUk=,Y5CvXmRymQ2cLzu3uhpo/drTjrQ=
-31,-5,rGFRvdnGuOvywrzc50wys6VLWUk=,Y5CvXmRymQ2cLzu3uhpo/drTjrQ=
-28,-6,rGFRvdnGuOvywrzc50wys6VLWUk=,Y5CvXmRymQ2cLzu3uhpo/drTjrQ=
-27,-2,rGFRvdnGuOvywrzc50wys6VLWUk=,Y5CvXmRymQ2cLzu3uhpo/drTjrQ=
-26,-2,rGFRvdnGuOvywrzc50wys6VLWUk=,Y5CvXmRymQ2cLzu3uhpo/drTjrQ=
-28,-2,rGFRvdnGuOvywrzc50wys6VLWUk=,Y5CvXmRymQ2cLzu3uhpo/drTjrQ=
-29,-2,rGFRvdnGuOvywrzc50wys6VLWUk=,Y5CvXmRymQ2cLzu3uhpo/drTjrQ=
-30,-2,rGFRvdnGuOvywrzc50wys6VLWUk=,Y5CvXmRymQ2cLzu3uhpo/drTjrQ=
-31,-2,rGFRvdnGuOvywrzc50wys6VLWUk=,Y5CvXmRymQ2cLzu3uhpo/drTjrQ=
-29,-6,rGFRvdnGuOvywrzc50wys6VLWUk=,Y5CvXmRymQ2cLzu3uhpo/drTjrQ=
-30,-6,rGFRvdnGuOvywrzc50wys6VLWUk=,Y5CvXmRymQ2cLzu3uhpo/drTjrQ=
-31,-6,rGFRvdnGuOvywrzc50wys6VLWUk=,Y5CvXmRymQ2cLzu3uhpo/drTjrQ=
-27,-6,rGFRvdnGuOvywrzc50wys6VLWUk=,Y5CvXmRymQ2cLzu3uhpo/drTjrQ=
-28,-7,rGFRvdnGuOvywrzc50wys6VLWUk=,Y5CvXmRymQ2cLzu3uhpo/drTjrQ=
-29,-7,rGFRvdnGuOvywrzc50wys6VLWUk=,Y5CvXmRymQ2cLzu3uhpo/drTjrQ=
-27,-3,rGFRvdnGuOvywrzc50wys6VLWUk=,Y5CvXmRymQ2cLzu3uhpo/drTjrQ=
-26,-3,rGFRvdnGuOvywrzc50wys6VLWUk=,Y5CvXmRymQ2cLzu3uhpo/drTjrQ=
-27,-7,rGFRvdnGuOvywrzc50wys6VLWUk=,Y5CvXmRymQ2cLzu3uhpo/drTjrQ=
-30,-7,rGFRvdnGuOvywrzc50wys6VLWUk=,Y5CvXmRymQ2cLzu3uhpo/drTjrQ=
-26,-6,rGFRvdnGuOvywrzc50wys6VLWUk=,Y5CvXmRymQ2cLzu3uhpo/drTjrQ=
-28,-3,rGFRvdnGuOvywrzc50wys6VLWUk=,Y5CvXmRymQ2cLzu3uhpo/drTjrQ=
-31,-7,rGFRvdnGuOvywrzc50wys6VLWUk=,Y5CvXmRymQ2cLzu3uhpo/drTjrQ=
-29,-3,rGFRvdnGuOvywrzc50wys6VLWUk=,Y5CvXmRymQ2cLzu3uhpo/drTjrQ=
-30,-3,rGFRvdnGuOvywrzc50wys6VLWUk=,Y5CvXmRymQ2cLzu3uhpo/drTjrQ=
-31,-3,rGFRvdnGuOvywrzc50wys6VLWUk=,Y5CvXmRymQ2cLzu3uhpo/drTjrQ=
-26,-4,rGFRvdnGuOvywrzc50wys6VLWUk=,Y5CvXmRymQ2cLzu3uhpo/drTjrQ=
-27,-4,rGFRvdnGuOvywrzc50wys6VLWUk=,Y5CvXmRymQ2cLzu3uhpo/drTjrQ=
-26,-7,rGFRvdnGuOvywrzc50wys6VLWUk=,Y5CvXmRymQ2cLzu3uhpo/drTjrQ=
-30,-4,rGFRvdnGuOvywrzc50wys6VLWUk=,Y5CvXmRymQ2cLzu3uhpo/drTjrQ=
-31,-4,rGFRvdnGuOvywrzc50wys6VLWUk=,Y5CvXmRymQ2cLzu3uhpo/drTjrQ=
-29,-4,rGFRvdnGuOvywrzc50wys6VLWUk=,Y5CvXmRymQ2cLzu3uhpo/drTjrQ=
-27,-5,rGFRvdnGuOvywrzc50wys6VLWUk=,Y5CvXmRymQ2cLzu3uhpo/drTjrQ=
-26,-5,rGFRvdnGuOvywrzc50wys6VLWUk=,Y5CvXmRymQ2cLzu3uhpo/drTjrQ=
-28,-4,rGFRvdnGuOvywrzc50wys6VLWUk=,Y5CvXmRymQ2cLzu3uhpo/drTjrQ=
-24,-4,rGFRvdnGuOvywrzc50wys6VLWUk=,Hc22QrRJhNETXUGk22kJGTer7yQ=
-23,-4,rGFRvdnGuOvywrzc50wys6VLWUk=,Hc22QrRJhNETXUGk22kJGTer7yQ=
-22,-4,rGFRvdnGuOvywrzc50wys6VLWUk=,Hc22QrRJhNETXUGk22kJGTer7yQ=
-18,-3,rGFRvdnGuOvywrzc50wys6VLWUk=,Hc22QrRJhNETXUGk22kJGTer7yQ=
-22,-5,rGFRvdnGuOvywrzc50wys6VLWUk=,Hc22QrRJhNETXUGk22kJGTer7yQ=
-19,-2,rGFRvdnGuOvywrzc50wys6VLWUk=,Hc22QrRJhNETXUGk22kJGTer7yQ=
-20,-7,rGFRvdnGuOvywrzc50wys6VLWUk=,Hc22QrRJhNETXUGk22kJGTer7yQ=
-19,-7,xwJOpkF9b0MBI+AUnuWrUDB+ur4=,Hc22QrRJhNETXUGk22kJGTer7yQ=
-18,-4,xwJOpkF9b0MBI+AUnuWrUDB+ur4=,Hc22QrRJhNETXUGk22kJGTer7yQ=
-25,-5,xwJOpkF9b0MBI+AUnuWrUDB+ur4=,Y5CvXmRymQ2cLzu3uhpo/drTjrQ=
-19,-3,xwJOpkF9b0MBI+AUnuWrUDB+ur4=,Hc22QrRJhNETXUGk22kJGTer7yQ=
-20,-3,xwJOpkF9b0MBI+AUnuWrUDB+ur4=,Hc22QrRJhNETXUGk22kJGTer7yQ=
-21,-3,xwJOpkF9b0MBI+AUnuWrUDB+ur4=,Hc22QrRJhNETXUGk22kJGTer7yQ=
-25,-2,xwJOpkF9b0MBI+AUnuWrUDB+ur4=,Y5CvXmRymQ2cLzu3uhpo/drTjrQ=
-20,-2,xwJOpkF9b0MBI+AUnuWrUDB+ur4=,Hc22QrRJhNETXUGk22kJGTer7yQ=
-23,-5,xwJOpkF9b0MBI+AUnuWrUDB+ur4=,Hc22QrRJhNETXUGk22kJGTer7yQ=
-19,-4,xwJOpkF9b0MBI+AUnuWrUDB+ur4=,Hc22QrRJhNETXUGk22kJGTer7yQ=
-22,-3,xwJOpkF9b0MBI+AUnuWrUDB+ur4=,Hc22QrRJhNETXUGk22kJGTer7yQ=
-20,-4,xwJOpkF9b0MBI+AUnuWrUDB+ur4=,Hc22QrRJhNETXUGk22kJGTer7yQ=
-23,-3,xwJOpkF9b0MBI+AUnuWrUDB+ur4=,Hc22QrRJhNETXUGk22kJGTer7yQ=
-21,-2,xwJOpkF9b0MBI+AUnuWrUDB+ur4=,Hc22QrRJhNETXUGk22kJGTer7yQ=
-24,-3,xwJOpkF9b0MBI+AUnuWrUDB+ur4=,Hc22QrRJhNETXUGk22kJGTer7yQ=
-21,-4,xwJOpkF9b0MBI+AUnuWrUDB+ur4=,Hc22QrRJhNETXUGk22kJGTer7yQ=
-22,-2,xwJOpkF9b0MBI+AUnuWrUDB+ur4=,Hc22QrRJhNETXUGk22kJGTer7yQ=
-25,-3,xwJOpkF9b0MBI+AUnuWrUDB+ur4=,Y5CvXmRymQ2cLzu3uhpo/drTjrQ=
-18,-7,xwJOpkF9b0MBI+AUnuWrUDB+ur4=,Hc22QrRJhNETXUGk22kJGTer7yQ=
-24,-5,xwJOpkF9b0MBI+AUnuWrUDB+ur4=,Hc22QrRJhNETXUGk22kJGTer7yQ=
-18,-5,xwJOpkF9b0MBI+AUnuWrUDB+ur4=,Hc22QrRJhNETXUGk22kJGTer7yQ=
-23,-2,xwJOpkF9b0MBI+AUnuWrUDB+ur4=,Hc22QrRJhNETXUGk22kJGTer7yQ=
-25,-4,xwJOpkF9b0MBI+AUnuWrUDB+ur4=,Y5CvXmRymQ2cLzu3uhpo/drTjrQ=
-25,-6,xwJOpkF9b0MBI+AUnuWrUDB+ur4=,Y5CvXmRymQ2cLzu3uhpo/drTjrQ=
-24,-6,xwJOpkF9b0MBI+AUnuWrUDB+ur4=,Hc22QrRJhNETXUGk22kJGTer7yQ=
-18,-2,xwJOpkF9b0MBI+AUnuWrUDB+ur4=,Hc22QrRJhNETXUGk22kJGTer7yQ=
-18,-6,xwJOpkF9b0MBI+AUnuWrUDB+ur4=,Hc22QrRJhNETXUGk22kJGTer7yQ=
-25,-7,xwJOpkF9b0MBI+AUnuWrUDB+ur4=,Y5CvXmRymQ2cLzu3uhpo/drTjrQ=
-20,-6,xwJOpkF9b0MBI+AUnuWrUDB+ur4=,Hc22QrRJhNETXUGk22kJGTer7yQ=
-24,-2,xwJOpkF9b0MBI+AUnuWrUDB+ur4=,Hc22QrRJhNETXUGk22kJGTer7yQ=
-22,-6,xwJOpkF9b0MBI+AUnuWrUDB+ur4=,Hc22QrRJhNETXUGk22kJGTer7yQ=
-21,-6,xwJOpkF9b0MBI+AUnuWrUDB+ur4=,Hc22QrRJhNETXUGk22kJGTer7yQ=
-20,-5,xwJOpkF9b0MBI+AUnuWrUDB+ur4=,Hc22QrRJhNETXUGk22kJGTer7yQ=
-21,-5,xwJOpkF9b0MBI+AUnuWrUDB+ur4=,Hc22QrRJhNETXUGk22kJGTer7yQ=
-21,-7,xwJOpkF9b0MBI+AUnuWrUDB+ur4=,Hc22QrRJhNETXUGk22kJGTer7yQ=
-19,-6,xwJOpkF9b0MBI+AUnuWrUDB+ur4=,Hc22QrRJhNETXUGk22kJGTer7yQ=
-19,-5,xwJOpkF9b0MBI+AUnuWrUDB+ur4=,Hc22QrRJhNETXUGk22kJGTer7yQ=
-22,-7,xwJOpkF9b0MBI+AUnuWrUDB+ur4=,Hc22QrRJhNETXUGk22kJGTer7yQ=
-23,-6,xwJOpkF9b0MBI+AUnuWrUDB+ur4=,Hc22QrRJhNETXUGk22kJGTer7yQ=
-23,-7,xwJOpkF9b0MBI+AUnuWrUDB+ur4=,Hc22QrRJhNETXUGk22kJGTer7yQ=
-24,-7,xwJOpkF9b0MBI+AUnuWrUDB+ur4=,Hc22QrRJhNETXUGk22kJGTer7yQ=
-28,-11,xwJOpkF9b0MBI+AUnuWrUDB+ur4=,BknxTvUCrDuihN2Py+mBMJIJj34=
-30,-11,xwJOpkF9b0MBI+AUnuWrUDB+ur4=,BknxTvUCrDuihN2Py+mBMJIJj34=
-31,-11,xwJOpkF9b0MBI+AUnuWrUDB+ur4=,BknxTvUCrDuihN2Py+mBMJIJj34=
-29,-11,xwJOpkF9b0MBI+AUnuWrUDB+ur4=,BknxTvUCrDuihN2Py+mBMJIJj34=
-27,-12,xwJOpkF9b0MBI+AUnuWrUDB+ur4=,BknxTvUCrDuihN2Py+mBMJIJj34=
-28,-12,xwJOpkF9b0MBI+AUnuWrUDB+ur4=,BknxTvUCrDuihN2Py+mBMJIJj34=
-27,-11,xwJOpkF9b0MBI+AUnuWrUDB+ur4=,BknxTvUCrDuihN2Py+mBMJIJj34=
-26,-12,xwJOpkF9b0MBI+AUnuWrUDB+ur4=,BknxTvUCrDuihN2Py+mBMJIJj34=
-31,-12,xwJOpkF9b0MBI+AUnuWrUDB+ur4=,BknxTvUCrDuihN2Py+mBMJIJj34=
-30,-12,xwJOpkF9b0MBI+AUnuWrUDB+ur4=,BknxTvUCrDuihN2Py+mBMJIJj34=
-26,-11,xwJOpkF9b0MBI+AUnuWrUDB+ur4=,BknxTvUCrDuihN2Py+mBMJIJj34=
-31,-10,xwJOpkF9b0MBI+AUnuWrUDB+ur4=,BknxTvUCrDuihN2Py+mBMJIJj34=
-26,-13,xwJOpkF9b0MBI+AUnuWrUDB+ur4=,BknxTvUCrDuihN2Py+mBMJIJj34=
-30,-10,xwJOpkF9b0MBI+AUnuWrUDB+ur4=,BknxTvUCrDuihN2Py+mBMJIJj34=
-29,-13,xwJOpkF9b0MBI+AUnuWrUDB+ur4=,BknxTvUCrDuihN2Py+mBMJIJj34=
-29,-10,xwJOpkF9b0MBI+AUnuWrUDB+ur4=,BknxTvUCrDuihN2Py+mBMJIJj34=
-30,-13,xwJOpkF9b0MBI+AUnuWrUDB+ur4=,BknxTvUCrDuihN2Py+mBMJIJj34=
-31,-13,xwJOpkF9b0MBI+AUnuWrUDB+ur4=,BknxTvUCrDuihN2Py+mBMJIJj34=
-28,-13,xwJOpkF9b0MBI+AUnuWrUDB+ur4=,BknxTvUCrDuihN2Py+mBMJIJj34=
-29,-12,xwJOpkF9b0MBI+AUnuWrUDB+ur4=,BknxTvUCrDuihN2Py+mBMJIJj34=
-28,-10,xwJOpkF9b0MBI+AUnuWrUDB+ur4=,BknxTvUCrDuihN2Py+mBMJIJj34=
-28,-14,xwJOpkF9b0MBI+AUnuWrUDB+ur4=,BknxTvUCrDuihN2Py+mBMJIJj34=
-27,-13,xwJOpkF9b0MBI+AUnuWrUDB+ur4=,BknxTvUCrDuihN2Py+mBMJIJj34=
-26,-14,xwJOpkF9b0MBI+AUnuWrUDB+ur4=,BknxTvUCrDuihN2Py+mBMJIJj34=
-29,-14,xwJOpkF9b0MBI+AUnuWrUDB+ur4=,BknxTvUCrDuihN2Py+mBMJIJj34=
-27,-14,xwJOpkF9b0MBI+AUnuWrUDB+ur4=,BknxTvUCrDuihN2Py+mBMJIJj34=
-31,-14,xwJOpkF9b0MBI+AUnuWrUDB+ur4=,BknxTvUCrDuihN2Py+mBMJIJj34=
-30,-14,xwJOpkF9b0MBI+AUnuWrUDB+ur4=,BknxTvUCrDuihN2Py+mBMJIJj34=
-28,-8,xwJOpkF9b0MBI+AUnuWrUDB+ur4=,Y5CvXmRymQ2cLzu3uhpo/drTjrQ=
-27,-10,xwJOpkF9b0MBI+AUnuWrUDB+ur4=,BknxTvUCrDuihN2Py+mBMJIJj34=
-27,-8,xwJOpkF9b0MBI+AUnuWrUDB+ur4=,Y5CvXmRymQ2cLzu3uhpo/drTjrQ=
-26,-10,xwJOpkF9b0MBI+AUnuWrUDB+ur4=,BknxTvUCrDuihN2Py+mBMJIJj34=
-31,-9,xwJOpkF9b0MBI+AUnuWrUDB+ur4=,BknxTvUCrDuihN2Py+mBMJIJj34=
-30,-9,xwJOpkF9b0MBI+AUnuWrUDB+ur4=,BknxTvUCrDuihN2Py+mBMJIJj34=
-26,-15,xwJOpkF9b0MBI+AUnuWrUDB+ur4=,BknxTvUCrDuihN2Py+mBMJIJj34=
-26,-8,xwJOpkF9b0MBI+AUnuWrUDB+ur4=,Y5CvXmRymQ2cLzu3uhpo/drTjrQ=
-29,-9,xwJOpkF9b0MBI+AUnuWrUDB+ur4=,BknxTvUCrDuihN2Py+mBMJIJj34=
-28,-9,xwJOpkF9b0MBI+AUnuWrUDB+ur4=,BknxTvUCrDuihN2Py+mBMJIJj34=
-29,-15,xwJOpkF9b0MBI+AUnuWrUDB+ur4=,BknxTvUCrDuihN2Py+mBMJIJj34=
-27,-15,xwJOpkF9b0MBI+AUnuWrUDB+ur4=,BknxTvUCrDuihN2Py+mBMJIJj34=
-29,-8,xwJOpkF9b0MBI+AUnuWrUDB+ur4=,Y5CvXmRymQ2cLzu3uhpo/drTjrQ=
-28,-15,xwJOpkF9b0MBI+AUnuWrUDB+ur4=,BknxTvUCrDuihN2Py+mBMJIJj34=
-30,-8,xwJOpkF9b0MBI+AUnuWrUDB+ur4=,Y5CvXmRymQ2cLzu3uhpo/drTjrQ=
-31,-8,xwJOpkF9b0MBI+AUnuWrUDB+ur4=,Y5CvXmRymQ2cLzu3uhpo/drTjrQ=
-27,-9,xwJOpkF9b0MBI+AUnuWrUDB+ur4=,BknxTvUCrDuihN2Py+mBMJIJj34=
-30,-15,xwJOpkF9b0MBI+AUnuWrUDB+ur4=,BknxTvUCrDuihN2Py+mBMJIJj34=
-31,-15,xwJOpkF9b0MBI+AUnuWrUDB+ur4=,BknxTvUCrDuihN2Py+mBMJIJj34=
-26,-9,xwJOpkF9b0MBI+AUnuWrUDB+ur4=,BknxTvUCrDuihN2Py+mBMJIJj34=
-21,-9,xwJOpkF9b0MBI+AUnuWrUDB+ur4=,LGJVGtVkWo0b2g2AN7tWPhi10mE=
-24,-8,xwJOpkF9b0MBI+AUnuWrUDB+ur4=,Hc22QrRJhNETXUGk22kJGTer7yQ=
-23,-9,xwJOpkF9b0MBI+AUnuWrUDB+ur4=,LGJVGtVkWo0b2g2AN7tWPhi10mE=
-22,-9,xwJOpkF9b0MBI+AUnuWrUDB+ur4=,LGJVGtVkWo0b2g2AN7tWPhi10mE=
-25,-12,xwJOpkF9b0MBI+AUnuWrUDB+ur4=,BknxTvUCrDuihN2Py+mBMJIJj34=
-24,-9,xwJOpkF9b0MBI+AUnuWrUDB+ur4=,LGJVGtVkWo0b2g2AN7tWPhi10mE=
-19,-9,xwJOpkF9b0MBI+AUnuWrUDB+ur4=,LGJVGtVkWo0b2g2AN7tWPhi10mE=
-20,-9,xwJOpkF9b0MBI+AUnuWrUDB+ur4=,LGJVGtVkWo0b2g2AN7tWPhi10mE=
-19,-10,xwJOpkF9b0MBI+AUnuWrUDB+ur4=,LGJVGtVkWo0b2g2AN7tWPhi10mE=
-20,-10,xwJOpkF9b0MBI+AUnuWrUDB+ur4=,LGJVGtVkWo0b2g2AN7tWPhi10mE=
-21,-10,xwJOpkF9b0MBI+AUnuWrUDB+ur4=,LGJVGtVkWo0b2g2AN7tWPhi10mE=
-18,-9,xwJOpkF9b0MBI+AUnuWrUDB+ur4=,LGJVGtVkWo0b2g2AN7tWPhi10mE=
-18,-10,xwJOpkF9b0MBI+AUnuWrUDB+ur4=,LGJVGtVkWo0b2g2AN7tWPhi10mE=
-22,-10,xwJOpkF9b0MBI+AUnuWrUDB+ur4=,LGJVGtVkWo0b2g2AN7tWPhi10mE=
-25,-11,xwJOpkF9b0MBI+AUnuWrUDB+ur4=,BknxTvUCrDuihN2Py+mBMJIJj34=
-23,-10,xwJOpkF9b0MBI+AUnuWrUDB+ur4=,LGJVGtVkWo0b2g2AN7tWPhi10mE=
-24,-10,xwJOpkF9b0MBI+AUnuWrUDB+ur4=,LGJVGtVkWo0b2g2AN7tWPhi10mE=
-20,-8,xwJOpkF9b0MBI+AUnuWrUDB+ur4=,Hc22QrRJhNETXUGk22kJGTer7yQ=
-18,-11,xwJOpkF9b0MBI+AUnuWrUDB+ur4=,LGJVGtVkWo0b2g2AN7tWPhi10mE=
-23,-8,xwJOpkF9b0MBI+AUnuWrUDB+ur4=,Hc22QrRJhNETXUGk22kJGTer7yQ=
-21,-11,xwJOpkF9b0MBI+AUnuWrUDB+ur4=,LGJVGtVkWo0b2g2AN7tWPhi10mE=
-21,-8,xwJOpkF9b0MBI+AUnuWrUDB+ur4=,Hc22QrRJhNETXUGk22kJGTer7yQ=
-24,-11,xwJOpkF9b0MBI+AUnuWrUDB+ur4=,LGJVGtVkWo0b2g2AN7tWPhi10mE=
-19,-8,xwJOpkF9b0MBI+AUnuWrUDB+ur4=,Hc22QrRJhNETXUGk22kJGTer7yQ=
-23,-11,xwJOpkF9b0MBI+AUnuWrUDB+ur4=,LGJVGtVkWo0b2g2AN7tWPhi10mE=
-22,-11,xwJOpkF9b0MBI+AUnuWrUDB+ur4=,LGJVGtVkWo0b2g2AN7tWPhi10mE=
-18,-12,xwJOpkF9b0MBI+AUnuWrUDB+ur4=,LGJVGtVkWo0b2g2AN7tWPhi10mE=
-18,-8,xwJOpkF9b0MBI+AUnuWrUDB+ur4=,Hc22QrRJhNETXUGk22kJGTer7yQ=
-19,-12,xwJOpkF9b0MBI+AUnuWrUDB+ur4=,LGJVGtVkWo0b2g2AN7tWPhi10mE=
-22,-8,xwJOpkF9b0MBI+AUnuWrUDB+ur4=,Hc22QrRJhNETXUGk22kJGTer7yQ=
-25,-13,xwJOpkF9b0MBI+AUnuWrUDB+ur4=,BknxTvUCrDuihN2Py+mBMJIJj34=
-25,-10,xwJOpkF9b0MBI+AUnuWrUDB+ur4=,BknxTvUCrDuihN2Py+mBMJIJj34=
-20,-12,xwJOpkF9b0MBI+AUnuWrUDB+ur4=,LGJVGtVkWo0b2g2AN7tWPhi10mE=
-21,-12,xwJOpkF9b0MBI+AUnuWrUDB+ur4=,LGJVGtVkWo0b2g2AN7tWPhi10mE=
-22,-12,xwJOpkF9b0MBI+AUnuWrUDB+ur4=,LGJVGtVkWo0b2g2AN7tWPhi10mE=
-24,-15,xwJOpkF9b0MBI+AUnuWrUDB+ur4=,LGJVGtVkWo0b2g2AN7tWPhi10mE=
-20,-11,xwJOpkF9b0MBI+AUnuWrUDB+ur4=,LGJVGtVkWo0b2g2AN7tWPhi10mE=
-23,-12,xwJOpkF9b0MBI+AUnuWrUDB+ur4=,LGJVGtVkWo0b2g2AN7tWPhi10mE=
-25,-14,xwJOpkF9b0MBI+AUnuWrUDB+ur4=,BknxTvUCrDuihN2Py+mBMJIJj34=
-24,-12,xwJOpkF9b0MBI+AUnuWrUDB+ur4=,LGJVGtVkWo0b2g2AN7tWPhi10mE=
-18,-13,xwJOpkF9b0MBI+AUnuWrUDB+ur4=,LGJVGtVkWo0b2g2AN7tWPhi10mE=
-23,-15,xwJOpkF9b0MBI+AUnuWrUDB+ur4=,LGJVGtVkWo0b2g2AN7tWPhi10mE=
-25,-8,xwJOpkF9b0MBI+AUnuWrUDB+ur4=,Y5CvXmRymQ2cLzu3uhpo/drTjrQ=
-19,-13,xwJOpkF9b0MBI+AUnuWrUDB+ur4=,LGJVGtVkWo0b2g2AN7tWPhi10mE=
-20,-13,xwJOpkF9b0MBI+AUnuWrUDB+ur4=,LGJVGtVkWo0b2g2AN7tWPhi10mE=
-21,-13,xwJOpkF9b0MBI+AUnuWrUDB+ur4=,LGJVGtVkWo0b2g2AN7tWPhi10mE=
-25,-15,xwJOpkF9b0MBI+AUnuWrUDB+ur4=,BknxTvUCrDuihN2Py+mBMJIJj34=
-22,-13,xwJOpkF9b0MBI+AUnuWrUDB+ur4=,LGJVGtVkWo0b2g2AN7tWPhi10mE=
-24,-13,xwJOpkF9b0MBI+AUnuWrUDB+ur4=,LGJVGtVkWo0b2g2AN7tWPhi10mE=
-23,-13,xwJOpkF9b0MBI+AUnuWrUDB+ur4=,LGJVGtVkWo0b2g2AN7tWPhi10mE=
-18,-14,xwJOpkF9b0MBI+AUnuWrUDB+ur4=,LGJVGtVkWo0b2g2AN7tWPhi10mE=
-22,-15,xwJOpkF9b0MBI+AUnuWrUDB+ur4=,LGJVGtVkWo0b2g2AN7tWPhi10mE=
-21,-14,xwJOpkF9b0MBI+AUnuWrUDB+ur4=,LGJVGtVkWo0b2g2AN7tWPhi10mE=
-25,-9,xwJOpkF9b0MBI+AUnuWrUDB+ur4=,BknxTvUCrDuihN2Py+mBMJIJj34=
-19,-14,xwJOpkF9b0MBI+AUnuWrUDB+ur4=,LGJVGtVkWo0b2g2AN7tWPhi10mE=
-22,-14,xwJOpkF9b0MBI+AUnuWrUDB+ur4=,LGJVGtVkWo0b2g2AN7tWPhi10mE=
-19,-15,xwJOpkF9b0MBI+AUnuWrUDB+ur4=,LGJVGtVkWo0b2g2AN7tWPhi10mE=
-20,-14,xwJOpkF9b0MBI+AUnuWrUDB+ur4=,LGJVGtVkWo0b2g2AN7tWPhi10mE=
-21,-15,xwJOpkF9b0MBI+AUnuWrUDB+ur4=,LGJVGtVkWo0b2g2AN7tWPhi10mE=
-24,-14,xwJOpkF9b0MBI+AUnuWrUDB+ur4=,LGJVGtVkWo0b2g2AN7tWPhi10mE=
-19,-11,xwJOpkF9b0MBI+AUnuWrUDB+ur4=,LGJVGtVkWo0b2g2AN7tWPhi10mE=
-18,-15,xwJOpkF9b0MBI+AUnuWrUDB+ur4=,LGJVGtVkWo0b2g2AN7tWPhi10mE=
-20,-15,xwJOpkF9b0MBI+AUnuWrUDB+ur4=,LGJVGtVkWo0b2g2AN7tWPhi10mE=
-23,-14,xwJOpkF9b0MBI+AUnuWrUDB+ur4=,LGJVGtVkWo0b2g2AN7tWPhi10mE=
-26,-1,xwJOpkF9b0MBI+AUnuWrUDB+ur4=,Y5CvXmRymQ2cLzu3uhpo/drTjrQ=
-30,-1,xwJOpkF9b0MBI+AUnuWrUDB+ur4=,Y5CvXmRymQ2cLzu3uhpo/drTjrQ=
-31,-1,xwJOpkF9b0MBI+AUnuWrUDB+ur4=,Y5CvXmRymQ2cLzu3uhpo/drTjrQ=
-27,-1,xwJOpkF9b0MBI+AUnuWrUDB+ur4=,Y5CvXmRymQ2cLzu3uhpo/drTjrQ=
-29,-1,xwJOpkF9b0MBI+AUnuWrUDB+ur4=,Y5CvXmRymQ2cLzu3uhpo/drTjrQ=
-25,-1,xwJOpkF9b0MBI+AUnuWrUDB+ur4=,Y5CvXmRymQ2cLzu3uhpo/drTjrQ=
-28,-1,xwJOpkF9b0MBI+AUnuWrUDB+ur4=,Y5CvXmRymQ2cLzu3uhpo/drTjrQ=
-22,-1,xwJOpkF9b0MBI+AUnuWrUDB+ur4=,Hc22QrRJhNETXUGk22kJGTer7yQ=
-19,-1,xwJOpkF9b0MBI+AUnuWrUDB+ur4=,Hc22QrRJhNETXUGk22kJGTer7yQ=
-23,-1,xwJOpkF9b0MBI+AUnuWrUDB+ur4=,Hc22QrRJhNETXUGk22kJGTer7yQ=
-18,-1,xwJOpkF9b0MBI+AUnuWrUDB+ur4=,Hc22QrRJhNETXUGk22kJGTer7yQ=
-24,-1,xwJOpkF9b0MBI+AUnuWrUDB+ur4=,Hc22QrRJhNETXUGk22kJGTer7yQ=
-20,-1,xwJOpkF9b0MBI+AUnuWrUDB+ur4=,Hc22QrRJhNETXUGk22kJGTer7yQ=
-21,-1,xwJOpkF9b0MBI+AUnuWrUDB+ur4=,Hc22QrRJhNETXUGk22kJGTer7yQ=
-17,-5,xwJOpkF9b0MBI+AUnuWrUDB+ur4=,Hc22QrRJhNETXUGk22kJGTer7yQ=
-17,-6,xwJOpkF9b0MBI+AUnuWrUDB+ur4=,Hc22QrRJhNETXUGk22kJGTer7yQ=
-17,-7,xwJOpkF9b0MBI+AUnuWrUDB+ur4=,Hc22QrRJhNETXUGk22kJGTer7yQ=
-17,-2,xwJOpkF9b0MBI+AUnuWrUDB+ur4=,Hc22QrRJhNETXUGk22kJGTer7yQ=
-17,-4,xwJOpkF9b0MBI+AUnuWrUDB+ur4=,Hc22QrRJhNETXUGk22kJGTer7yQ=
-17,-11,xwJOpkF9b0MBI+AUnuWrUDB+ur4=,LGJVGtVkWo0b2g2AN7tWPhi10mE=
-17,-10,xwJOpkF9b0MBI+AUnuWrUDB+ur4=,LGJVGtVkWo0b2g2AN7tWPhi10mE=
-17,-8,xwJOpkF9b0MBI+AUnuWrUDB+ur4=,Hc22QrRJhNETXUGk22kJGTer7yQ=
-17,-12,xwJOpkF9b0MBI+AUnuWrUDB+ur4=,LGJVGtVkWo0b2g2AN7tWPhi10mE=
-17,-13,xwJOpkF9b0MBI+AUnuWrUDB+ur4=,LGJVGtVkWo0b2g2AN7tWPhi10mE=
-17,-3,xwJOpkF9b0MBI+AUnuWrUDB+ur4=,Hc22QrRJhNETXUGk22kJGTer7yQ=
-17,-14,xwJOpkF9b0MBI+AUnuWrUDB+ur4=,LGJVGtVkWo0b2g2AN7tWPhi10mE=
-17,-15,xwJOpkF9b0MBI+AUnuWrUDB+ur4=,LGJVGtVkWo0b2g2AN7tWPhi10mE=
-17,-9,xwJOpkF9b0MBI+AUnuWrUDB+ur4=,LGJVGtVkWo0b2g2AN7tWPhi10mE=
-19,-16,xwJOpkF9b0MBI+AUnuWrUDB+ur4=,LGJVGtVkWo0b2g2AN7tWPhi10mE=
-20,-16,xwJOpkF9b0MBI+AUnuWrUDB+ur4=,LGJVGtVkWo0b2g2AN7tWPhi10mE=
-18,-16,xwJOpkF9b0MBI+AUnuWrUDB+ur4=,LGJVGtVkWo0b2g2AN7tWPhi10mE=
-21,-16,xwJOpkF9b0MBI+AUnuWrUDB+ur4=,LGJVGtVkWo0b2g2AN7tWPhi10mE=
-23,-16,xwJOpkF9b0MBI+AUnuWrUDB+ur4=,LGJVGtVkWo0b2g2AN7tWPhi10mE=
-22,-16,xwJOpkF9b0MBI+AUnuWrUDB+ur4=,LGJVGtVkWo0b2g2AN7tWPhi10mE=
-31,-16,xwJOpkF9b0MBI+AUnuWrUDB+ur4=,BknxTvUCrDuihN2Py+mBMJIJj34=
-25,-16,xwJOpkF9b0MBI+AUnuWrUDB+ur4=,BknxTvUCrDuihN2Py+mBMJIJj34=
-24,-16,xwJOpkF9b0MBI+AUnuWrUDB+ur4=,LGJVGtVkWo0b2g2AN7tWPhi10mE=
-30,-16,xwJOpkF9b0MBI+AUnuWrUDB+ur4=,BknxTvUCrDuihN2Py+mBMJIJj34=
-26,-16,xwJOpkF9b0MBI+AUnuWrUDB+ur4=,BknxTvUCrDuihN2Py+mBMJIJj34=
-28,-16,xwJOpkF9b0MBI+AUnuWrUDB+ur4=,BknxTvUCrDuihN2Py+mBMJIJj34=
-29,-16,xwJOpkF9b0MBI+AUnuWrUDB+ur4=,BknxTvUCrDuihN2Py+mBMJIJj34=
-27,-16,xwJOpkF9b0MBI+AUnuWrUDB+ur4=,BknxTvUCrDuihN2Py+mBMJIJj34=
-32,-3,xwJOpkF9b0MBI+AUnuWrUDB+ur4=,Y5CvXmRymQ2cLzu3uhpo/drTjrQ=
-32,-4,xwJOpkF9b0MBI+AUnuWrUDB+ur4=,Y5CvXmRymQ2cLzu3uhpo/drTjrQ=
-32,-7,xwJOpkF9b0MBI+AUnuWrUDB+ur4=,Y5CvXmRymQ2cLzu3uhpo/drTjrQ=
-32,-5,xwJOpkF9b0MBI+AUnuWrUDB+ur4=,Y5CvXmRymQ2cLzu3uhpo/drTjrQ=
-32,-6,xwJOpkF9b0MBI+AUnuWrUDB+ur4=,Y5CvXmRymQ2cLzu3uhpo/drTjrQ=
-32,-13,xwJOpkF9b0MBI+AUnuWrUDB+ur4=,BknxTvUCrDuihN2Py+mBMJIJj34=
-32,-2,xwJOpkF9b0MBI+AUnuWrUDB+ur4=,Y5CvXmRymQ2cLzu3uhpo/drTjrQ=
-32,-14,xwJOpkF9b0MBI+AUnuWrUDB+ur4=,BknxTvUCrDuihN2Py+mBMJIJj34=
-32,-12,xwJOpkF9b0MBI+AUnuWrUDB+ur4=,BknxTvUCrDuihN2Py+mBMJIJj34=
-32,-15,xwJOpkF9b0MBI+AUnuWrUDB+ur4=,BknxTvUCrDuihN2Py+mBMJIJj34=
-32,-9,xwJOpkF9b0MBI+AUnuWrUDB+ur4=,BknxTvUCrDuihN2Py+mBMJIJj34=
-32,-8,xwJOpkF9b0MBI+AUnuWrUDB+ur4=,Y5CvXmRymQ2cLzu3uhpo/drTjrQ=
-32,-10,xwJOpkF9b0MBI+AUnuWrUDB+ur4=,BknxTvUCrDuihN2Py+mBMJIJj34=
-32,-11,xwJOpkF9b0MBI+AUnuWrUDB+ur4=,BknxTvUCrDuihN2Py+mBMJIJj34=
-32,-1,xwJOpkF9b0MBI+AUnuWrUDB+ur4=,Y5CvXmRymQ2cLzu3uhpo/drTjrQ=
-17,-1,xwJOpkF9b0MBI+AUnuWrUDB+ur4=,Hc22QrRJhNETXUGk22kJGTer7yQ=
-17,-16,xwJOpkF9b0MBI+AUnuWrUDB+ur4=,LGJVGtVkWo0b2g2AN7tWPhi10mE=
-32,-16,xwJOpkF9b0MBI+AUnuWrUDB+ur4=,BknxTvUCrDuihN2Py+mBMJIJj34=
