92,-9,MzXelQfoX8ywJI4NPA3zpgIOWgc=,IJp3pyZePELNrDbtkn1eUqT7stg=
92,-11,MzXelQfoX8ywJI4NPA3zpgIOWgc=,IJp3pyZePELNrDbtkn1eUqT7stg=
93,-9,MzXelQfoX8ywJI4NPA3zpgIOWgc=,IJp3pyZePELNrDbtkn1eUqT7stg=
91,-11,x2OgIEdnSMmLQEqhRMvUx+HKzTM=,IJp3pyZePELNrDbtkn1eUqT7stg=
93,-11,x2OgIEdnSMmLQEqhRMvUx+HKzTM=,IJp3pyZePELNrDbtkn1eUqT7stg=
89,-11,x2OgIEdnSMmLQEqhRMvUx+HKzTM=,IJp3pyZePELNrDbtkn1eUqT7stg=
94,-9,x2OgIEdnSMmLQEqhRMvUx+HKzTM=,IJp3pyZePELNrDbtkn1eUqT7stg=
91,-9,x2OgIEdnSMmLQEqhRMvUx+HKzTM=,IJp3pyZePELNrDbtkn1eUqT7stg=
90,-11,x2OgIEdnSMmLQEqhRMvUx+HKzTM=,IJp3pyZePELNrDbtkn1eUqT7stg=
94,-12,x2OgIEdnSMmLQEqhRMvUx+HKzTM=,IJp3pyZePELNrDbtkn1eUqT7stg=
90,-9,x2OgIEdnSMmLQEqhRMvUx+HKzTM=,IJp3pyZePELNrDbtkn1eUqT7stg=
94,-13,x2OgIEdnSMmLQEqhRMvUx+HKzTM=,IJp3pyZePELNrDbtkn1eUqT7stg=
93,-12,x2OgIEdnSMmLQEqhRMvUx+HKzTM=,IJp3pyZePELNrDbtkn1eUqT7stg=
93,-13,x2OgIEdnSMmLQEqhRMvUx+HKzTM=,IJp3pyZePELNrDbtkn1eUqT7stg=
89,-16,x2OgIEdnSMmLQEqhRMvUx+HKzTM=,IJp3pyZePELNrDbtkn1eUqT7stg=
94,-15,x2OgIEdnSMmLQEqhRMvUx+HKzTM=,IJp3pyZePELNrDbtkn1eUqT7stg=
93,-15,x2OgIEdnSMmLQEqhRMvUx+HKzTM=,IJp3pyZePELNrDbtkn1eUqT7stg=
89,-9,x2OgIEdnSMmLQEqhRMvUx+HKzTM=,IJp3pyZePELNrDbtkn1eUqT7stg=
92,-12,x2OgIEdnSMmLQEqhRMvUx+HKzTM=,IJp3pyZePELNrDbtkn1eUqT7stg=
92,-13,x2OgIEdnSMmLQEqhRMvUx+HKzTM=,IJp3pyZePELNrDbtkn1eUqT7stg=
91,-13,x2OgIEdnSMmLQEqhRMvUx+HKzTM=,IJp3pyZePELNrDbtkn1eUqT7stg=
91,-12,x2OgIEdnSMmLQEqhRMvUx+HKzTM=,IJp3pyZePELNrDbtkn1eUqT7stg=
90,-12,x2OgIEdnSMmLQEqhRMvUx+HKzTM=,IJp3pyZePELNrDbtkn1eUqT7stg=
92,-15,x2OgIEdnSMmLQEqhRMvUx+HKzTM=,IJp3pyZePELNrDbtkn1eUqT7stg=
94,-10,x2OgIEdnSMmLQEqhRMvUx+HKzTM=,IJp3pyZePELNrDbtkn1eUqT7stg=
93,-10,x2OgIEdnSMmLQEqhRMvUx+HKzTM=,IJp3pyZePELNrDbtkn1eUqT7stg=
92,-10,x2OgIEdnSMmLQEqhRMvUx+HKzTM=,IJp3pyZePELNrDbtkn1eUqT7stg=
89,-12,x2OgIEdnSMmLQEqhRMvUx+HKzTM=,IJp3pyZePELNrDbtkn1eUqT7stg=
91,-10,x2OgIEdnSMmLQEqhRMvUx+HKzTM=,IJp3pyZePELNrDbtkn1eUqT7stg=
93,-14,x2OgIEdnSMmLQEqhRMvUx+HKzTM=,IJp3pyZePELNrDbtkn1eUqT7stg=
89,-10,x2OgIEdnSMmLQEqhRMvUx+HKzTM=,IJp3pyZePELNrDbtkn1eUqT7stg=
92,-14,x2OgIEdnSMmLQEqhRMvUx+HKzTM=,IJp3pyZePELNrDbtkn1eUqT7stg=
90,-10,x2OgIEdnSMmLQEqhRMvUx+HKzTM=,IJp3pyZePELNrDbtkn1eUqT7stg=
91,-14,x2OgIEdnSMmLQEqhRMvUx+HKzTM=,IJp3pyZePELNrDbtkn1eUqT7stg=
94,-14,x2OgIEdnSMmLQEqhRMvUx+HKzTM=,IJp3pyZePELNrDbtkn1eUqT7stg=
90,-14,x2OgIEdnSMmLQEqhRMvUx+HKzTM=,IJp3pyZePELNrDbtkn1eUqT7stg=
93,-16,x2OgIEdnSMmLQEqhRMvUx+HKzTM=,IJp3pyZePELNrDbtkn1eUqT7stg=
89,-13,x2OgIEdnSMmLQEqhRMvUx+HKzTM=,IJp3pyZePELNrDbtkn1eUqT7stg=
92,-16,x2OgIEdnSMmLQEqhRMvUx+HKzTM=,IJp3pyZePELNrDbtkn1eUqT7stg=
89,-14,x2OgIEdnSMmLQEqhRMvUx+HKzTM=,IJp3pyZePELNrDbtkn1eUqT7stg=
94,-11,x2OgIEdnSMmLQEqhRMvUx+HKzTM=,IJp3pyZePELNrDbtkn1eUqT7stg=
90,-15,x2OgIEdnSMmLQEqhRMvUx+HKzTM=,IJp3pyZePELNrDbtkn1eUqT7stg=
94,-16,x2OgIEdnSMmLQEqhRMvUx+HKzTM=,IJp3pyZePELNrDbtkn1eUqT7stg=
89,-15,x2OgIEdnSMmLQEqhRMvUx+HKzTM=,IJp3pyZePELNrDbtkn1eUqT7stg=
91,-15,x2OgIEdnSMmLQEqhRMvUx+HKzTM=,IJp3pyZePELNrDbtkn1eUqT7stg=
90,-13,x2OgIEdnSMmLQEqhRMvUx+HKzTM=,IJp3pyZePELNrDbtkn1eUqT7stg=
91,-16,x2OgIEdnSMmLQEqhRMvUx+HKzTM=,IJp3pyZePELNrDbtkn1eUqT7stg=
90,-16,x2OgIEdnSMmLQEqhRMvUx+HKzTM=,IJp3pyZePELNrDbtkn1eUqT7stg=
84,-5,x2OgIEdnSMmLQEqhRMvUx+HKzTM=,AB8o1kCCWnTSb6oXOH5CmaHIgqs=
85,-5,x2OgIEdnSMmLQEqhRMvUx+HKzTM=,AB8o1kCCWnTSb6oXOH5CmaHIgqs=
86,-5,x2OgIEdnSMmLQEqhRMvUx+HKzTM=,AB8o1kCCWnTSb6oXOH5CmaHIgqs=
87,-5,x2OgIEdnSMmLQEqhRMvUx+HKzTM=,AB8o1kCCWnTSb6oXOH5CmaHIgqs=
83,-5,x2OgIEdnSMmLQEqhRMvUx+HKzTM=,AB8o1kCCWnTSb6oXOH5CmaHIgqs=
82,-5,x2OgIEdnSMmLQEqhRMvUx+HKzTM=,AB8o1kCCWnTSb6oXOH5CmaHIgqs=
87,-6,x2OgIEdnSMmLQEqhRMvUx+HKzTM=,AB8o1kCCWnTSb6oXOH5CmaHIgqs=
86,-6,x2OgIEdnSMmLQEqhRMvUx+HKzTM=,AB8o1kCCWnTSb6oXOH5CmaHIgqs=
87,-1,x2OgIEdnSMmLQEqhRMvUx+HKzTM=,AB8o1kCCWnTSb6oXOH5CmaHIgqs=
86,-1,x2OgIEdnSMmLQEqhRMvUx+HKzTM=,AB8o1kCCWnTSb6oXOH5CmaHIgqs=
85,-1,x2OgIEdnSMmLQEqhRMvUx+HKzTM=,AB8o1kCCWnTSb6oXOH5CmaHIgqs=
84,-1,x2OgIEdnSMmLQEqhRMvUx+HKzTM=,AB8o1kCCWnTSb6oXOH5CmaHIgqs=
85,-6,x2OgIEdnSMmLQEqhRMvUx+HKzTM=,AB8o1kCCWnTSb6oXOH5CmaHIgqs=
84,-6,x2OgIEdnSMmLQEqhRMvUx+HKzTM=,AB8o1kCCWnTSb6oXOH5CmaHIgqs=
83,-1,x2OgIEdnSMmLQEqhRMvUx+HKzTM=,AB8o1kCCWnTSb6oXOH5CmaHIgqs=
83,-6,x2OgIEdnSMmLQEqhRMvUx+HKzTM=,AB8o1kCCWnTSb6oXOH5CmaHIgqs=
82,-1,x2OgIEdnSMmLQEqhRMvUx+HKzTM=,AB8o1kCCWnTSb6oXOH5CmaHIgqs=
82,-6,x2OgIEdnSMmLQEqhRMvUx+HKzTM=,AB8o1kCCWnTSb6oXOH5CmaHIgqs=
81,-6,x2OgIEdnSMmLQEqhRMvUx+HKzTM=,AB8o1kCCWnTSb6oXOH5CmaHIgqs=
95,-12,x2OgIEdnSMmLQEqhRMvUx+HKzTM=,IJp3pyZePELNrDbtkn1eUqT7stg=
95,-11,x2OgIEdnSMmLQEqhRMvUx+HKzTM=,IJp3pyZePELNrDbtkn1eUqT7stg=
81,-5,x2OgIEdnSMmLQEqhRMvUx+HKzTM=,AB8o1kCCWnTSb6oXOH5CmaHIgqs=
87,-7,x2OgIEdnSMmLQEqhRMvUx+HKzTM=,AB8o1kCCWnTSb6oXOH5CmaHIgqs=
86,-7,x2OgIEdnSMmLQEqhRMvUx+HKzTM=,AB8o1kCCWnTSb6oXOH5CmaHIgqs=
85,-7,x2OgIEdnSMmLQEqhRMvUx+HKzTM=,AB8o1kCCWnTSb6oXOH5CmaHIgqs=
84,-7,x2OgIEdnSMmLQEqhRMvUx+HKzTM=,AB8o1kCCWnTSb6oXOH5CmaHIgqs=
81,-1,x2OgIEdnSMmLQEqhRMvUx+HKzTM=,AB8o1kCCWnTSb6oXOH5CmaHIgqs=
83,-7,x2OgIEdnSMmLQEqhRMvUx+HKzTM=,AB8o1kCCWnTSb6oXOH5CmaHIgqs=
80,-1,x2OgIEdnSMmLQEqhRMvUx+HKzTM=,AB8o1kCCWnTSb6oXOH5CmaHIgqs=
82,-7,x2OgIEdnSMmLQEqhRMvUx+HKzTM=,AB8o1kCCWnTSb6oXOH5CmaHIgqs=
81,-7,x2OgIEdnSMmLQEqhRMvUx+HKzTM=,AB8o1kCCWnTSb6oXOH5CmaHIgqs=
80,-7,x2OgIEdnSMmLQEqhRMvUx+HKzTM=,AB8o1kCCWnTSb6oXOH5CmaHIgqs=
87,-2,x2OgIEdnSMmLQEqhRMvUx+HKzTM=,AB8o1kCCWnTSb6oXOH5CmaHIgqs=
86,-2,x2OgIEdnSMmLQEqhRMvUx+HKzTM=,AB8o1kCCWnTSb6oXOH5CmaHIgqs=
95,-14,x2OgIEdnSMmLQEqhRMvUx+HKzTM=,IJp3pyZePELNrDbtkn1eUqT7stg=
95,-10,x2OgIEdnSMmLQEqhRMvUx+HKzTM=,IJp3pyZePELNrDbtkn1eUqT7stg=
85,-2,x2OgIEdnSMmLQEqhRMvUx+HKzTM=,AB8o1kCCWnTSb6oXOH5CmaHIgqs=
84,-2,x2OgIEdnSMmLQEqhRMvUx+HKzTM=,AB8o1kCCWnTSb6oXOH5CmaHIgqs=
83,-2,x2OgIEdnSMmLQEqhRMvUx+HKzTM=,AB8o1kCCWnTSb6oXOH5CmaHIgqs=
95,-13,x2OgIEdnSMmLQEqhRMvUx+HKzTM=,IJp3pyZePELNrDbtkn1eUqT7stg=
95,-15,x2OgIEdnSMmLQEqhRMvUx+HKzTM=,IJp3pyZePELNrDbtkn1eUqT7stg=
80,-6,x2OgIEdnSMmLQEqhRMvUx+HKzTM=,AB8o1kCCWnTSb6oXOH5CmaHIgqs=
82,-2,x2OgIEdnSMmLQEqhRMvUx+HKzTM=,AB8o1kCCWnTSb6oXOH5CmaHIgqs=
80,-4,x2OgIEdnSMmLQEqhRMvUx+HKzTM=,AB8o1kCCWnTSb6oXOH5CmaHIgqs=
81,-4,x2OgIEdnSMmLQEqhRMvUx+HKzTM=,AB8o1kCCWnTSb6oXOH5CmaHIgqs=
82,-4,x2OgIEdnSMmLQEqhRMvUx+HKzTM=,AB8o1kCCWnTSb6oXOH5CmaHIgqs=
83,-4,x2OgIEdnSMmLQEqhRMvUx+HKzTM=,AB8o1kCCWnTSb6oXOH5CmaHIgqs=
84,-4,x2OgIEdnSMmLQEqhRMvUx+HKzTM=,AB8o1kCCWnTSb6oXOH5CmaHIgqs=
85,-4,x2OgIEdnSMmLQEqhRMvUx+HKzTM=,AB8o1kCCWnTSb6oXOH5CmaHIgqs=
86,-4,x2OgIEdnSMmLQEqhRMvUx+HKzTM=,AB8o1kCCWnTSb6oXOH5CmaHIgqs=
87,-4,x2OgIEdnSMmLQEqhRMvUx+HKzTM=,AB8o1kCCWnTSb6oXOH5CmaHIgqs=
80,-5,x2OgIEdnSMmLQEqhRMvUx+HKzTM=,AB8o1kCCWnTSb6oXOH5CmaHIgqs=
81,-2,x2OgIEdnSMmLQEqhRMvUx+HKzTM=,AB8o1kCCWnTSb6oXOH5CmaHIgqs=
80,-2,x2OgIEdnSMmLQEqhRMvUx+HKzTM=,AB8o1kCCWnTSb6oXOH5CmaHIgqs=
87,-3,x2OgIEdnSMmLQEqhRMvUx+HKzTM=,AB8o1kCCWnTSb6oXOH5CmaHIgqs=
86,-3,x2OgIEdnSMmLQEqhRMvUx+HKzTM=,AB8o1kCCWnTSb6oXOH5CmaHIgqs=
85,-3,x2OgIEdnSMmLQEqhRMvUx+HKzTM=,AB8o1kCCWnTSb6oXOH5CmaHIgqs=
84,-3,x2OgIEdnSMmLQEqhRMvUx+HKzTM=,AB8o1kCCWnTSb6oXOH5CmaHIgqs=
83,-3,x2OgIEdnSMmLQEqhRMvUx+HKzTM=,AB8o1kCCWnTSb6oXOH5CmaHIgqs=
81,-3,x2OgIEdnSMmLQEqhRMvUx+HKzTM=,AB8o1kCCWnTSb6oXOH5CmaHIgqs=
80,-3,x2OgIEdnSMmLQEqhRMvUx+HKzTM=,AB8o1kCCWnTSb6oXOH5CmaHIgqs=
82,-3,x2OgIEdnSMmLQEqhRMvUx+HKzTM=,AB8o1kCCWnTSb6oXOH5CmaHIgqs=
82,-11,x2OgIEdnSMmLQEqhRMvUx+HKzTM=,v34NyQg681CBU+G0L6W//ZBmjg4=
83,-11,x2OgIEdnSMmLQEqhRMvUx+HKzTM=,v34NyQg681CBU+G0L6W//ZBmjg4=
81,-11,x2OgIEdnSMmLQEqhRMvUx+HKzTM=,v34NyQg681CBU+G0L6W//ZBmjg4=
88,-14,x2OgIEdnSMmLQEqhRMvUx+HKzTM=,IJp3pyZePELNrDbtkn1eUqT7stg=
84,-11,x2OgIEdnSMmLQEqhRMvUx+HKzTM=,v34NyQg681CBU+G0L6W//ZBmjg4=
88,-12,x2OgIEdnSMmLQEqhRMvUx+HKzTM=,IJp3pyZePELNrDbtkn1eUqT7stg=
88,-13,x2OgIEdnSMmLQEqhRMvUx+HKzTM=,IJp3pyZePELNrDbtkn1eUqT7stg=
85,-11,x2OgIEdnSMmLQEqhRMvUx+HKzTM=,v34NyQg681CBU+G0L6W//ZBmjg4=
87,-12,x2OgIEdnSMmLQEqhRMvUx+HKzTM=,v34NyQg681CBU+G0L6W//ZBmjg4=
86,-11,x2OgIEdnSMmLQEqhRMvUx+HKzTM=,v34NyQg681CBU+G0L6W//ZBmjg4=
85,-12,x2OgIEdnSMmLQEqhRMvUx+HKzTM=,v34NyQg681CBU+G0L6W//ZBmjg4=
87,-11,x2OgIEdnSMmLQEqhRMvUx+HKzTM=,v34NyQg681CBU+G0L6W//ZBmjg4=
84,-12,x2OgIEdnSMmLQEqhRMvUx+HKzTM=,v34NyQg681CBU+G0L6W//ZBmjg4=
86,-12,x2OgIEdnSMmLQEqhRMvUx+HKzTM=,v34NyQg681CBU+G0L6W//ZBmjg4=
83,-12,x2OgIEdnSMmLQEqhRMvUx+HKzTM=,v34NyQg681CBU+G0L6W//ZBmjg4=
82,-12,x2OgIEdnSMmLQEqhRMvUx+HKzTM=,v34NyQg681CBU+G0L6W//ZBmjg4=
81,-12,x2OgIEdnSMmLQEqhRMvUx+HKzTM=,v34NyQg681CBU+G0L6W//ZBmjg4=
87,-13,x2OgIEdnSMmLQEqhRMvUx+HKzTM=,v34NyQg681CBU+G0L6W//ZBmjg4=
86,-13,x2OgIEdnSMmLQEqhRMvUx+HKzTM=,v34NyQg681CBU+G0L6W//ZBmjg4=
85,-13,x2OgIEdnSMmLQEqhRMvUx+HKzTM=,v34NyQg681CBU+G0L6W//ZBmjg4=
84,-13,x2OgIEdnSMmLQEqhRMvUx+HKzTM=,v34NyQg681CBU+G0L6W//ZBmjg4=
83,-13,x2OgIEdnSMmLQEqhRMvUx+HKzTM=,v34NyQg681CBU+G0L6W//ZBmjg4=
82,-13,x2OgIEdnSMmLQEqhRMvUx+HKzTM=,v34NyQg681CBU+G0L6W//ZBmjg4=
80,-10,x2OgIEdnSMmLQEqhRMvUx+HKzTM=,v34NyQg681CBU+G0L6W//ZBmjg4=
81,-10,x2OgIEdnSMmLQEqhRMvUx+HKzTM=,v34NyQg681CBU+G0L6W//ZBmjg4=
88,-11,x2OgIEdnSMmLQEqhRMvUx+HKzTM=,IJp3pyZePELNrDbtkn1eUqT7stg=
82,-10,x2OgIEdnSMmLQEqhRMvUx+HKzTM=,v34NyQg681CBU+G0L6W//ZBmjg4=
83,-10,x2OgIEdnSMmLQEqhRMvUx+HKzTM=,v34NyQg681CBU+G0L6W//ZBmjg4=
81,-13,x2OgIEdnSMmLQEqhRMvUx+HKzTM=,v34NyQg681CBU+G0L6W//ZBmjg4=
86,-14,x2OgIEdnSMmLQEqhRMvUx+HKzTM=,v34NyQg681CBU+G0L6W//ZBmjg4=
87,-14,x2OgIEdnSMmLQEqhRMvUx+HKzTM=,v34NyQg681CBU+G0L6W//ZBmjg4=
84,-14,x2OgIEdnSMmLQEqhRMvUx+HKzTM=,v34NyQg681CBU+G0L6W//ZBmjg4=
83,-14,x2OgIEdnSMmLQEqhRMvUx+HKzTM=,v34NyQg681CBU+G0L6W//ZBmjg4=
87,-8,x2OgIEdnSMmLQEqhRMvUx+HKzTM=,AB8o1kCCWnTSb6oXOH5CmaHIgqs=
88,-16,x2OgIEdnSMmLQEqhRMvUx+HKzTM=,IJp3pyZePELNrDbtkn1eUqT7stg=
84,-10,x2OgIEdnSMmLQEqhRMvUx+HKzTM=,v34NyQg681CBU+G0L6W//ZBmjg4=
85,-10,x2OgIEdnSMmLQEqhRMvUx+HKzTM=,v34NyQg681CBU+G0L6W//ZBmjg4=
86,-10,x2OgIEdnSMmLQEqhRMvUx+HKzTM=,v34NyQg681CBU+G0L6W//ZBmjg4=
85,-14,x2OgIEdnSMmLQEqhRMvUx+HKzTM=,v34NyQg681CBU+G0L6W//ZBmjg4=
85,-8,x2OgIEdnSMmLQEqhRMvUx+HKzTM=,AB8o1kCCWnTSb6oXOH5CmaHIgqs=
82,-14,x2OgIEdnSMmLQEqhRMvUx+HKzTM=,v34NyQg681CBU+G0L6W//ZBmjg4=
80,-12,x2OgIEdnSMmLQEqhRMvUx+HKzTM=,v34NyQg681CBU+G0L6W//ZBmjg4=
81,-14,x2OgIEdnSMmLQEqhRMvUx+HKzTM=,v34NyQg681CBU+G0L6W//ZBmjg4=
80,-13,x2OgIEdnSMmLQEqhRMvUx+HKzTM=,v34NyQg681CBU+G0L6W//ZBmjg4=
86,-15,x2OgIEdnSMmLQEqhRMvUx+HKzTM=,v34NyQg681CBU+G0L6W//ZBmjg4=
84,-8,x2OgIEdnSMmLQEqhRMvUx+HKzTM=,AB8o1kCCWnTSb6oXOH5CmaHIgqs=
83,-8,x2OgIEdnSMmLQEqhRMvUx+HKzTM=,AB8o1kCCWnTSb6oXOH5CmaHIgqs=
85,-15,x2OgIEdnSMmLQEqhRMvUx+HKzTM=,v34NyQg681CBU+G0L6W//ZBmjg4=
88,-9,x2OgIEdnSMmLQEqhRMvUx+HKzTM=,IJp3pyZePELNrDbtkn1eUqT7stg=
80,-11,x2OgIEdnSMmLQEqhRMvUx+HKzTM=,v34NyQg681CBU+G0L6W//ZBmjg4=
82,-8,x2OgIEdnSMmLQEqhRMvUx+HKzTM=,AB8o1kCCWnTSb6oXOH5CmaHIgqs=
81,-8,x2OgIEdnSMmLQEqhRMvUx+HKzTM=,AB8o1kCCWnTSb6oXOH5CmaHIgqs=
84,-15,x2OgIEdnSMmLQEqhRMvUx+HKzTM=,v34NyQg681CBU+G0L6W//ZBmjg4=
80,-16,x2OgIEdnSMmLQEqhRMvUx+HKzTM=,v34NyQg681CBU+G0L6W//ZBmjg4=
83,-15,x2OgIEdnSMmLQEqhRMvUx+HKzTM=,v34NyQg681CBU+G0L6W//ZBmjg4=
82,-15,x2OgIEdnSMmLQEqhRMvUx+HKzTM=,v34NyQg681CBU+G0L6W//ZBmjg4=
87,-10,x2OgIEdnSMmLQEqhRMvUx+HKzTM=,v34NyQg681CBU+G0L6W//ZBmjg4=
87,-9,x2OgIEdnSMmLQEqhRMvUx+HKzTM=,v34NyQg681CBU+G0L6W//ZBmjg4=
86,-9,x2OgIEdnSMmLQEqhRMvUx+HKzTM=,v34NyQg681CBU+G0L6W//ZBmjg4=
85,-9,x2OgIEdnSMmLQEqhRMvUx+HKzTM=,v34NyQg681CBU+G0L6W//ZBmjg4=
84,-9,x2OgIEdnSMmLQEqhRMvUx+HKzTM=,v34NyQg681CBU+G0L6W//ZBmjg4=
81,-15,x2OgIEdnSMmLQEqhRMvUx+HKzTM=,v34NyQg681CBU+G0L6W//ZBmjg4=
88,-10,x2OgIEdnSMmLQEqhRMvUx+HKzTM=,IJp3pyZePELNrDbtkn1eUqT7stg=
88,-15,x2OgIEdnSMmLQEqhRMvUx+HKzTM=,IJp3pyZePELNrDbtkn1eUqT7stg=
83,-9,x2OgIEdnSMmLQEqhRMvUx+HKzTM=,v34NyQg681CBU+G0L6W//ZBmjg4=
80,-15,x2OgIEdnSMmLQEqhRMvUx+HKzTM=,v34NyQg681CBU+G0L6W//ZBmjg4=
87,-15,x2OgIEdnSMmLQEqhRMvUx+HKzTM=,v34NyQg681CBU+G0L6W//ZBmjg4=
80,-14,x2OgIEdnSMmLQEqhRMvUx+HKzTM=,v34NyQg681CBU+G0L6W//ZBmjg4=
87,-16,x2OgIEdnSMmLQEqhRMvUx+HKzTM=,v34NyQg681CBU+G0L6W//ZBmjg4=
80,-8,x2OgIEdnSMmLQEqhRMvUx+HKzTM=,AB8o1kCCWnTSb6oXOH5CmaHIgqs=
83,-16,x2OgIEdnSMmLQEqhRMvUx+HKzTM=,v34NyQg681CBU+G0L6W//ZBmjg4=
84,-16,x2OgIEdnSMmLQEqhRMvUx+HKzTM=,v34NyQg681CBU+G0L6W//ZBmjg4=
82,-9,x2OgIEdnSMmLQEqhRMvUx+HKzTM=,v34NyQg681CBU+G0L6W//ZBmjg4=
86,-16,x2OgIEdnSMmLQEqhRMvUx+HKzTM=,v34NyQg681CBU+G0L6W//ZBmjg4=
81,-9,x2OgIEdnSMmLQEqhRMvUx+HKzTM=,v34NyQg681CBU+G0L6W//ZBmjg4=
86,-8,x2OgIEdnSMmLQEqhRMvUx+HKzTM=,AB8o1kCCWnTSb6oXOH5CmaHIgqs=
80,-9,x2OgIEdnSMmLQEqhRMvUx+HKzTM=,v34NyQg681CBU+G0L6W//ZBmjg4=
85,-16,x2OgIEdnSMmLQEqhRMvUx+HKzTM=,v34NyQg681CBU+G0L6W//ZBmjg4=
82,-16,x2OgIEdnSMmLQEqhRMvUx+HKzTM=,v34NyQg681CBU+G0L6W//ZBmjg4=
81,-16,x2OgIEdnSMmLQEqhRMvUx+HKzTM=,v34NyQg681CBU+G0L6W//ZBmjg4=
95,-16,x2OgIEdnSMmLQEqhRMvUx+HKzTM=,IJp3pyZePELNrDbtkn1eUqT7stg=
95,-9,x2OgIEdnSMmLQEqhRMvUx+HKzTM=,IJp3pyZePELNrDbtkn1eUqT7stg=
92,-27,x2OgIEdnSMmLQEqhRMvUx+HKzTM=,TOemoL6+X28cFwESG+4aOmVZDcs=
91,-27,x2OgIEdnSMmLQEqhRMvUx+HKzTM=,TOemoL6+X28cFwESG+4aOmVZDcs=
93,-28,x2OgIEdnSMmLQEqhRMvUx+HKzTM=,TOemoL6+X28cFwESG+4aOmVZDcs=
90,-27,x2OgIEdnSMmLQEqhRMvUx+HKzTM=,TOemoL6+X28cFwESG+4aOmVZDcs=
91,-28,x2OgIEdnSMmLQEqhRMvUx+HKzTM=,TOemoL6+X28cFwESG+4aOmVZDcs=
92,-28,x2OgIEdnSMmLQEqhRMvUx+HKzTM=,TOemoL6+X28cFwESG+4aOmVZDcs=
94,-28,x2OgIEdnSMmLQEqhRMvUx+HKzTM=,TOemoL6+X28cFwESG+4aOmVZDcs=
89,-27,x2OgIEdnSMmLQEqhRMvUx+HKzTM=,TOemoL6+X28cFwESG+4aOmVZDcs=
90,-28,x2OgIEdnSMmLQEqhRMvUx+HKzTM=,TOemoL6+X28cFwESG+4aOmVZDcs=
94,-29,x2OgIEdnSMmLQEqhRMvUx+HKzTM=,TOemoL6+X28cFwESG+4aOmVZDcs=
93,-29,x2OgIEdnSMmLQEqhRMvUx+HKzTM=,TOemoL6+X28cFwESG+4aOmVZDcs=
92,-29,x2OgIEdnSMmLQEqhRMvUx+HKzTM=,TOemoL6+X28cFwESG+4aOmVZDcs=
91,-29,x2OgIEdnSMmLQEqhRMvUx+HKzTM=,TOemoL6+X28cFwESG+4aOmVZDcs=
90,-29,x2OgIEdnSMmLQEqhRMvUx+HKzTM=,TOemoL6+X28cFwESG+4aOmVZDcs=
94,-30,x2OgIEdnSMmLQEqhRMvUx+HKzTM=,TOemoL6+X28cFwESG+4aOmVZDcs=
93,-30,x2OgIEdnSMmLQEqhRMvUx+HKzTM=,TOemoL6+X28cFwESG+4aOmVZDcs=
92,-30,x2OgIEdnSMmLQEqhRMvUx+HKzTM=,TOemoL6+X28cFwESG+4aOmVZDcs=
91,-30,x2OgIEdnSMmLQEqhRMvUx+HKzTM=,TOemoL6+X28cFwESG+4aOmVZDcs=
94,-31,x2OgIEdnSMmLQEqhRMvUx+HKzTM=,TOemoL6+X28cFwESG+4aOmVZDcs=
93,-31,x2OgIEdnSMmLQEqhRMvUx+HKzTM=,TOemoL6+X28cFwESG+4aOmVZDcs=
90,-30,x2OgIEdnSMmLQEqhRMvUx+HKzTM=,TOemoL6+X28cFwESG+4aOmVZDcs=
89,-28,x2OgIEdnSMmLQEqhRMvUx+HKzTM=,TOemoL6+X28cFwESG+4aOmVZDcs=
92,-31,x2OgIEdnSMmLQEqhRMvUx+HKzTM=,TOemoL6+X28cFwESG+4aOmVZDcs=
91,-31,x2OgIEdnSMmLQEqhRMvUx+HKzTM=,TOemoL6+X28cFwESG+4aOmVZDcs=
90,-31,x2OgIEdnSMmLQEqhRMvUx+HKzTM=,TOemoL6+X28cFwESG+4aOmVZDcs=
89,-31,x2OgIEdnSMmLQEqhRMvUx+HKzTM=,TOemoL6+X28cFwESG+4aOmVZDcs=
94,-26,x2OgIEdnSMmLQEqhRMvUx+HKzTM=,TOemoL6+X28cFwESG+4aOmVZDcs=
93,-26,x2OgIEdnSMmLQEqhRMvUx+HKzTM=,TOemoL6+X28cFwESG+4aOmVZDcs=
89,-30,x2OgIEdnSMmLQEqhRMvUx+HKzTM=,TOemoL6+X28cFwESG+4aOmVZDcs=
92,-26,x2OgIEdnSMmLQEqhRMvUx+HKzTM=,TOemoL6+X28cFwESG+4aOmVZDcs=
91,-26,x2OgIEdnSMmLQEqhRMvUx+HKzTM=,TOemoL6+X28cFwESG+4aOmVZDcs=
90,-26,x2OgIEdnSMmLQEqhRMvUx+HKzTM=,TOemoL6+X28cFwESG+4aOmVZDcs=
94,-27,x2OgIEdnSMmLQEqhRMvUx+HKzTM=,TOemoL6+X28cFwESG+4aOmVZDcs=
93,-27,x2OgIEdnSMmLQEqhRMvUx+HKzTM=,TOemoL6+X28cFwESG+4aOmVZDcs=
89,-29,x2OgIEdnSMmLQEqhRMvUx+HKzTM=,TOemoL6+X28cFwESG+4aOmVZDcs=
89,-26,x2OgIEdnSMmLQEqhRMvUx+HKzTM=,TOemoL6+X28cFwESG+4aOmVZDcs=
93,-19,x2OgIEdnSMmLQEqhRMvUx+HKzTM=,tp1UOcr8kmCE9ECy0J7Mww5468E=
90,-24,x2OgIEdnSMmLQEqhRMvUx+HKzTM=,tp1UOcr8kmCE9ECy0J7Mww5468E=
94,-19,x2OgIEdnSMmLQEqhRMvUx+HKzTM=,tp1UOcr8kmCE9ECy0J7Mww5468E=
89,-22,x2OgIEdnSMmLQEqhRMvUx+HKzTM=,tp1UOcr8kmCE9ECy0J7Mww5468E=
89,-21,x2OgIEdnSMmLQEqhRMvUx+HKzTM=,tp1UOcr8kmCE9ECy0J7Mww5468E=
90,-21,x2OgIEdnSMmLQEqhRMvUx+HKzTM=,tp1UOcr8kmCE9ECy0J7Mww5468E=
92,-19,x2OgIEdnSMmLQEqhRMvUx+HKzTM=,tp1UOcr8kmCE9ECy0J7Mww5468E=
91,-21,x2OgIEdnSMmLQEqhRMvUx+HKzTM=,tp1UOcr8kmCE9ECy0J7Mww5468E=
89,-24,x2OgIEdnSMmLQEqhRMvUx+HKzTM=,tp1UOcr8kmCE9ECy0J7Mww5468E=
90,-22,x2OgIEdnSMmLQEqhRMvUx+HKzTM=,tp1UOcr8kmCE9ECy0J7Mww5468E=
91,-22,x2OgIEdnSMmLQEqhRMvUx+HKzTM=,tp1UOcr8kmCE9ECy0J7Mww5468E=
92,-21,x2OgIEdnSMmLQEqhRMvUx+HKzTM=,tp1UOcr8kmCE9ECy0J7Mww5468E=
92,-22,x2OgIEdnSMmLQEqhRMvUx+HKzTM=,tp1UOcr8kmCE9ECy0J7Mww5468E=
93,-22,x2OgIEdnSMmLQEqhRMvUx+HKzTM=,tp1UOcr8kmCE9ECy0J7Mww5468E=
94,-22,x2OgIEdnSMmLQEqhRMvUx+HKzTM=,tp1UOcr8kmCE9ECy0J7Mww5468E=
89,-20,x2OgIEdnSMmLQEqhRMvUx+HKzTM=,tp1UOcr8kmCE9ECy0J7Mww5468E=
93,-21,x2OgIEdnSMmLQEqhRMvUx+HKzTM=,tp1UOcr8kmCE9ECy0J7Mww5468E=
90,-23,x2OgIEdnSMmLQEqhRMvUx+HKzTM=,tp1UOcr8kmCE9ECy0J7Mww5468E=
94,-23,x2OgIEdnSMmLQEqhRMvUx+HKzTM=,tp1UOcr8kmCE9ECy0J7Mww5468E=
93,-23,x2OgIEdnSMmLQEqhRMvUx+HKzTM=,tp1UOcr8kmCE9ECy0J7Mww5468E=
94,-24,x2OgIEdnSMmLQEqhRMvUx+HKzTM=,tp1UOcr8kmCE9ECy0J7Mww5468E=
92,-23,x2OgIEdnSMmLQEqhRMvUx+HKzTM=,tp1UOcr8kmCE9ECy0J7Mww5468E=
91,-19,x2OgIEdnSMmLQEqhRMvUx+HKzTM=,tp1UOcr8kmCE9ECy0J7Mww5468E=
91,-23,x2OgIEdnSMmLQEqhRMvUx+HKzTM=,tp1UOcr8kmCE9ECy0J7Mww5468E=
89,-23,x2OgIEdnSMmLQEqhRMvUx+HKzTM=,tp1UOcr8kmCE9ECy0J7Mww5468E=
94,-20,x2OgIEdnSMmLQEqhRMvUx+HKzTM=,tp1UOcr8kmCE9ECy0J7Mww5468E=
92,-20,x2OgIEdnSMmLQEqhRMvUx+HKzTM=,tp1UOcr8kmCE9ECy0J7Mww5468E=
90,-19,x2OgIEdnSMmLQEqhRMvUx+HKzTM=,tp1UOcr8kmCE9ECy0J7Mww5468E=
93,-20,x2OgIEdnSMmLQEqhRMvUx+HKzTM=,tp1UOcr8kmCE9ECy0J7Mww5468E=
89,-19,x2OgIEdnSMmLQEqhRMvUx+HKzTM=,tp1UOcr8kmCE9ECy0J7Mww5468E=
91,-20,x2OgIEdnSMmLQEqhRMvUx+HKzTM=,tp1UOcr8kmCE9ECy0J7Mww5468E=
91,-18,x2OgIEdnSMmLQEqhRMvUx+HKzTM=,tp1UOcr8kmCE9ECy0J7Mww5468E=
94,-21,x2OgIEdnSMmLQEqhRMvUx+HKzTM=,tp1UOcr8kmCE9ECy0J7Mww5468E=
93,-18,x2OgIEdnSMmLQEqhRMvUx+HKzTM=,tp1UOcr8kmCE9ECy0J7Mww5468E=
94,-25,x2OgIEdnSMmLQEqhRMvUx+HKzTM=,TOemoL6+X28cFwESG+4aOmVZDcs=
91,-24,x2OgIEdnSMmLQEqhRMvUx+HKzTM=,tp1UOcr8kmCE9ECy0J7Mww5468E=
90,-20,x2OgIEdnSMmLQEqhRMvUx+HKzTM=,tp1UOcr8kmCE9ECy0J7Mww5468E=
93,-25,x2OgIEdnSMmLQEqhRMvUx+HKzTM=,TOemoL6+X28cFwESG+4aOmVZDcs=
93,-24,x2OgIEdnSMmLQEqhRMvUx+HKzTM=,tp1UOcr8kmCE9ECy0J7Mww5468E=
92,-25,x2OgIEdnSMmLQEqhRMvUx+HKzTM=,TOemoL6+X28cFwESG+4aOmVZDcs=
90,-18,x2OgIEdnSMmLQEqhRMvUx+HKzTM=,tp1UOcr8kmCE9ECy0J7Mww5468E=
91,-25,x2OgIEdnSMmLQEqhRMvUx+HKzTM=,TOemoL6+X28cFwESG+4aOmVZDcs=
90,-25,x2OgIEdnSMmLQEqhRMvUx+HKzTM=,TOemoL6+X28cFwESG+4aOmVZDcs=
92,-24,x2OgIEdnSMmLQEqhRMvUx+HKzTM=,tp1UOcr8kmCE9ECy0J7Mww5468E=
92,-18,x2OgIEdnSMmLQEqhRMvUx+HKzTM=,tp1UOcr8kmCE9ECy0J7Mww5468E=
89,-25,x2OgIEdnSMmLQEqhRMvUx+HKzTM=,TOemoL6+X28cFwESG+4aOmVZDcs=
89,-18,x2OgIEdnSMmLQEqhRMvUx+HKzTM=,tp1UOcr8kmCE9ECy0J7Mww5468E=
94,-18,x2OgIEdnSMmLQEqhRMvUx+HKzTM=,tp1UOcr8kmCE9ECy0J7Mww5468E=
84,-21,x2OgIEdnSMmLQEqhRMvUx+HKzTM=,2DRFo4cGWglFnp/aX/SpeL7eY8Y=
88,-23,x2OgIEdnSMmLQEqhRMvUx+HKzTM=,tp1UOcr8kmCE9ECy0J7Mww5468E=
85,-21,x2OgIEdnSMmLQEqhRMvUx+HKzTM=,2DRFo4cGWglFnp/aX/SpeL7eY8Y=
86,-21,x2OgIEdnSMmLQEqhRMvUx+HKzTM=,2DRFo4cGWglFnp/aX/SpeL7eY8Y=
83,-21,x2OgIEdnSMmLQEqhRMvUx+HKzTM=,2DRFo4cGWglFnp/aX/SpeL7eY8Y=
88,-20,x2OgIEdnSMmLQEqhRMvUx+HKzTM=,tp1UOcr8kmCE9ECy0J7Mww5468E=
88,-21,x2OgIEdnSMmLQEqhRMvUx+HKzTM=,tp1UOcr8kmCE9ECy0J7Mww5468E=
87,-21,x2OgIEdnSMmLQEqhRMvUx+HKzTM=,2DRFo4cGWglFnp/aX/SpeL7eY8Y=
81,-20,x2OgIEdnSMmLQEqhRMvUx+HKzTM=,2DRFo4cGWglFnp/aX/SpeL7eY8Y=
82,-20,x2OgIEdnSMmLQEqhRMvUx+HKzTM=,2DRFo4cGWglFnp/aX/SpeL7eY8Y=
83,-20,x2OgIEdnSMmLQEqhRMvUx+HKzTM=,2DRFo4cGWglFnp/aX/SpeL7eY8Y=
82,-21,x2OgIEdnSMmLQEqhRMvUx+HKzTM=,2DRFo4cGWglFnp/aX/SpeL7eY8Y=
88,-18,x2OgIEdnSMmLQEqhRMvUx+HKzTM=,tp1UOcr8kmCE9ECy0J7Mww5468E=
84,-20,x2OgIEdnSMmLQEqhRMvUx+HKzTM=,2DRFo4cGWglFnp/aX/SpeL7eY8Y=
88,-19,x2OgIEdnSMmLQEqhRMvUx+HKzTM=,tp1UOcr8kmCE9ECy0J7Mww5468E=
88,-22,x2OgIEdnSMmLQEqhRMvUx+HKzTM=,tp1UOcr8kmCE9ECy0J7Mww5468E=
81,-23,x2OgIEdnSMmLQEqhRMvUx+HKzTM=,2DRFo4cGWglFnp/aX/SpeL7eY8Y=
85,-20,x2OgIEdnSMmLQEqhRMvUx+HKzTM=,2DRFo4cGWglFnp/aX/SpeL7eY8Y=
86,-20,x2OgIEdnSMmLQEqhRMvUx+HKzTM=,2DRFo4cGWglFnp/aX/SpeL7eY8Y=
81,-21,x2OgIEdnSMmLQEqhRMvUx+HKzTM=,2DRFo4cGWglFnp/aX/SpeL7eY8Y=
86,-18,x2OgIEdnSMmLQEqhRMvUx+HKzTM=,2DRFo4cGWglFnp/aX/SpeL7eY8Y=
87,-18,x2OgIEdnSMmLQEqhRMvUx+HKzTM=,2DRFo4cGWglFnp/aX/SpeL7eY8Y=
85,-18,x2OgIEdnSMmLQEqhRMvUx+HKzTM=,2DRFo4cGWglFnp/aX/SpeL7eY8Y=
87,-22,x2OgIEdnSMmLQEqhRMvUx+HKzTM=,2DRFo4cGWglFnp/aX/SpeL7eY8Y=
82,-23,x2OgIEdnSMmLQEqhRMvUx+HKzTM=,2DRFo4cGWglFnp/aX/SpeL7eY8Y=
87,-20,x2OgIEdnSMmLQEqhRMvUx+HKzTM=,2DRFo4cGWglFnp/aX/SpeL7eY8Y=
84,-18,x2OgIEdnSMmLQEqhRMvUx+HKzTM=,2DRFo4cGWglFnp/aX/SpeL7eY8Y=
86,-22,x2OgIEdnSMmLQEqhRMvUx+HKzTM=,2DRFo4cGWglFnp/aX/SpeL7eY8Y=
85,-22,x2OgIEdnSMmLQEqhRMvUx+HKzTM=,2DRFo4cGWglFnp/aX/SpeL7eY8Y=
83,-18,x2OgIEdnSMmLQEqhRMvUx+HKzTM=,2DRFo4cGWglFnp/aX/SpeL7eY8Y=
82,-18,x2OgIEdnSMmLQEqhRMvUx+HKzTM=,2DRFo4cGWglFnp/aX/SpeL7eY8Y=
81,-18,x2OgIEdnSMmLQEqhRMvUx+HKzTM=,2DRFo4cGWglFnp/aX/SpeL7eY8Y=
84,-22,x2OgIEdnSMmLQEqhRMvUx+HKzTM=,2DRFo4cGWglFnp/aX/SpeL7eY8Y=
87,-19,x2OgIEdnSMmLQEqhRMvUx+HKzTM=,2DRFo4cGWglFnp/aX/SpeL7eY8Y=
86,-19,x2OgIEdnSMmLQEqhRMvUx+HKzTM=,2DRFo4cGWglFnp/aX/SpeL7eY8Y=
85,-19,x2OgIEdnSMmLQEqhRMvUx+HKzTM=,2DRFo4cGWglFnp/aX/SpeL7eY8Y=
84,-19,x2OgIEdnSMmLQEqhRMvUx+HKzTM=,2DRFo4cGWglFnp/aX/SpeL7eY8Y=
83,-22,x2OgIEdnSMmLQEqhRMvUx+HKzTM=,2DRFo4cGWglFnp/aX/SpeL7eY8Y=
83,-19,x2OgIEdnSMmLQEqhRMvUx+HKzTM=,2DRFo4cGWglFnp/aX/SpeL7eY8Y=
87,-23,x2OgIEdnSMmLQEqhRMvUx+HKzTM=,2DRFo4cGWglFnp/aX/SpeL7eY8Y=
86,-23,x2OgIEdnSMmLQEqhRMvUx+HKzTM=,2DRFo4cGWglFnp/aX/SpeL7eY8Y=
81,-22,x2OgIEdnSMmLQEqhRMvUx+HKzTM=,2DRFo4cGWglFnp/aX/SpeL7eY8Y=
82,-19,x2OgIEdnSMmLQEqhRMvUx+HKzTM=,2DRFo4cGWglFnp/aX/SpeL7eY8Y=
83,-23,x2OgIEdnSMmLQEqhRMvUx+HKzTM=,2DRFo4cGWglFnp/aX/SpeL7eY8Y=
81,-19,x2OgIEdnSMmLQEqhRMvUx+HKzTM=,2DRFo4cGWglFnp/aX/SpeL7eY8Y=
82,-22,x2OgIEdnSMmLQEqhRMvUx+HKzTM=,2DRFo4cGWglFnp/aX/SpeL7eY8Y=
85,-23,x2OgIEdnSMmLQEqhRMvUx+HKzTM=,2DRFo4cGWglFnp/aX/SpeL7eY8Y=
84,-23,x2OgIEdnSMmLQEqhRMvUx+HKzTM=,2DRFo4cGWglFnp/aX/SpeL7eY8Y=
87,-25,x2OgIEdnSMmLQEqhRMvUx+HKzTM=,KsG2NMA+02IaLlj7RrntblpdYTE=
86,-25,x2OgIEdnSMmLQEqhRMvUx+HKzTM=,KsG2NMA+02IaLlj7RrntblpdYTE=
88,-26,x2OgIEdnSMmLQEqhRMvUx+HKzTM=,TOemoL6+X28cFwESG+4aOmVZDcs=
88,-24,x2OgIEdnSMmLQEqhRMvUx+HKzTM=,tp1UOcr8kmCE9ECy0J7Mww5468E=
88,-25,x2OgIEdnSMmLQEqhRMvUx+HKzTM=,TOemoL6+X28cFwESG+4aOmVZDcs=
84,-25,x2OgIEdnSMmLQEqhRMvUx+HKzTM=,KsG2NMA+02IaLlj7RrntblpdYTE=
83,-29,x2OgIEdnSMmLQEqhRMvUx+HKzTM=,KsG2NMA+02IaLlj7RrntblpdYTE=
85,-25,x2OgIEdnSMmLQEqhRMvUx+HKzTM=,KsG2NMA+02IaLlj7RrntblpdYTE=
82,-29,x2OgIEdnSMmLQEqhRMvUx+HKzTM=,KsG2NMA+02IaLlj7RrntblpdYTE=
82,-25,x2OgIEdnSMmLQEqhRMvUx+HKzTM=,KsG2NMA+02IaLlj7RrntblpdYTE=
88,-31,x2OgIEdnSMmLQEqhRMvUx+HKzTM=,TOemoL6+X28cFwESG+4aOmVZDcs=
81,-29,x2OgIEdnSMmLQEqhRMvUx+HKzTM=,KsG2NMA+02IaLlj7RrntblpdYTE=
83,-25,x2OgIEdnSMmLQEqhRMvUx+HKzTM=,KsG2NMA+02IaLlj7RrntblpdYTE=
88,-27,x2OgIEdnSMmLQEqhRMvUx+HKzTM=,TOemoL6+X28cFwESG+4aOmVZDcs=
81,-25,x2OgIEdnSMmLQEqhRMvUx+HKzTM=,KsG2NMA+02IaLlj7RrntblpdYTE=
85,-30,x2OgIEdnSMmLQEqhRMvUx+HKzTM=,KsG2NMA+02IaLlj7RrntblpdYTE=
84,-29,x2OgIEdnSMmLQEqhRMvUx+HKzTM=,KsG2NMA+02IaLlj7RrntblpdYTE=
87,-30,x2OgIEdnSMmLQEqhRMvUx+HKzTM=,KsG2NMA+02IaLlj7RrntblpdYTE=
81,-30,x2OgIEdnSMmLQEqhRMvUx+HKzTM=,KsG2NMA+02IaLlj7RrntblpdYTE=
87,-31,x2OgIEdnSMmLQEqhRMvUx+HKzTM=,KsG2NMA+02IaLlj7RrntblpdYTE=
87,-26,x2OgIEdnSMmLQEqhRMvUx+HKzTM=,KsG2NMA+02IaLlj7RrntblpdYTE=
83,-30,x2OgIEdnSMmLQEqhRMvUx+HKzTM=,KsG2NMA+02IaLlj7RrntblpdYTE=
85,-31,x2OgIEdnSMmLQEqhRMvUx+HKzTM=,KsG2NMA+02IaLlj7RrntblpdYTE=
86,-31,x2OgIEdnSMmLQEqhRMvUx+HKzTM=,KsG2NMA+02IaLlj7RrntblpdYTE=
86,-26,x2OgIEdnSMmLQEqhRMvUx+HKzTM=,KsG2NMA+02IaLlj7RrntblpdYTE=
86,-30,x2OgIEdnSMmLQEqhRMvUx+HKzTM=,KsG2NMA+02IaLlj7RrntblpdYTE=
88,-28,x2OgIEdnSMmLQEqhRMvUx+HKzTM=,TOemoL6+X28cFwESG+4aOmVZDcs=
85,-29,x2OgIEdnSMmLQEqhRMvUx+HKzTM=,KsG2NMA+02IaLlj7RrntblpdYTE=
81,-24,x2OgIEdnSMmLQEqhRMvUx+HKzTM=,2DRFo4cGWglFnp/aX/SpeL7eY8Y=
82,-30,x2OgIEdnSMmLQEqhRMvUx+HKzTM=,KsG2NMA+02IaLlj7RrntblpdYTE=
84,-26,x2OgIEdnSMmLQEqhRMvUx+HKzTM=,KsG2NMA+02IaLlj7RrntblpdYTE=
84,-31,x2OgIEdnSMmLQEqhRMvUx+HKzTM=,KsG2NMA+02IaLlj7RrntblpdYTE=
85,-26,x2OgIEdnSMmLQEqhRMvUx+HKzTM=,KsG2NMA+02IaLlj7RrntblpdYTE=
88,-30,x2OgIEdnSMmLQEqhRMvUx+HKzTM=,TOemoL6+X28cFwESG+4aOmVZDcs=
82,-26,x2OgIEdnSMmLQEqhRMvUx+HKzTM=,KsG2NMA+02IaLlj7RrntblpdYTE=
83,-31,x2OgIEdnSMmLQEqhRMvUx+HKzTM=,KsG2NMA+02IaLlj7RrntblpdYTE=
82,-24,x2OgIEdnSMmLQEqhRMvUx+HKzTM=,2DRFo4cGWglFnp/aX/SpeL7eY8Y=
83,-26,x2OgIEdnSMmLQEqhRMvUx+HKzTM=,KsG2NMA+02IaLlj7RrntblpdYTE=
81,-31,x2OgIEdnSMmLQEqhRMvUx+HKzTM=,KsG2NMA+02IaLlj7RrntblpdYTE=
81,-26,x2OgIEdnSMmLQEqhRMvUx+HKzTM=,KsG2NMA+02IaLlj7RrntblpdYTE=
82,-31,x2OgIEdnSMmLQEqhRMvUx+HKzTM=,KsG2NMA+02IaLlj7RrntblpdYTE=
87,-27,x2OgIEdnSMmLQEqhRMvUx+HKzTM=,KsG2NMA+02IaLlj7RrntblpdYTE=
84,-27,x2OgIEdnSMmLQEqhRMvUx+HKzTM=,KsG2NMA+02IaLlj7RrntblpdYTE=
85,-27,x2OgIEdnSMmLQEqhRMvUx+HKzTM=,KsG2NMA+02IaLlj7RrntblpdYTE=
86,-29,x2OgIEdnSMmLQEqhRMvUx+HKzTM=,KsG2NMA+02IaLlj7RrntblpdYTE=
84,-30,x2OgIEdnSMmLQEqhRMvUx+HKzTM=,KsG2NMA+02IaLlj7RrntblpdYTE=
82,-27,x2OgIEdnSMmLQEqhRMvUx+HKzTM=,KsG2NMA+02IaLlj7RrntblpdYTE=
83,-27,x2OgIEdnSMmLQEqhRMvUx+HKzTM=,KsG2NMA+02IaLlj7RrntblpdYTE=
81,-27,x2OgIEdnSMmLQEqhRMvUx+HKzTM=,KsG2NMA+02IaLlj7RrntblpdYTE=
83,-24,x2OgIEdnSMmLQEqhRMvUx+HKzTM=,2DRFo4cGWglFnp/aX/SpeL7eY8Y=
87,-24,x2OgIEdnSMmLQEqhRMvUx+HKzTM=,2DRFo4cGWglFnp/aX/SpeL7eY8Y=
86,-24,x2OgIEdnSMmLQEqhRMvUx+HKzTM=,2DRFo4cGWglFnp/aX/SpeL7eY8Y=
88,-29,x2OgIEdnSMmLQEqhRMvUx+HKzTM=,TOemoL6+X28cFwESG+4aOmVZDcs=
87,-28,x2OgIEdnSMmLQEqhRMvUx+HKzTM=,KsG2NMA+02IaLlj7RrntblpdYTE=
85,-24,x2OgIEdnSMmLQEqhRMvUx+HKzTM=,2DRFo4cGWglFnp/aX/SpeL7eY8Y=
86,-28,x2OgIEdnSMmLQEqhRMvUx+HKzTM=,KsG2NMA+02IaLlj7RrntblpdYTE=
85,-28,x2OgIEdnSMmLQEqhRMvUx+HKzTM=,KsG2NMA+02IaLlj7RrntblpdYTE=
87,-29,x2OgIEdnSMmLQEqhRMvUx+HKzTM=,KsG2NMA+02IaLlj7RrntblpdYTE=
84,-24,x2OgIEdnSMmLQEqhRMvUx+HKzTM=,2DRFo4cGWglFnp/aX/SpeL7eY8Y=
84,-28,x2OgIEdnSMmLQEqhRMvUx+HKzTM=,KsG2NMA+02IaLlj7RrntblpdYTE=
86,-27,x2OgIEdnSMmLQEqhRMvUx+HKzTM=,KsG2NMA+02IaLlj7RrntblpdYTE=
83,-28,x2OgIEdnSMmLQEqhRMvUx+HKzTM=,KsG2NMA+02IaLlj7RrntblpdYTE=
82,-28,x2OgIEdnSMmLQEqhRMvUx+HKzTM=,KsG2NMA+02IaLlj7RrntblpdYTE=
81,-28,x2OgIEdnSMmLQEqhRMvUx+HKzTM=,KsG2NMA+02IaLlj7RrntblpdYTE=
85,-17,x2OgIEdnSMmLQEqhRMvUx+HKzTM=,2DRFo4cGWglFnp/aX/SpeL7eY8Y=
84,-17,x2OgIEdnSMmLQEqhRMvUx+HKzTM=,2DRFo4cGWglFnp/aX/SpeL7eY8Y=
81,-17,x2OgIEdnSMmLQEqhRMvUx+HKzTM=,2DRFo4cGWglFnp/aX/SpeL7eY8Y=
86,-17,x2OgIEdnSMmLQEqhRMvUx+HKzTM=,2DRFo4cGWglFnp/aX/SpeL7eY8Y=
82,-17,x2OgIEdnSMmLQEqhRMvUx+HKzTM=,2DRFo4cGWglFnp/aX/SpeL7eY8Y=
83,-17,x2OgIEdnSMmLQEqhRMvUx+HKzTM=,2DRFo4cGWglFnp/aX/SpeL7eY8Y=
95,-23,x2OgIEdnSMmLQEqhRMvUx+HKzTM=,tp1UOcr8kmCE9ECy0J7Mww5468E=
95,-20,x2OgIEdnSMmLQEqhRMvUx+HKzTM=,tp1UOcr8kmCE9ECy0J7Mww5468E=
95,-22,x2OgIEdnSMmLQEqhRMvUx+HKzTM=,tp1UOcr8kmCE9ECy0J7Mww5468E=
95,-21,x2OgIEdnSMmLQEqhRMvUx+HKzTM=,tp1UOcr8kmCE9ECy0J7Mww5468E=
95,-19,x2OgIEdnSMmLQEqhRMvUx+HKzTM=,tp1UOcr8kmCE9ECy0J7Mww5468E=
95,-18,x2OgIEdnSMmLQEqhRMvUx+HKzTM=,tp1UOcr8kmCE9ECy0J7Mww5468E=
90,-17,x2OgIEdnSMmLQEqhRMvUx+HKzTM=,tp1UOcr8kmCE9ECy0J7Mww5468E=
87,-17,x2OgIEdnSMmLQEqhRMvUx+HKzTM=,2DRFo4cGWglFnp/aX/SpeL7eY8Y=
89,-17,x2OgIEdnSMmLQEqhRMvUx+HKzTM=,tp1UOcr8kmCE9ECy0J7Mww5468E=
91,-17,x2OgIEdnSMmLQEqhRMvUx+HKzTM=,tp1UOcr8kmCE9ECy0J7Mww5468E=
88,-17,x2OgIEdnSMmLQEqhRMvUx+HKzTM=,tp1UOcr8kmCE9ECy0J7Mww5468E=
94,-17,x2OgIEdnSMmLQEqhRMvUx+HKzTM=,tp1UOcr8kmCE9ECy0J7Mww5468E=
95,-28,x2OgIEdnSMmLQEqhRMvUx+HKzTM=,TOemoL6+X28cFwESG+4aOmVZDcs=
95,-27,x2OgIEdnSMmLQEqhRMvUx+HKzTM=,TOemoL6+X28cFwESG+4aOmVZDcs=
93,-17,x2OgIEdnSMmLQEqhRMvUx+HKzTM=,tp1UOcr8kmCE9ECy0J7Mww5468E=
95,-26,x2OgIEdnSMmLQEqhRMvUx+HKzTM=,TOemoL6+X28cFwESG+4aOmVZDcs=
95,-24,x2OgIEdnSMmLQEqhRMvUx+HKzTM=,tp1UOcr8kmCE9ECy0J7Mww5468E=
95,-31,x2OgIEdnSMmLQEqhRMvUx+HKzTM=,TOemoL6+X28cFwESG+4aOmVZDcs=
95,-29,x2OgIEdnSMmLQEqhRMvUx+HKzTM=,TOemoL6+X28cFwESG+4aOmVZDcs=
95,-30,x2OgIEdnSMmLQEqhRMvUx+HKzTM=,TOemoL6+X28cFwESG+4aOmVZDcs=
95,-25,x2OgIEdnSMmLQEqhRMvUx+HKzTM=,TOemoL6+X28cFwESG+4aOmVZDcs=
92,-17,x2OgIEdnSMmLQEqhRMvUx+HKzTM=,tp1UOcr8kmCE9ECy0J7Mww5468E=
86,-32,x2OgIEdnSMmLQEqhRMvUx+HKzTM=,KsG2NMA+02IaLlj7RrntblpdYTE=
85,-32,x2OgIEdnSMmLQEqhRMvUx+HKzTM=,KsG2NMA+02IaLlj7RrntblpdYTE=
81,-32,x2OgIEdnSMmLQEqhRMvUx+HKzTM=,KsG2NMA+02IaLlj7RrntblpdYTE=
89,-32,x2OgIEdnSMmLQEqhRMvUx+HKzTM=,TOemoL6+X28cFwESG+4aOmVZDcs=
88,-32,x2OgIEdnSMmLQEqhRMvUx+HKzTM=,TOemoL6+X28cFwESG+4aOmVZDcs=
91,-32,x2OgIEdnSMmLQEqhRMvUx+HKzTM=,TOemoL6+X28cFwESG+4aOmVZDcs=
90,-32,x2OgIEdnSMmLQEqhRMvUx+HKzTM=,TOemoL6+X28cFwESG+4aOmVZDcs=
92,-32,x2OgIEdnSMmLQEqhRMvUx+HKzTM=,TOemoL6+X28cFwESG+4aOmVZDcs=
93,-32,x2OgIEdnSMmLQEqhRMvUx+HKzTM=,TOemoL6+X28cFwESG+4aOmVZDcs=
94,-32,x2OgIEdnSMmLQEqhRMvUx+HKzTM=,TOemoL6+X28cFwESG+4aOmVZDcs=
87,-32,x2OgIEdnSMmLQEqhRMvUx+HKzTM=,KsG2NMA+02IaLlj7RrntblpdYTE=
84,-32,x2OgIEdnSMmLQEqhRMvUx+HKzTM=,KsG2NMA+02IaLlj7RrntblpdYTE=
83,-32,x2OgIEdnSMmLQEqhRMvUx+HKzTM=,KsG2NMA+02IaLlj7RrntblpdYTE=
82,-32,x2OgIEdnSMmLQEqhRMvUx+HKzTM=,KsG2NMA+02IaLlj7RrntblpdYTE=
80,-20,x2OgIEdnSMmLQEqhRMvUx+HKzTM=,2DRFo4cGWglFnp/aX/SpeL7eY8Y=
80,-30,x2OgIEdnSMmLQEqhRMvUx+HKzTM=,KsG2NMA+02IaLlj7RrntblpdYTE=
80,-31,x2OgIEdnSMmLQEqhRMvUx+HKzTM=,KsG2NMA+02IaLlj7RrntblpdYTE=
80,-24,x2OgIEdnSMmLQEqhRMvUx+HKzTM=,2DRFo4cGWglFnp/aX/SpeL7eY8Y=
80,-28,x2OgIEdnSMmLQEqhRMvUx+HKzTM=,KsG2NMA+02IaLlj7RrntblpdYTE=
80,-23,x2OgIEdnSMmLQEqhRMvUx+HKzTM=,2DRFo4cGWglFnp/aX/SpeL7eY8Y=
80,-19,x2OgIEdnSMmLQEqhRMvUx+HKzTM=,2DRFo4cGWglFnp/aX/SpeL7eY8Y=
80,-29,x2OgIEdnSMmLQEqhRMvUx+HKzTM=,KsG2NMA+02IaLlj7RrntblpdYTE=
80,-25,x2OgIEdnSMmLQEqhRMvUx+HKzTM=,KsG2NMA+02IaLlj7RrntblpdYTE=
80,-26,x2OgIEdnSMmLQEqhRMvUx+HKzTM=,KsG2NMA+02IaLlj7RrntblpdYTE=
80,-18,x2OgIEdnSMmLQEqhRMvUx+HKzTM=,2DRFo4cGWglFnp/aX/SpeL7eY8Y=
80,-21,x2OgIEdnSMmLQEqhRMvUx+HKzTM=,2DRFo4cGWglFnp/aX/SpeL7eY8Y=
80,-22,x2OgIEdnSMmLQEqhRMvUx+HKzTM=,2DRFo4cGWglFnp/aX/SpeL7eY8Y=
80,-17,x2OgIEdnSMmLQEqhRMvUx+HKzTM=,2DRFo4cGWglFnp/aX/SpeL7eY8Y=
80,-27,x2OgIEdnSMmLQEqhRMvUx+HKzTM=,KsG2NMA+02IaLlj7RrntblpdYTE=
95,-32,x2OgIEdnSMmLQEqhRMvUx+HKzTM=,TOemoL6+X28cFwESG+4aOmVZDcs=
80,-32,x2OgIEdnSMmLQEqhRMvUx+HKzTM=,KsG2NMA+02IaLlj7RrntblpdYTE=
95,-17,x2OgIEdnSMmLQEqhRMvUx+HKzTM=,tp1UOcr8kmCE9ECy0J7Mww5468E=
67,-27,oa8FVUsk2jQ0DHkM8S+748BZRU0=,g7WzkBhjAFicL5iteJjNsPkefpI=
66,-27,oa8FVUsk2jQ0DHkM8S+748BZRU0=,g7WzkBhjAFicL5iteJjNsPkefpI=
68,-27,oa8FVUsk2jQ0DHkM8S+748BZRU0=,g7WzkBhjAFicL5iteJjNsPkefpI=
70,-28,oa8FVUsk2jQ0DHkM8S+748BZRU0=,g7WzkBhjAFicL5iteJjNsPkefpI=
65,-27,oa8FVUsk2jQ0DHkM8S+748BZRU0=,g7WzkBhjAFicL5iteJjNsPkefpI=
69,-28,oa8FVUsk2jQ0DHkM8S+748BZRU0=,g7WzkBhjAFicL5iteJjNsPkefpI=
66,-28,oa8FVUsk2jQ0DHkM8S+748BZRU0=,g7WzkBhjAFicL5iteJjNsPkefpI=
65,-28,oa8FVUsk2jQ0DHkM8S+748BZRU0=,g7WzkBhjAFicL5iteJjNsPkefpI=
70,-29,oa8FVUsk2jQ0DHkM8S+748BZRU0=,g7WzkBhjAFicL5iteJjNsPkefpI=
69,-27,oa8FVUsk2jQ0DHkM8S+748BZRU0=,g7WzkBhjAFicL5iteJjNsPkefpI=
67,-28,oa8FVUsk2jQ0DHkM8S+748BZRU0=,g7WzkBhjAFicL5iteJjNsPkefpI=
69,-29,oa8FVUsk2jQ0DHkM8S+748BZRU0=,g7WzkBhjAFicL5iteJjNsPkefpI=
68,-28,oa8FVUsk2jQ0DHkM8S+748BZRU0=,g7WzkBhjAFicL5iteJjNsPkefpI=
66,-29,oa8FVUsk2jQ0DHkM8S+748BZRU0=,g7WzkBhjAFicL5iteJjNsPkefpI=
68,-29,oa8FVUsk2jQ0DHkM8S+748BZRU0=,g7WzkBhjAFicL5iteJjNsPkefpI=
69,-30,oa8FVUsk2jQ0DHkM8S+748BZRU0=,g7WzkBhjAFicL5iteJjNsPkefpI=
68,-30,oa8FVUsk2jQ0DHkM8S+748BZRU0=,g7WzkBhjAFicL5iteJjNsPkefpI=
67,-29,oa8FVUsk2jQ0DHkM8S+748BZRU0=,g7WzkBhjAFicL5iteJjNsPkefpI=
65,-29,oa8FVUsk2jQ0DHkM8S+748BZRU0=,g7WzkBhjAFicL5iteJjNsPkefpI=
66,-30,oa8FVUsk2jQ0DHkM8S+748BZRU0=,g7WzkBhjAFicL5iteJjNsPkefpI=
67,-30,oa8FVUsk2jQ0DHkM8S+748BZRU0=,g7WzkBhjAFicL5iteJjNsPkefpI=
70,-27,oa8FVUsk2jQ0DHkM8S+748BZRU0=,g7WzkBhjAFicL5iteJjNsPkefpI=
70,-30,oa8FVUsk2jQ0DHkM8S+748BZRU0=,g7WzkBhjAFicL5iteJjNsPkefpI=
67,-26,oa8FVUsk2jQ0DHkM8S+748BZRU0=,g7WzkBhjAFicL5iteJjNsPkefpI=
65,-30,oa8FVUsk2jQ0DHkM8S+748BZRU0=,g7WzkBhjAFicL5iteJjNsPkefpI=
70,-31,oa8FVUsk2jQ0DHkM8S+748BZRU0=,g7WzkBhjAFicL5iteJjNsPkefpI=
65,-26,oa8FVUsk2jQ0DHkM8S+748BZRU0=,g7WzkBhjAFicL5iteJjNsPkefpI=
69,-26,oa8FVUsk2jQ0DHkM8S+748BZRU0=,g7WzkBhjAFicL5iteJjNsPkefpI=
70,-26,oa8FVUsk2jQ0DHkM8S+748BZRU0=,g7WzkBhjAFicL5iteJjNsPkefpI=
68,-26,oa8FVUsk2jQ0DHkM8S+748BZRU0=,g7WzkBhjAFicL5iteJjNsPkefpI=
66,-26,oa8FVUsk2jQ0DHkM8S+748BZRU0=,g7WzkBhjAFicL5iteJjNsPkefpI=
69,-31,oa8FVUsk2jQ0DHkM8S+748BZRU0=,g7WzkBhjAFicL5iteJjNsPkefpI=
68,-31,oa8FVUsk2jQ0DHkM8S+748BZRU0=,g7WzkBhjAFicL5iteJjNsPkefpI=
67,-31,oa8FVUsk2jQ0DHkM8S+748BZRU0=,g7WzkBhjAFicL5iteJjNsPkefpI=
65,-31,oa8FVUsk2jQ0DHkM8S+748BZRU0=,g7WzkBhjAFicL5iteJjNsPkefpI=
66,-31,oa8FVUsk2jQ0DHkM8S+748BZRU0=,g7WzkBhjAFicL5iteJjNsPkefpI=
71,-27,oa8FVUsk2jQ0DHkM8S+748BZRU0=,g7WzkBhjAFicL5iteJjNsPkefpI=
78,-26,oa8FVUsk2jQ0DHkM8S+748BZRU0=,2y9SHBIiVStWVZwhAbfKITZ//dA=
72,-31,oa8FVUsk2jQ0DHkM8S+748BZRU0=,2y9SHBIiVStWVZwhAbfKITZ//dA=
77,-26,oa8FVUsk2jQ0DHkM8S+748BZRU0=,2y9SHBIiVStWVZwhAbfKITZ//dA=
74,-26,oa8FVUsk2jQ0DHkM8S+748BZRU0=,2y9SHBIiVStWVZwhAbfKITZ//dA=
73,-31,oa8FVUsk2jQ0DHkM8S+748BZRU0=,2y9SHBIiVStWVZwhAbfKITZ//dA=
73,-26,oa8FVUsk2jQ0DHkM8S+748BZRU0=,2y9SHBIiVStWVZwhAbfKITZ//dA=
75,-26,oa8FVUsk2jQ0DHkM8S+748BZRU0=,2y9SHBIiVStWVZwhAbfKITZ//dA=
76,-26,oa8FVUsk2jQ0DHkM8S+748BZRU0=,2y9SHBIiVStWVZwhAbfKITZ//dA=
74,-31,oa8FVUsk2jQ0DHkM8S+748BZRU0=,2y9SHBIiVStWVZwhAbfKITZ//dA=
71,-28,oa8FVUsk2jQ0DHkM8S+748BZRU0=,g7WzkBhjAFicL5iteJjNsPkefpI=
72,-26,oa8FVUsk2jQ0DHkM8S+748BZRU0=,2y9SHBIiVStWVZwhAbfKITZ//dA=
75,-31,oa8FVUsk2jQ0DHkM8S+748BZRU0=,2y9SHBIiVStWVZwhAbfKITZ//dA=
76,-31,oa8FVUsk2jQ0DHkM8S+748BZRU0=,2y9SHBIiVStWVZwhAbfKITZ//dA=
77,-31,oa8FVUsk2jQ0DHkM8S+748BZRU0=,2y9SHBIiVStWVZwhAbfKITZ//dA=
78,-31,oa8FVUsk2jQ0DHkM8S+748BZRU0=,2y9SHBIiVStWVZwhAbfKITZ//dA=
71,-31,oa8FVUsk2jQ0DHkM8S+748BZRU0=,g7WzkBhjAFicL5iteJjNsPkefpI=
77,-27,oa8FVUsk2jQ0DHkM8S+748BZRU0=,2y9SHBIiVStWVZwhAbfKITZ//dA=
72,-30,oa8FVUsk2jQ0DHkM8S+748BZRU0=,2y9SHBIiVStWVZwhAbfKITZ//dA=
78,-27,oa8FVUsk2jQ0DHkM8S+748BZRU0=,2y9SHBIiVStWVZwhAbfKITZ//dA=
75,-27,oa8FVUsk2jQ0DHkM8S+748BZRU0=,2y9SHBIiVStWVZwhAbfKITZ//dA=
76,-27,oa8FVUsk2jQ0DHkM8S+748BZRU0=,2y9SHBIiVStWVZwhAbfKITZ//dA=
71,-29,oa8FVUsk2jQ0DHkM8S+748BZRU0=,g7WzkBhjAFicL5iteJjNsPkefpI=
73,-30,oa8FVUsk2jQ0DHkM8S+748BZRU0=,2y9SHBIiVStWVZwhAbfKITZ//dA=
74,-27,oa8FVUsk2jQ0DHkM8S+748BZRU0=,2y9SHBIiVStWVZwhAbfKITZ//dA=
73,-27,oa8FVUsk2jQ0DHkM8S+748BZRU0=,2y9SHBIiVStWVZwhAbfKITZ//dA=
72,-27,oa8FVUsk2jQ0DHkM8S+748BZRU0=,2y9SHBIiVStWVZwhAbfKITZ//dA=
74,-30,oa8FVUsk2jQ0DHkM8S+748BZRU0=,2y9SHBIiVStWVZwhAbfKITZ//dA=
77,-28,oa8FVUsk2jQ0DHkM8S+748BZRU0=,2y9SHBIiVStWVZwhAbfKITZ//dA=
78,-28,oa8FVUsk2jQ0DHkM8S+748BZRU0=,2y9SHBIiVStWVZwhAbfKITZ//dA=
75,-30,oa8FVUsk2jQ0DHkM8S+748BZRU0=,2y9SHBIiVStWVZwhAbfKITZ//dA=
75,-28,oa8FVUsk2jQ0DHkM8S+748BZRU0=,2y9SHBIiVStWVZwhAbfKITZ//dA=
76,-28,oa8FVUsk2jQ0DHkM8S+748BZRU0=,2y9SHBIiVStWVZwhAbfKITZ//dA=
74,-28,oa8FVUsk2jQ0DHkM8S+748BZRU0=,2y9SHBIiVStWVZwhAbfKITZ//dA=
76,-30,oa8FVUsk2jQ0DHkM8S+748BZRU0=,2y9SHBIiVStWVZwhAbfKITZ//dA=
71,-30,oa8FVUsk2jQ0DHkM8S+748BZRU0=,g7WzkBhjAFicL5iteJjNsPkefpI=
72,-28,oa8FVUsk2jQ0DHkM8S+748BZRU0=,2y9SHBIiVStWVZwhAbfKITZ//dA=
73,-28,oa8FVUsk2jQ0DHkM8S+748BZRU0=,2y9SHBIiVStWVZwhAbfKITZ//dA=
71,-26,oa8FVUsk2jQ0DHkM8S+748BZRU0=,g7WzkBhjAFicL5iteJjNsPkefpI=
77,-29,oa8FVUsk2jQ0DHkM8S+748BZRU0=,2y9SHBIiVStWVZwhAbfKITZ//dA=
76,-29,oa8FVUsk2jQ0DHkM8S+748BZRU0=,2y9SHBIiVStWVZwhAbfKITZ//dA=
72,-29,oa8FVUsk2jQ0DHkM8S+748BZRU0=,2y9SHBIiVStWVZwhAbfKITZ//dA=
77,-30,oa8FVUsk2jQ0DHkM8S+748BZRU0=,2y9SHBIiVStWVZwhAbfKITZ//dA=
75,-29,oa8FVUsk2jQ0DHkM8S+748BZRU0=,2y9SHBIiVStWVZwhAbfKITZ//dA=
78,-29,oa8FVUsk2jQ0DHkM8S+748BZRU0=,2y9SHBIiVStWVZwhAbfKITZ//dA=
78,-30,oa8FVUsk2jQ0DHkM8S+748BZRU0=,2y9SHBIiVStWVZwhAbfKITZ//dA=
73,-29,oa8FVUsk2jQ0DHkM8S+748BZRU0=,2y9SHBIiVStWVZwhAbfKITZ//dA=
74,-29,oa8FVUsk2jQ0DHkM8S+748BZRU0=,2y9SHBIiVStWVZwhAbfKITZ//dA=
78,-19,oa8FVUsk2jQ0DHkM8S+748BZRU0=,Pb+7RR7hiiR7fOsT0uJK3n4Ll1I=
72,-18,oa8FVUsk2jQ0DHkM8S+748BZRU0=,Pb+7RR7hiiR7fOsT0uJK3n4Ll1I=
77,-18,oa8FVUsk2jQ0DHkM8S+748BZRU0=,Pb+7RR7hiiR7fOsT0uJK3n4Ll1I=
74,-25,oa8FVUsk2jQ0DHkM8S+748BZRU0=,2y9SHBIiVStWVZwhAbfKITZ//dA=
76,-25,oa8FVUsk2jQ0DHkM8S+748BZRU0=,2y9SHBIiVStWVZwhAbfKITZ//dA=
77,-19,oa8FVUsk2jQ0DHkM8S+748BZRU0=,Pb+7RR7hiiR7fOsT0uJK3n4Ll1I=
72,-24,oa8FVUsk2jQ0DHkM8S+748BZRU0=,Pb+7RR7hiiR7fOsT0uJK3n4Ll1I=
73,-25,oa8FVUsk2jQ0DHkM8S+748BZRU0=,2y9SHBIiVStWVZwhAbfKITZ//dA=
77,-25,oa8FVUsk2jQ0DHkM8S+748BZRU0=,2y9SHBIiVStWVZwhAbfKITZ//dA=
73,-22,oa8FVUsk2jQ0DHkM8S+748BZRU0=,Pb+7RR7hiiR7fOsT0uJK3n4Ll1I=
75,-23,oa8FVUsk2jQ0DHkM8S+748BZRU0=,Pb+7RR7hiiR7fOsT0uJK3n4Ll1I=
75,-25,oa8FVUsk2jQ0DHkM8S+748BZRU0=,2y9SHBIiVStWVZwhAbfKITZ//dA=
67,-21,oa8FVUsk2jQ0DHkM8S+748BZRU0=,jpw+HozniPqoGzCifx/d3ai4lNg=
76,-18,oa8FVUsk2jQ0DHkM8S+748BZRU0=,Pb+7RR7hiiR7fOsT0uJK3n4Ll1I=
78,-25,oa8FVUsk2jQ0DHkM8S+748BZRU0=,2y9SHBIiVStWVZwhAbfKITZ//dA=
75,-18,oa8FVUsk2jQ0DHkM8S+748BZRU0=,Pb+7RR7hiiR7fOsT0uJK3n4Ll1I=
74,-22,oa8FVUsk2jQ0DHkM8S+748BZRU0=,Pb+7RR7hiiR7fOsT0uJK3n4Ll1I=
75,-24,oa8FVUsk2jQ0DHkM8S+748BZRU0=,Pb+7RR7hiiR7fOsT0uJK3n4Ll1I=
76,-19,oa8FVUsk2jQ0DHkM8S+748BZRU0=,Pb+7RR7hiiR7fOsT0uJK3n4Ll1I=
78,-20,oa8FVUsk2jQ0DHkM8S+748BZRU0=,Pb+7RR7hiiR7fOsT0uJK3n4Ll1I=
74,-21,oa8FVUsk2jQ0DHkM8S+748BZRU0=,Pb+7RR7hiiR7fOsT0uJK3n4Ll1I=
75,-21,oa8FVUsk2jQ0DHkM8S+748BZRU0=,Pb+7RR7hiiR7fOsT0uJK3n4Ll1I=
74,-18,oa8FVUsk2jQ0DHkM8S+748BZRU0=,Pb+7RR7hiiR7fOsT0uJK3n4Ll1I=
78,-18,oa8FVUsk2jQ0DHkM8S+748BZRU0=,Pb+7RR7hiiR7fOsT0uJK3n4Ll1I=
74,-23,oa8FVUsk2jQ0DHkM8S+748BZRU0=,Pb+7RR7hiiR7fOsT0uJK3n4Ll1I=
78,-23,oa8FVUsk2jQ0DHkM8S+748BZRU0=,Pb+7RR7hiiR7fOsT0uJK3n4Ll1I=
76,-23,oa8FVUsk2jQ0DHkM8S+748BZRU0=,Pb+7RR7hiiR7fOsT0uJK3n4Ll1I=
68,-21,oa8FVUsk2jQ0DHkM8S+748BZRU0=,jpw+HozniPqoGzCifx/d3ai4lNg=
66,-21,oa8FVUsk2jQ0DHkM8S+748BZRU0=,jpw+HozniPqoGzCifx/d3ai4lNg=
69,-21,oa8FVUsk2jQ0DHkM8S+748BZRU0=,jpw+HozniPqoGzCifx/d3ai4lNg=
76,-21,oa8FVUsk2jQ0DHkM8S+748BZRU0=,Pb+7RR7hiiR7fOsT0uJK3n4Ll1I=
77,-20,oa8FVUsk2jQ0DHkM8S+748BZRU0=,Pb+7RR7hiiR7fOsT0uJK3n4Ll1I=
73,-23,oa8FVUsk2jQ0DHkM8S+748BZRU0=,Pb+7RR7hiiR7fOsT0uJK3n4Ll1I=
73,-18,oa8FVUsk2jQ0DHkM8S+748BZRU0=,Pb+7RR7hiiR7fOsT0uJK3n4Ll1I=
75,-19,oa8FVUsk2jQ0DHkM8S+748BZRU0=,Pb+7RR7hiiR7fOsT0uJK3n4Ll1I=
77,-21,oa8FVUsk2jQ0DHkM8S+748BZRU0=,Pb+7RR7hiiR7fOsT0uJK3n4Ll1I=
70,-21,oa8FVUsk2jQ0DHkM8S+748BZRU0=,jpw+HozniPqoGzCifx/d3ai4lNg=
77,-23,oa8FVUsk2jQ0DHkM8S+748BZRU0=,Pb+7RR7hiiR7fOsT0uJK3n4Ll1I=
74,-19,oa8FVUsk2jQ0DHkM8S+748BZRU0=,Pb+7RR7hiiR7fOsT0uJK3n4Ll1I=
75,-20,oa8FVUsk2jQ0DHkM8S+748BZRU0=,Pb+7RR7hiiR7fOsT0uJK3n4Ll1I=
78,-21,oa8FVUsk2jQ0DHkM8S+748BZRU0=,Pb+7RR7hiiR7fOsT0uJK3n4Ll1I=
71,-21,oa8FVUsk2jQ0DHkM8S+748BZRU0=,jpw+HozniPqoGzCifx/d3ai4lNg=
76,-20,oa8FVUsk2jQ0DHkM8S+748BZRU0=,Pb+7RR7hiiR7fOsT0uJK3n4Ll1I=
65,-21,oa8FVUsk2jQ0DHkM8S+748BZRU0=,jpw+HozniPqoGzCifx/d3ai4lNg=
73,-24,oa8FVUsk2jQ0DHkM8S+748BZRU0=,Pb+7RR7hiiR7fOsT0uJK3n4Ll1I=
76,-24,oa8FVUsk2jQ0DHkM8S+748BZRU0=,Pb+7RR7hiiR7fOsT0uJK3n4Ll1I=
72,-25,oa8FVUsk2jQ0DHkM8S+748BZRU0=,2y9SHBIiVStWVZwhAbfKITZ//dA=
77,-24,oa8FVUsk2jQ0DHkM8S+748BZRU0=,Pb+7RR7hiiR7fOsT0uJK3n4Ll1I=
78,-22,oa8FVUsk2jQ0DHkM8S+748BZRU0=,Pb+7RR7hiiR7fOsT0uJK3n4Ll1I=
73,-21,oa8FVUsk2jQ0DHkM8S+748BZRU0=,Pb+7RR7hiiR7fOsT0uJK3n4Ll1I=
70,-22,oa8FVUsk2jQ0DHkM8S+748BZRU0=,jpw+HozniPqoGzCifx/d3ai4lNg=
78,-24,oa8FVUsk2jQ0DHkM8S+748BZRU0=,Pb+7RR7hiiR7fOsT0uJK3n4Ll1I=
71,-22,oa8FVUsk2jQ0DHkM8S+748BZRU0=,jpw+HozniPqoGzCifx/d3ai4lNg=
74,-20,oa8FVUsk2jQ0DHkM8S+748BZRU0=,Pb+7RR7hiiR7fOsT0uJK3n4Ll1I=
71,-18,oa8FVUsk2jQ0DHkM8S+748BZRU0=,jpw+HozniPqoGzCifx/d3ai4lNg=
73,-19,oa8FVUsk2jQ0DHkM8S+748BZRU0=,Pb+7RR7hiiR7fOsT0uJK3n4Ll1I=
69,-22,oa8FVUsk2jQ0DHkM8S+748BZRU0=,jpw+HozniPqoGzCifx/d3ai4lNg=
75,-22,oa8FVUsk2jQ0DHkM8S+748BZRU0=,Pb+7RR7hiiR7fOsT0uJK3n4Ll1I=
73,-20,oa8FVUsk2jQ0DHkM8S+748BZRU0=,Pb+7RR7hiiR7fOsT0uJK3n4Ll1I=
76,-22,oa8FVUsk2jQ0DHkM8S+748BZRU0=,Pb+7RR7hiiR7fOsT0uJK3n4Ll1I=
74,-24,oa8FVUsk2jQ0DHkM8S+748BZRU0=,Pb+7RR7hiiR7fOsT0uJK3n4Ll1I=
70,-18,oa8FVUsk2jQ0DHkM8S+748BZRU0=,jpw+HozniPqoGzCifx/d3ai4lNg=
77,-22,oa8FVUsk2jQ0DHkM8S+748BZRU0=,Pb+7RR7hiiR7fOsT0uJK3n4Ll1I=
67,-22,oa8FVUsk2jQ0DHkM8S+748BZRU0=,jpw+HozniPqoGzCifx/d3ai4lNg=
69,-18,oa8FVUsk2jQ0DHkM8S+748BZRU0=,jpw+HozniPqoGzCifx/d3ai4lNg=
68,-22,oa8FVUsk2jQ0DHkM8S+748BZRU0=,jpw+HozniPqoGzCifx/d3ai4lNg=
71,-23,oa8FVUsk2jQ0DHkM8S+748BZRU0=,jpw+HozniPqoGzCifx/d3ai4lNg=
70,-23,oa8FVUsk2jQ0DHkM8S+748BZRU0=,jpw+HozniPqoGzCifx/d3ai4lNg=
65,-22,oa8FVUsk2jQ0DHkM8S+748BZRU0=,jpw+HozniPqoGzCifx/d3ai4lNg=
68,-18,oa8FVUsk2jQ0DHkM8S+748BZRU0=,jpw+HozniPqoGzCifx/d3ai4lNg=
66,-22,oa8FVUsk2jQ0DHkM8S+748BZRU0=,jpw+HozniPqoGzCifx/d3ai4lNg=
69,-23,oa8FVUsk2jQ0DHkM8S+748BZRU0=,jpw+HozniPqoGzCifx/d3ai4lNg=
72,-22,oa8FVUsk2jQ0DHkM8S+748BZRU0=,Pb+7RR7hiiR7fOsT0uJK3n4Ll1I=
67,-18,oa8FVUsk2jQ0DHkM8S+748BZRU0=,jpw+HozniPqoGzCifx/d3ai4lNg=
68,-23,oa8FVUsk2jQ0DHkM8S+748BZRU0=,jpw+HozniPqoGzCifx/d3ai4lNg=
71,-24,oa8FVUsk2jQ0DHkM8S+748BZRU0=,jpw+HozniPqoGzCifx/d3ai4lNg=
65,-23,oa8FVUsk2jQ0DHkM8S+748BZRU0=,jpw+HozniPqoGzCifx/d3ai4lNg=
67,-23,oa8FVUsk2jQ0DHkM8S+748BZRU0=,jpw+HozniPqoGzCifx/d3ai4lNg=
66,-23,oa8FVUsk2jQ0DHkM8S+748BZRU0=,jpw+HozniPqoGzCifx/d3ai4lNg=
70,-24,oa8FVUsk2jQ0DHkM8S+748BZRU0=,jpw+HozniPqoGzCifx/d3ai4lNg=
66,-18,oa8FVUsk2jQ0DHkM8S+748BZRU0=,jpw+HozniPqoGzCifx/d3ai4lNg=
69,-24,oa8FVUsk2jQ0DHkM8S+748BZRU0=,jpw+HozniPqoGzCifx/d3ai4lNg=
65,-18,oa8FVUsk2jQ0DHkM8S+748BZRU0=,jpw+HozniPqoGzCifx/d3ai4lNg=
71,-19,oa8FVUsk2jQ0DHkM8S+748BZRU0=,jpw+HozniPqoGzCifx/d3ai4lNg=
68,-24,oa8FVUsk2jQ0DHkM8S+748BZRU0=,jpw+HozniPqoGzCifx/d3ai4lNg=
70,-19,oa8FVUsk2jQ0DHkM8S+748BZRU0=,jpw+HozniPqoGzCifx/d3ai4lNg=
67,-24,oa8FVUsk2jQ0DHkM8S+748BZRU0=,jpw+HozniPqoGzCifx/d3ai4lNg=
67,-19,oa8FVUsk2jQ0DHkM8S+748BZRU0=,jpw+HozniPqoGzCifx/d3ai4lNg=
69,-19,oa8FVUsk2jQ0DHkM8S+748BZRU0=,jpw+HozniPqoGzCifx/d3ai4lNg=
66,-24,oa8FVUsk2jQ0DHkM8S+748BZRU0=,jpw+HozniPqoGzCifx/d3ai4lNg=
68,-19,oa8FVUsk2jQ0DHkM8S+748BZRU0=,jpw+HozniPqoGzCifx/d3ai4lNg=
71,-25,oa8FVUsk2jQ0DHkM8S+748BZRU0=,g7WzkBhjAFicL5iteJjNsPkefpI=
70,-25,oa8FVUsk2jQ0DHkM8S+748BZRU0=,g7WzkBhjAFicL5iteJjNsPkefpI=
66,-19,oa8FVUsk2jQ0DHkM8S+748BZRU0=,jpw+HozniPqoGzCifx/d3ai4lNg=
69,-25,oa8FVUsk2jQ0DHkM8S+748BZRU0=,g7WzkBhjAFicL5iteJjNsPkefpI=
71,-20,oa8FVUsk2jQ0DHkM8S+748BZRU0=,jpw+HozniPqoGzCifx/d3ai4lNg=
68,-25,oa8FVUsk2jQ0DHkM8S+748BZRU0=,g7WzkBhjAFicL5iteJjNsPkefpI=
65,-24,oa8FVUsk2jQ0DHkM8S+748BZRU0=,jpw+HozniPqoGzCifx/d3ai4lNg=
65,-19,oa8FVUsk2jQ0DHkM8S+748BZRU0=,jpw+HozniPqoGzCifx/d3ai4lNg=
72,-23,oa8FVUsk2jQ0DHkM8S+748BZRU0=,Pb+7RR7hiiR7fOsT0uJK3n4Ll1I=
65,-25,oa8FVUsk2jQ0DHkM8S+748BZRU0=,g7WzkBhjAFicL5iteJjNsPkefpI=
67,-25,oa8FVUsk2jQ0DHkM8S+748BZRU0=,g7WzkBhjAFicL5iteJjNsPkefpI=
69,-20,oa8FVUsk2jQ0DHkM8S+748BZRU0=,jpw+HozniPqoGzCifx/d3ai4lNg=
70,-20,oa8FVUsk2jQ0DHkM8S+748BZRU0=,jpw+HozniPqoGzCifx/d3ai4lNg=
66,-25,oa8FVUsk2jQ0DHkM8S+748BZRU0=,g7WzkBhjAFicL5iteJjNsPkefpI=
67,-20,oa8FVUsk2jQ0DHkM8S+748BZRU0=,jpw+HozniPqoGzCifx/d3ai4lNg=
72,-19,oa8FVUsk2jQ0DHkM8S+748BZRU0=,Pb+7RR7hiiR7fOsT0uJK3n4Ll1I=
72,-21,oa8FVUsk2jQ0DHkM8S+748BZRU0=,Pb+7RR7hiiR7fOsT0uJK3n4Ll1I=
68,-20,oa8FVUsk2jQ0DHkM8S+748BZRU0=,jpw+HozniPqoGzCifx/d3ai4lNg=
66,-20,oa8FVUsk2jQ0DHkM8S+748BZRU0=,jpw+HozniPqoGzCifx/d3ai4lNg=
65,-20,oa8FVUsk2jQ0DHkM8S+748BZRU0=,jpw+HozniPqoGzCifx/d3ai4lNg=
72,-20,oa8FVUsk2jQ0DHkM8S+748BZRU0=,Pb+7RR7hiiR7fOsT0uJK3n4Ll1I=
70,-17,oa8FVUsk2jQ0DHkM8S+748BZRU0=,jpw+HozniPqoGzCifx/d3ai4lNg=
69,-17,oa8FVUsk2jQ0DHkM8S+748BZRU0=,jpw+HozniPqoGzCifx/d3ai4lNg=
65,-17,oa8FVUsk2jQ0DHkM8S+748BZRU0=,jpw+HozniPqoGzCifx/d3ai4lNg=
76,-17,oa8FVUsk2jQ0DHkM8S+748BZRU0=,Pb+7RR7hiiR7fOsT0uJK3n4Ll1I=
68,-17,oa8FVUsk2jQ0DHkM8S+748BZRU0=,jpw+HozniPqoGzCifx/d3ai4lNg=
75,-17,oa8FVUsk2jQ0DHkM8S+748BZRU0=,Pb+7RR7hiiR7fOsT0uJK3n4Ll1I=
74,-17,oa8FVUsk2jQ0DHkM8S+748BZRU0=,Pb+7RR7hiiR7fOsT0uJK3n4Ll1I=
71,-17,oa8FVUsk2jQ0DHkM8S+748BZRU0=,jpw+HozniPqoGzCifx/d3ai4lNg=
67,-17,oa8FVUsk2jQ0DHkM8S+748BZRU0=,jpw+HozniPqoGzCifx/d3ai4lNg=
73,-17,oa8FVUsk2jQ0DHkM8S+748BZRU0=,Pb+7RR7hiiR7fOsT0uJK3n4Ll1I=
72,-17,oa8FVUsk2jQ0DHkM8S+748BZRU0=,Pb+7RR7hiiR7fOsT0uJK3n4Ll1I=
66,-17,oa8FVUsk2jQ0DHkM8S+748BZRU0=,jpw+HozniPqoGzCifx/d3ai4lNg=
77,-17,oa8FVUsk2jQ0DHkM8S+748BZRU0=,Pb+7RR7hiiR7fOsT0uJK3n4Ll1I=
64,-26,oa8FVUsk2jQ0DHkM8S+748BZRU0=,g7WzkBhjAFicL5iteJjNsPkefpI=
64,-27,oa8FVUsk2jQ0DHkM8S+748BZRU0=,g7WzkBhjAFicL5iteJjNsPkefpI=
64,-31,oa8FVUsk2jQ0DHkM8S+748BZRU0=,g7WzkBhjAFicL5iteJjNsPkefpI=
64,-29,oa8FVUsk2jQ0DHkM8S+748BZRU0=,g7WzkBhjAFicL5iteJjNsPkefpI=
64,-28,oa8FVUsk2jQ0DHkM8S+748BZRU0=,g7WzkBhjAFicL5iteJjNsPkefpI=
64,-30,oa8FVUsk2jQ0DHkM8S+748BZRU0=,g7WzkBhjAFicL5iteJjNsPkefpI=
64,-21,oa8FVUsk2jQ0DHkM8S+748BZRU0=,jpw+HozniPqoGzCifx/d3ai4lNg=
78,-17,oa8FVUsk2jQ0DHkM8S+748BZRU0=,Pb+7RR7hiiR7fOsT0uJK3n4Ll1I=
64,-22,oa8FVUsk2jQ0DHkM8S+748BZRU0=,jpw+HozniPqoGzCifx/d3ai4lNg=
64,-20,oa8FVUsk2jQ0DHkM8S+748BZRU0=,jpw+HozniPqoGzCifx/d3ai4lNg=
64,-18,oa8FVUsk2jQ0DHkM8S+748BZRU0=,jpw+HozniPqoGzCifx/d3ai4lNg=
64,-23,oa8FVUsk2jQ0DHkM8S+748BZRU0=,jpw+HozniPqoGzCifx/d3ai4lNg=
64,-19,oa8FVUsk2jQ0DHkM8S+748BZRU0=,jpw+HozniPqoGzCifx/d3ai4lNg=
64,-25,oa8FVUsk2jQ0DHkM8S+748BZRU0=,g7WzkBhjAFicL5iteJjNsPkefpI=
64,-24,oa8FVUsk2jQ0DHkM8S+748BZRU0=,jpw+HozniPqoGzCifx/d3ai4lNg=
77,-32,oa8FVUsk2jQ0DHkM8S+748BZRU0=,2y9SHBIiVStWVZwhAbfKITZ//dA=
73,-32,oa8FVUsk2jQ0DHkM8S+748BZRU0=,2y9SHBIiVStWVZwhAbfKITZ//dA=
78,-32,oa8FVUsk2jQ0DHkM8S+748BZRU0=,2y9SHBIiVStWVZwhAbfKITZ//dA=
75,-32,oa8FVUsk2jQ0DHkM8S+748BZRU0=,2y9SHBIiVStWVZwhAbfKITZ//dA=
74,-32,oa8FVUsk2jQ0DHkM8S+748BZRU0=,2y9SHBIiVStWVZwhAbfKITZ//dA=
76,-32,oa8FVUsk2jQ0DHkM8S+748BZRU0=,2y9SHBIiVStWVZwhAbfKITZ//dA=
72,-32,oa8FVUsk2jQ0DHkM8S+748BZRU0=,2y9SHBIiVStWVZwhAbfKITZ//dA=
79,-20,oa8FVUsk2jQ0DHkM8S+748BZRU0=,Pb+7RR7hiiR7fOsT0uJK3n4Ll1I=
79,-23,oa8FVUsk2jQ0DHkM8S+748BZRU0=,Pb+7RR7hiiR7fOsT0uJK3n4Ll1I=
79,-19,oa8FVUsk2jQ0DHkM8S+748BZRU0=,Pb+7RR7hiiR7fOsT0uJK3n4Ll1I=
79,-22,oa8FVUsk2jQ0DHkM8S+748BZRU0=,Pb+7RR7hiiR7fOsT0uJK3n4Ll1I=
65,-32,oa8FVUsk2jQ0DHkM8S+748BZRU0=,g7WzkBhjAFicL5iteJjNsPkefpI=
70,-32,oa8FVUsk2jQ0DHkM8S+748BZRU0=,g7WzkBhjAFicL5iteJjNsPkefpI=
71,-32,oa8FVUsk2jQ0DHkM8S+748BZRU0=,g7WzkBhjAFicL5iteJjNsPkefpI=
79,-25,oa8FVUsk2jQ0DHkM8S+748BZRU0=,2y9SHBIiVStWVZwhAbfKITZ//dA=
79,-21,oa8FVUsk2jQ0DHkM8S+748BZRU0=,Pb+7RR7hiiR7fOsT0uJK3n4Ll1I=
79,-18,oa8FVUsk2jQ0DHkM8S+748BZRU0=,Pb+7RR7hiiR7fOsT0uJK3n4Ll1I=
66,-32,oa8FVUsk2jQ0DHkM8S+748BZRU0=,g7WzkBhjAFicL5iteJjNsPkefpI=
68,-32,oa8FVUsk2jQ0DHkM8S+748BZRU0=,g7WzkBhjAFicL5iteJjNsPkefpI=
67,-32,oa8FVUsk2jQ0DHkM8S+748BZRU0=,g7WzkBhjAFicL5iteJjNsPkefpI=
79,-31,oa8FVUsk2jQ0DHkM8S+748BZRU0=,2y9SHBIiVStWVZwhAbfKITZ//dA=
79,-30,oa8FVUsk2jQ0DHkM8S+748BZRU0=,2y9SHBIiVStWVZwhAbfKITZ//dA=
69,-32,oa8FVUsk2jQ0DHkM8S+748BZRU0=,g7WzkBhjAFicL5iteJjNsPkefpI=
79,-26,oa8FVUsk2jQ0DHkM8S+748BZRU0=,2y9SHBIiVStWVZwhAbfKITZ//dA=
79,-28,oa8FVUsk2jQ0DHkM8S+748BZRU0=,2y9SHBIiVStWVZwhAbfKITZ//dA=
79,-24,oa8FVUsk2jQ0DHkM8S+748BZRU0=,Pb+7RR7hiiR7fOsT0uJK3n4Ll1I=
79,-29,oa8FVUsk2jQ0DHkM8S+748BZRU0=,2y9SHBIiVStWVZwhAbfKITZ//dA=
79,-27,oa8FVUsk2jQ0DHkM8S+748BZRU0=,2y9SHBIiVStWVZwhAbfKITZ//dA=
79,-17,oa8FVUsk2jQ0DHkM8S+748BZRU0=,Pb+7RR7hiiR7fOsT0uJK3n4Ll1I=
79,-32,oa8FVUsk2jQ0DHkM8S+748BZRU0=,2y9SHBIiVStWVZwhAbfKITZ//dA=
64,-32,oa8FVUsk2jQ0DHkM8S+748BZRU0=,g7WzkBhjAFicL5iteJjNsPkefpI=
64,-17,oa8FVUsk2jQ0DHkM8S+748BZRU0=,jpw+HozniPqoGzCifx/d3ai4lNg=
68,-5,25Z+HtrFR2r33hwePH6bEoDLe3U=,hCQrEdWeDeOo2JdxFoMGxjWg34A=
67,-5,25Z+HtrFR2r33hwePH6bEoDLe3U=,hCQrEdWeDeOo2JdxFoMGxjWg34A=
69,-6,25Z+HtrFR2r33hwePH6bEoDLe3U=,hCQrEdWeDeOo2JdxFoMGxjWg34A=
66,-5,25Z+HtrFR2r33hwePH6bEoDLe3U=,hCQrEdWeDeOo2JdxFoMGxjWg34A=
65,-5,25Z+HtrFR2r33hwePH6bEoDLe3U=,hCQrEdWeDeOo2JdxFoMGxjWg34A=
70,-6,25Z+HtrFR2r33hwePH6bEoDLe3U=,hCQrEdWeDeOo2JdxFoMGxjWg34A=
67,-6,25Z+HtrFR2r33hwePH6bEoDLe3U=,hCQrEdWeDeOo2JdxFoMGxjWg34A=
70,-2,25Z+HtrFR2r33hwePH6bEoDLe3U=,hCQrEdWeDeOo2JdxFoMGxjWg34A=
67,-2,25Z+HtrFR2r33hwePH6bEoDLe3U=,hCQrEdWeDeOo2JdxFoMGxjWg34A=
65,-6,25Z+HtrFR2r33hwePH6bEoDLe3U=,hCQrEdWeDeOo2JdxFoMGxjWg34A=
66,-6,25Z+HtrFR2r33hwePH6bEoDLe3U=,hCQrEdWeDeOo2JdxFoMGxjWg34A=
66,-2,25Z+HtrFR2r33hwePH6bEoDLe3U=,hCQrEdWeDeOo2JdxFoMGxjWg34A=
68,-6,25Z+HtrFR2r33hwePH6bEoDLe3U=,hCQrEdWeDeOo2JdxFoMGxjWg34A=
70,-7,25Z+HtrFR2r33hwePH6bEoDLe3U=,hCQrEdWeDeOo2JdxFoMGxjWg34A=
69,-2,25Z+HtrFR2r33hwePH6bEoDLe3U=,hCQrEdWeDeOo2JdxFoMGxjWg34A=
68,-2,25Z+HtrFR2r33hwePH6bEoDLe3U=,hCQrEdWeDeOo2JdxFoMGxjWg34A=
65,-2,25Z+HtrFR2r33hwePH6bEoDLe3U=,hCQrEdWeDeOo2JdxFoMGxjWg34A=
69,-7,25Z+HtrFR2r33hwePH6bEoDLe3U=,hCQrEdWeDeOo2JdxFoMGxjWg34A=
70,-3,25Z+HtrFR2r33hwePH6bEoDLe3U=,hCQrEdWeDeOo2JdxFoMGxjWg34A=
68,-7,25Z+HtrFR2r33hwePH6bEoDLe3U=,hCQrEdWeDeOo2JdxFoMGxjWg34A=
69,-3,25Z+HtrFR2r33hwePH6bEoDLe3U=,hCQrEdWeDeOo2JdxFoMGxjWg34A=
67,-7,25Z+HtrFR2r33hwePH6bEoDLe3U=,hCQrEdWeDeOo2JdxFoMGxjWg34A=
66,-7,25Z+HtrFR2r33hwePH6bEoDLe3U=,hCQrEdWeDeOo2JdxFoMGxjWg34A=
68,-3,25Z+HtrFR2r33hwePH6bEoDLe3U=,hCQrEdWeDeOo2JdxFoMGxjWg34A=
65,-7,25Z+HtrFR2r33hwePH6bEoDLe3U=,hCQrEdWeDeOo2JdxFoMGxjWg34A=
67,-3,25Z+HtrFR2r33hwePH6bEoDLe3U=,hCQrEdWeDeOo2JdxFoMGxjWg34A=
70,-4,25Z+HtrFR2r33hwePH6bEoDLe3U=,hCQrEdWeDeOo2JdxFoMGxjWg34A=
65,-3,25Z+HtrFR2r33hwePH6bEoDLe3U=,hCQrEdWeDeOo2JdxFoMGxjWg34A=
66,-3,25Z+HtrFR2r33hwePH6bEoDLe3U=,hCQrEdWeDeOo2JdxFoMGxjWg34A=
68,-4,25Z+HtrFR2r33hwePH6bEoDLe3U=,hCQrEdWeDeOo2JdxFoMGxjWg34A=
69,-5,25Z+HtrFR2r33hwePH6bEoDLe3U=,hCQrEdWeDeOo2JdxFoMGxjWg34A=
69,-4,25Z+HtrFR2r33hwePH6bEoDLe3U=,hCQrEdWeDeOo2JdxFoMGxjWg34A=
70,-5,25Z+HtrFR2r33hwePH6bEoDLe3U=,hCQrEdWeDeOo2JdxFoMGxjWg34A=
66,-4,25Z+HtrFR2r33hwePH6bEoDLe3U=,hCQrEdWeDeOo2JdxFoMGxjWg34A=
67,-4,25Z+HtrFR2r33hwePH6bEoDLe3U=,hCQrEdWeDeOo2JdxFoMGxjWg34A=
65,-4,25Z+HtrFR2r33hwePH6bEoDLe3U=,hCQrEdWeDeOo2JdxFoMGxjWg34A=
77,-2,25Z+HtrFR2r33hwePH6bEoDLe3U=,DNNP6lX7ve7vTc0oTdW3uOijYto=
76,-2,25Z+HtrFR2r33hwePH6bEoDLe3U=,DNNP6lX7ve7vTc0oTdW3uOijYto=
75,-2,25Z+HtrFR2r33hwePH6bEoDLe3U=,DNNP6lX7ve7vTc0oTdW3uOijYto=
77,-3,25Z+HtrFR2r33hwePH6bEoDLe3U=,DNNP6lX7ve7vTc0oTdW3uOijYto=
74,-5,25Z+HtrFR2r33hwePH6bEoDLe3U=,DNNP6lX7ve7vTc0oTdW3uOijYto=
78,-3,25Z+HtrFR2r33hwePH6bEoDLe3U=,DNNP6lX7ve7vTc0oTdW3uOijYto=
72,-2,25Z+HtrFR2r33hwePH6bEoDLe3U=,DNNP6lX7ve7vTc0oTdW3uOijYto=
75,-5,25Z+HtrFR2r33hwePH6bEoDLe3U=,DNNP6lX7ve7vTc0oTdW3uOijYto=
71,-6,25Z+HtrFR2r33hwePH6bEoDLe3U=,hCQrEdWeDeOo2JdxFoMGxjWg34A=
78,-2,25Z+HtrFR2r33hwePH6bEoDLe3U=,DNNP6lX7ve7vTc0oTdW3uOijYto=
74,-2,25Z+HtrFR2r33hwePH6bEoDLe3U=,DNNP6lX7ve7vTc0oTdW3uOijYto=
73,-5,25Z+HtrFR2r33hwePH6bEoDLe3U=,DNNP6lX7ve7vTc0oTdW3uOijYto=
73,-2,25Z+HtrFR2r33hwePH6bEoDLe3U=,DNNP6lX7ve7vTc0oTdW3uOijYto=
72,-5,25Z+HtrFR2r33hwePH6bEoDLe3U=,DNNP6lX7ve7vTc0oTdW3uOijYto=
74,-6,25Z+HtrFR2r33hwePH6bEoDLe3U=,DNNP6lX7ve7vTc0oTdW3uOijYto=
76,-3,25Z+HtrFR2r33hwePH6bEoDLe3U=,DNNP6lX7ve7vTc0oTdW3uOijYto=
71,-7,25Z+HtrFR2r33hwePH6bEoDLe3U=,hCQrEdWeDeOo2JdxFoMGxjWg34A=
71,-2,25Z+HtrFR2r33hwePH6bEoDLe3U=,hCQrEdWeDeOo2JdxFoMGxjWg34A=
78,-4,25Z+HtrFR2r33hwePH6bEoDLe3U=,DNNP6lX7ve7vTc0oTdW3uOijYto=
76,-7,25Z+HtrFR2r33hwePH6bEoDLe3U=,DNNP6lX7ve7vTc0oTdW3uOijYto=
75,-3,25Z+HtrFR2r33hwePH6bEoDLe3U=,DNNP6lX7ve7vTc0oTdW3uOijYto=
77,-5,25Z+HtrFR2r33hwePH6bEoDLe3U=,DNNP6lX7ve7vTc0oTdW3uOijYto=
74,-3,25Z+HtrFR2r33hwePH6bEoDLe3U=,DNNP6lX7ve7vTc0oTdW3uOijYto=
77,-4,25Z+HtrFR2r33hwePH6bEoDLe3U=,DNNP6lX7ve7vTc0oTdW3uOijYto=
71,-3,25Z+HtrFR2r33hwePH6bEoDLe3U=,hCQrEdWeDeOo2JdxFoMGxjWg34A=
78,-5,25Z+HtrFR2r33hwePH6bEoDLe3U=,DNNP6lX7ve7vTc0oTdW3uOijYto=
77,-7,25Z+HtrFR2r33hwePH6bEoDLe3U=,DNNP6lX7ve7vTc0oTdW3uOijYto=
78,-7,25Z+HtrFR2r33hwePH6bEoDLe3U=,DNNP6lX7ve7vTc0oTdW3uOijYto=
72,-6,25Z+HtrFR2r33hwePH6bEoDLe3U=,DNNP6lX7ve7vTc0oTdW3uOijYto=
72,-7,25Z+HtrFR2r33hwePH6bEoDLe3U=,DNNP6lX7ve7vTc0oTdW3uOijYto=
73,-3,25Z+HtrFR2r33hwePH6bEoDLe3U=,DNNP6lX7ve7vTc0oTdW3uOijYto=
71,-4,25Z+HtrFR2r33hwePH6bEoDLe3U=,hCQrEdWeDeOo2JdxFoMGxjWg34A=
76,-4,25Z+HtrFR2r33hwePH6bEoDLe3U=,DNNP6lX7ve7vTc0oTdW3uOijYto=
72,-4,25Z+HtrFR2r33hwePH6bEoDLe3U=,DNNP6lX7ve7vTc0oTdW3uOijYto=
72,-3,25Z+HtrFR2r33hwePH6bEoDLe3U=,DNNP6lX7ve7vTc0oTdW3uOijYto=
73,-6,25Z+HtrFR2r33hwePH6bEoDLe3U=,DNNP6lX7ve7vTc0oTdW3uOijYto=
73,-7,25Z+HtrFR2r33hwePH6bEoDLe3U=,DNNP6lX7ve7vTc0oTdW3uOijYto=
77,-6,25Z+HtrFR2r33hwePH6bEoDLe3U=,DNNP6lX7ve7vTc0oTdW3uOijYto=
75,-4,25Z+HtrFR2r33hwePH6bEoDLe3U=,DNNP6lX7ve7vTc0oTdW3uOijYto=
76,-5,25Z+HtrFR2r33hwePH6bEoDLe3U=,DNNP6lX7ve7vTc0oTdW3uOijYto=
74,-4,25Z+HtrFR2r33hwePH6bEoDLe3U=,DNNP6lX7ve7vTc0oTdW3uOijYto=
76,-6,25Z+HtrFR2r33hwePH6bEoDLe3U=,DNNP6lX7ve7vTc0oTdW3uOijYto=
74,-7,25Z+HtrFR2r33hwePH6bEoDLe3U=,DNNP6lX7ve7vTc0oTdW3uOijYto=
73,-4,25Z+HtrFR2r33hwePH6bEoDLe3U=,DNNP6lX7ve7vTc0oTdW3uOijYto=
75,-6,25Z+HtrFR2r33hwePH6bEoDLe3U=,DNNP6lX7ve7vTc0oTdW3uOijYto=
71,-5,25Z+HtrFR2r33hwePH6bEoDLe3U=,hCQrEdWeDeOo2JdxFoMGxjWg34A=
75,-7,25Z+HtrFR2r33hwePH6bEoDLe3U=,DNNP6lX7ve7vTc0oTdW3uOijYto=
78,-6,25Z+HtrFR2r33hwePH6bEoDLe3U=,DNNP6lX7ve7vTc0oTdW3uOijYto=
68,-11,25Z+HtrFR2r33hwePH6bEoDLe3U=,I0C8dzsJpLTLDfileBRoE6uvQPs=
70,-12,25Z+HtrFR2r33hwePH6bEoDLe3U=,I0C8dzsJpLTLDfileBRoE6uvQPs=
65,-11,25Z+HtrFR2r33hwePH6bEoDLe3U=,I0C8dzsJpLTLDfileBRoE6uvQPs=
69,-12,25Z+HtrFR2r33hwePH6bEoDLe3U=,I0C8dzsJpLTLDfileBRoE6uvQPs=
67,-11,25Z+HtrFR2r33hwePH6bEoDLe3U=,I0C8dzsJpLTLDfileBRoE6uvQPs=
66,-11,25Z+HtrFR2r33hwePH6bEoDLe3U=,I0C8dzsJpLTLDfileBRoE6uvQPs=
68,-12,25Z+HtrFR2r33hwePH6bEoDLe3U=,I0C8dzsJpLTLDfileBRoE6uvQPs=
69,-11,25Z+HtrFR2r33hwePH6bEoDLe3U=,I0C8dzsJpLTLDfileBRoE6uvQPs=
70,-13,25Z+HtrFR2r33hwePH6bEoDLe3U=,I0C8dzsJpLTLDfileBRoE6uvQPs=
67,-12,25Z+HtrFR2r33hwePH6bEoDLe3U=,I0C8dzsJpLTLDfileBRoE6uvQPs=
69,-13,25Z+HtrFR2r33hwePH6bEoDLe3U=,I0C8dzsJpLTLDfileBRoE6uvQPs=
70,-11,25Z+HtrFR2r33hwePH6bEoDLe3U=,I0C8dzsJpLTLDfileBRoE6uvQPs=
66,-12,25Z+HtrFR2r33hwePH6bEoDLe3U=,I0C8dzsJpLTLDfileBRoE6uvQPs=
65,-12,25Z+HtrFR2r33hwePH6bEoDLe3U=,I0C8dzsJpLTLDfileBRoE6uvQPs=
76,-9,25Z+HtrFR2r33hwePH6bEoDLe3U=,oHWNzacMn1GuuwBc4NlCE1ElA6s=
67,-13,25Z+HtrFR2r33hwePH6bEoDLe3U=,I0C8dzsJpLTLDfileBRoE6uvQPs=
65,-10,25Z+HtrFR2r33hwePH6bEoDLe3U=,I0C8dzsJpLTLDfileBRoE6uvQPs=
65,-13,25Z+HtrFR2r33hwePH6bEoDLe3U=,I0C8dzsJpLTLDfileBRoE6uvQPs=
66,-13,25Z+HtrFR2r33hwePH6bEoDLe3U=,I0C8dzsJpLTLDfileBRoE6uvQPs=
71,-11,25Z+HtrFR2r33hwePH6bEoDLe3U=,I0C8dzsJpLTLDfileBRoE6uvQPs=
69,-14,25Z+HtrFR2r33hwePH6bEoDLe3U=,I0C8dzsJpLTLDfileBRoE6uvQPs=
70,-14,25Z+HtrFR2r33hwePH6bEoDLe3U=,I0C8dzsJpLTLDfileBRoE6uvQPs=
66,-10,25Z+HtrFR2r33hwePH6bEoDLe3U=,I0C8dzsJpLTLDfileBRoE6uvQPs=
75,-9,25Z+HtrFR2r33hwePH6bEoDLe3U=,oHWNzacMn1GuuwBc4NlCE1ElA6s=
77,-9,25Z+HtrFR2r33hwePH6bEoDLe3U=,oHWNzacMn1GuuwBc4NlCE1ElA6s=
67,-14,25Z+HtrFR2r33hwePH6bEoDLe3U=,I0C8dzsJpLTLDfileBRoE6uvQPs=
73,-9,25Z+HtrFR2r33hwePH6bEoDLe3U=,oHWNzacMn1GuuwBc4NlCE1ElA6s=
72,-9,25Z+HtrFR2r33hwePH6bEoDLe3U=,oHWNzacMn1GuuwBc4NlCE1ElA6s=
68,-14,25Z+HtrFR2r33hwePH6bEoDLe3U=,I0C8dzsJpLTLDfileBRoE6uvQPs=
74,-9,25Z+HtrFR2r33hwePH6bEoDLe3U=,oHWNzacMn1GuuwBc4NlCE1ElA6s=
76,-10,25Z+HtrFR2r33hwePH6bEoDLe3U=,oHWNzacMn1GuuwBc4NlCE1ElA6s=
67,-10,25Z+HtrFR2r33hwePH6bEoDLe3U=,I0C8dzsJpLTLDfileBRoE6uvQPs=
77,-10,25Z+HtrFR2r33hwePH6bEoDLe3U=,oHWNzacMn1GuuwBc4NlCE1ElA6s=
68,-13,25Z+HtrFR2r33hwePH6bEoDLe3U=,I0C8dzsJpLTLDfileBRoE6uvQPs=
75,-10,25Z+HtrFR2r33hwePH6bEoDLe3U=,oHWNzacMn1GuuwBc4NlCE1ElA6s=
78,-9,25Z+HtrFR2r33hwePH6bEoDLe3U=,oHWNzacMn1GuuwBc4NlCE1ElA6s=
72,-8,25Z+HtrFR2r33hwePH6bEoDLe3U=,DNNP6lX7ve7vTc0oTdW3uOijYto=
69,-8,25Z+HtrFR2r33hwePH6bEoDLe3U=,hCQrEdWeDeOo2JdxFoMGxjWg34A=
78,-10,25Z+HtrFR2r33hwePH6bEoDLe3U=,oHWNzacMn1GuuwBc4NlCE1ElA6s=
68,-8,25Z+HtrFR2r33hwePH6bEoDLe3U=,hCQrEdWeDeOo2JdxFoMGxjWg34A=
68,-10,25Z+HtrFR2r33hwePH6bEoDLe3U=,I0C8dzsJpLTLDfileBRoE6uvQPs=
74,-8,25Z+HtrFR2r33hwePH6bEoDLe3U=,DNNP6lX7ve7vTc0oTdW3uOijYto=
76,-8,25Z+HtrFR2r33hwePH6bEoDLe3U=,DNNP6lX7ve7vTc0oTdW3uOijYto=
67,-8,25Z+HtrFR2r33hwePH6bEoDLe3U=,hCQrEdWeDeOo2JdxFoMGxjWg34A=
73,-8,25Z+HtrFR2r33hwePH6bEoDLe3U=,DNNP6lX7ve7vTc0oTdW3uOijYto=
73,-10,25Z+HtrFR2r33hwePH6bEoDLe3U=,oHWNzacMn1GuuwBc4NlCE1ElA6s=
72,-10,25Z+HtrFR2r33hwePH6bEoDLe3U=,oHWNzacMn1GuuwBc4NlCE1ElA6s=
66,-14,25Z+HtrFR2r33hwePH6bEoDLe3U=,I0C8dzsJpLTLDfileBRoE6uvQPs=
74,-10,25Z+HtrFR2r33hwePH6bEoDLe3U=,oHWNzacMn1GuuwBc4NlCE1ElA6s=
66,-8,25Z+HtrFR2r33hwePH6bEoDLe3U=,hCQrEdWeDeOo2JdxFoMGxjWg34A=
70,-15,25Z+HtrFR2r33hwePH6bEoDLe3U=,I0C8dzsJpLTLDfileBRoE6uvQPs=
69,-10,25Z+HtrFR2r33hwePH6bEoDLe3U=,I0C8dzsJpLTLDfileBRoE6uvQPs=
69,-15,25Z+HtrFR2r33hwePH6bEoDLe3U=,I0C8dzsJpLTLDfileBRoE6uvQPs=
77,-8,25Z+HtrFR2r33hwePH6bEoDLe3U=,DNNP6lX7ve7vTc0oTdW3uOijYto=
78,-11,25Z+HtrFR2r33hwePH6bEoDLe3U=,oHWNzacMn1GuuwBc4NlCE1ElA6s=
65,-8,25Z+HtrFR2r33hwePH6bEoDLe3U=,hCQrEdWeDeOo2JdxFoMGxjWg34A=
65,-14,25Z+HtrFR2r33hwePH6bEoDLe3U=,I0C8dzsJpLTLDfileBRoE6uvQPs=
77,-11,25Z+HtrFR2r33hwePH6bEoDLe3U=,oHWNzacMn1GuuwBc4NlCE1ElA6s=
76,-11,25Z+HtrFR2r33hwePH6bEoDLe3U=,oHWNzacMn1GuuwBc4NlCE1ElA6s=
68,-15,25Z+HtrFR2r33hwePH6bEoDLe3U=,I0C8dzsJpLTLDfileBRoE6uvQPs=
71,-12,25Z+HtrFR2r33hwePH6bEoDLe3U=,I0C8dzsJpLTLDfileBRoE6uvQPs=
67,-15,25Z+HtrFR2r33hwePH6bEoDLe3U=,I0C8dzsJpLTLDfileBRoE6uvQPs=
70,-8,25Z+HtrFR2r33hwePH6bEoDLe3U=,hCQrEdWeDeOo2JdxFoMGxjWg34A=
75,-11,25Z+HtrFR2r33hwePH6bEoDLe3U=,oHWNzacMn1GuuwBc4NlCE1ElA6s=
70,-10,25Z+HtrFR2r33hwePH6bEoDLe3U=,I0C8dzsJpLTLDfileBRoE6uvQPs=
78,-8,25Z+HtrFR2r33hwePH6bEoDLe3U=,DNNP6lX7ve7vTc0oTdW3uOijYto=
71,-10,25Z+HtrFR2r33hwePH6bEoDLe3U=,I0C8dzsJpLTLDfileBRoE6uvQPs=
74,-11,25Z+HtrFR2r33hwePH6bEoDLe3U=,oHWNzacMn1GuuwBc4NlCE1ElA6s=
65,-9,25Z+HtrFR2r33hwePH6bEoDLe3U=,I0C8dzsJpLTLDfileBRoE6uvQPs=
66,-15,25Z+HtrFR2r33hwePH6bEoDLe3U=,I0C8dzsJpLTLDfileBRoE6uvQPs=
66,-9,25Z+HtrFR2r33hwePH6bEoDLe3U=,I0C8dzsJpLTLDfileBRoE6uvQPs=
75,-8,25Z+HtrFR2r33hwePH6bEoDLe3U=,DNNP6lX7ve7vTc0oTdW3uOijYto=
72,-15,25Z+HtrFR2r33hwePH6bEoDLe3U=,oHWNzacMn1GuuwBc4NlCE1ElA6s=
73,-15,25Z+HtrFR2r33hwePH6bEoDLe3U=,oHWNzacMn1GuuwBc4NlCE1ElA6s=
73,-11,25Z+HtrFR2r33hwePH6bEoDLe3U=,oHWNzacMn1GuuwBc4NlCE1ElA6s=
72,-11,25Z+HtrFR2r33hwePH6bEoDLe3U=,oHWNzacMn1GuuwBc4NlCE1ElA6s=
68,-9,25Z+HtrFR2r33hwePH6bEoDLe3U=,I0C8dzsJpLTLDfileBRoE6uvQPs=
74,-15,25Z+HtrFR2r33hwePH6bEoDLe3U=,oHWNzacMn1GuuwBc4NlCE1ElA6s=
67,-9,25Z+HtrFR2r33hwePH6bEoDLe3U=,I0C8dzsJpLTLDfileBRoE6uvQPs=
76,-12,25Z+HtrFR2r33hwePH6bEoDLe3U=,oHWNzacMn1GuuwBc4NlCE1ElA6s=
71,-13,25Z+HtrFR2r33hwePH6bEoDLe3U=,I0C8dzsJpLTLDfileBRoE6uvQPs=
75,-12,25Z+HtrFR2r33hwePH6bEoDLe3U=,oHWNzacMn1GuuwBc4NlCE1ElA6s=
75,-15,25Z+HtrFR2r33hwePH6bEoDLe3U=,oHWNzacMn1GuuwBc4NlCE1ElA6s=
76,-15,25Z+HtrFR2r33hwePH6bEoDLe3U=,oHWNzacMn1GuuwBc4NlCE1ElA6s=
74,-12,25Z+HtrFR2r33hwePH6bEoDLe3U=,oHWNzacMn1GuuwBc4NlCE1ElA6s=
69,-9,25Z+HtrFR2r33hwePH6bEoDLe3U=,I0C8dzsJpLTLDfileBRoE6uvQPs=
72,-12,25Z+HtrFR2r33hwePH6bEoDLe3U=,oHWNzacMn1GuuwBc4NlCE1ElA6s=
77,-12,25Z+HtrFR2r33hwePH6bEoDLe3U=,oHWNzacMn1GuuwBc4NlCE1ElA6s=
73,-12,25Z+HtrFR2r33hwePH6bEoDLe3U=,oHWNzacMn1GuuwBc4NlCE1ElA6s=
78,-12,25Z+HtrFR2r33hwePH6bEoDLe3U=,oHWNzacMn1GuuwBc4NlCE1ElA6s=
77,-15,25Z+HtrFR2r33hwePH6bEoDLe3U=,oHWNzacMn1GuuwBc4NlCE1ElA6s=
65,-15,25Z+HtrFR2r33hwePH6bEoDLe3U=,I0C8dzsJpLTLDfileBRoE6uvQPs=
71,-14,25Z+HtrFR2r33hwePH6bEoDLe3U=,I0C8dzsJpLTLDfileBRoE6uvQPs=
75,-13,25Z+HtrFR2r33hwePH6bEoDLe3U=,oHWNzacMn1GuuwBc4NlCE1ElA6s=
76,-13,25Z+HtrFR2r33hwePH6bEoDLe3U=,oHWNzacMn1GuuwBc4NlCE1ElA6s=
74,-13,25Z+HtrFR2r33hwePH6bEoDLe3U=,oHWNzacMn1GuuwBc4NlCE1ElA6s=
71,-8,25Z+HtrFR2r33hwePH6bEoDLe3U=,hCQrEdWeDeOo2JdxFoMGxjWg34A=
73,-13,25Z+HtrFR2r33hwePH6bEoDLe3U=,oHWNzacMn1GuuwBc4NlCE1ElA6s=
77,-13,25Z+HtrFR2r33hwePH6bEoDLe3U=,oHWNzacMn1GuuwBc4NlCE1ElA6s=
72,-13,25Z+HtrFR2r33hwePH6bEoDLe3U=,oHWNzacMn1GuuwBc4NlCE1ElA6s=
71,-15,25Z+HtrFR2r33hwePH6bEoDLe3U=,I0C8dzsJpLTLDfileBRoE6uvQPs=
76,-14,25Z+HtrFR2r33hwePH6bEoDLe3U=,oHWNzacMn1GuuwBc4NlCE1ElA6s=
75,-14,25Z+HtrFR2r33hwePH6bEoDLe3U=,oHWNzacMn1GuuwBc4NlCE1ElA6s=
78,-13,25Z+HtrFR2r33hwePH6bEoDLe3U=,oHWNzacMn1GuuwBc4NlCE1ElA6s=
72,-14,25Z+HtrFR2r33hwePH6bEoDLe3U=,oHWNzacMn1GuuwBc4NlCE1ElA6s=
74,-14,25Z+HtrFR2r33hwePH6bEoDLe3U=,oHWNzacMn1GuuwBc4NlCE1ElA6s=
78,-15,25Z+HtrFR2r33hwePH6bEoDLe3U=,oHWNzacMn1GuuwBc4NlCE1ElA6s=
77,-14,25Z+HtrFR2r33hwePH6bEoDLe3U=,oHWNzacMn1GuuwBc4NlCE1ElA6s=
78,-14,25Z+HtrFR2r33hwePH6bEoDLe3U=,oHWNzacMn1GuuwBc4NlCE1ElA6s=
73,-14,25Z+HtrFR2r33hwePH6bEoDLe3U=,oHWNzacMn1GuuwBc4NlCE1ElA6s=
70,-9,25Z+HtrFR2r33hwePH6bEoDLe3U=,I0C8dzsJpLTLDfileBRoE6uvQPs=
71,-9,25Z+HtrFR2r33hwePH6bEoDLe3U=,I0C8dzsJpLTLDfileBRoE6uvQPs=
70,-1,25Z+HtrFR2r33hwePH6bEoDLe3U=,hCQrEdWeDeOo2JdxFoMGxjWg34A=
68,-1,25Z+HtrFR2r33hwePH6bEoDLe3U=,hCQrEdWeDeOo2JdxFoMGxjWg34A=
65,-1,25Z+HtrFR2r33hwePH6bEoDLe3U=,hCQrEdWeDeOo2JdxFoMGxjWg34A=
69,-1,25Z+HtrFR2r33hwePH6bEoDLe3U=,hCQrEdWeDeOo2JdxFoMGxjWg34A=
67,-1,25Z+HtrFR2r33hwePH6bEoDLe3U=,hCQrEdWeDeOo2JdxFoMGxjWg34A=
66,-1,25Z+HtrFR2r33hwePH6bEoDLe3U=,hCQrEdWeDeOo2JdxFoMGxjWg34A=
77,-1,25Z+HtrFR2r33hwePH6bEoDLe3U=,DNNP6lX7ve7vTc0oTdW3uOijYto=
78,-1,25Z+HtrFR2r33hwePH6bEoDLe3U=,DNNP6lX7ve7vTc0oTdW3uOijYto=
76,-1,25Z+HtrFR2r33hwePH6bEoDLe3U=,DNNP6lX7ve7vTc0oTdW3uOijYto=
72,-1,25Z+HtrFR2r33hwePH6bEoDLe3U=,DNNP6lX7ve7vTc0oTdW3uOijYto=
75,-1,25Z+HtrFR2r33hwePH6bEoDLe3U=,DNNP6lX7ve7vTc0oTdW3uOijYto=
73,-1,25Z+HtrFR2r33hwePH6bEoDLe3U=,DNNP6lX7ve7vTc0oTdW3uOijYto=
71,-1,25Z+HtrFR2r33hwePH6bEoDLe3U=,hCQrEdWeDeOo2JdxFoMGxjWg34A=
74,-1,25Z+HtrFR2r33hwePH6bEoDLe3U=,DNNP6lX7ve7vTc0oTdW3uOijYto=
64,-4,25Z+HtrFR2r33hwePH6bEoDLe3U=,hCQrEdWeDeOo2JdxFoMGxjWg34A=
64,-2,25Z+HtrFR2r33hwePH6bEoDLe3U=,hCQrEdWeDeOo2JdxFoMGxjWg34A=
64,-5,25Z+HtrFR2r33hwePH6bEoDLe3U=,hCQrEdWeDeOo2JdxFoMGxjWg34A=
64,-6,25Z+HtrFR2r33hwePH6bEoDLe3U=,hCQrEdWeDeOo2JdxFoMGxjWg34A=
64,-3,25Z+HtrFR2r33hwePH6bEoDLe3U=,hCQrEdWeDeOo2JdxFoMGxjWg34A=
64,-10,25Z+HtrFR2r33hwePH6bEoDLe3U=,I0C8dzsJpLTLDfileBRoE6uvQPs=
64,-7,25Z+HtrFR2r33hwePH6bEoDLe3U=,hCQrEdWeDeOo2JdxFoMGxjWg34A=
64,-11,25Z+HtrFR2r33hwePH6bEoDLe3U=,I0C8dzsJpLTLDfileBRoE6uvQPs=
64,-13,25Z+HtrFR2r33hwePH6bEoDLe3U=,I0C8dzsJpLTLDfileBRoE6uvQPs=
64,-9,25Z+HtrFR2r33hwePH6bEoDLe3U=,I0C8dzsJpLTLDfileBRoE6uvQPs=
64,-14,25Z+HtrFR2r33hwePH6bEoDLe3U=,I0C8dzsJpLTLDfileBRoE6uvQPs=
64,-12,25Z+HtrFR2r33hwePH6bEoDLe3U=,I0C8dzsJpLTLDfileBRoE6uvQPs=
64,-15,25Z+HtrFR2r33hwePH6bEoDLe3U=,I0C8dzsJpLTLDfileBRoE6uvQPs=
64,-8,25Z+HtrFR2r33hwePH6bEoDLe3U=,hCQrEdWeDeOo2JdxFoMGxjWg34A=
72,-16,25Z+HtrFR2r33hwePH6bEoDLe3U=,oHWNzacMn1GuuwBc4NlCE1ElA6s=
79,-3,25Z+HtrFR2r33hwePH6bEoDLe3U=,DNNP6lX7ve7vTc0oTdW3uOijYto=
79,-11,25Z+HtrFR2r33hwePH6bEoDLe3U=,oHWNzacMn1GuuwBc4NlCE1ElA6s=
79,-7,25Z+HtrFR2r33hwePH6bEoDLe3U=,DNNP6lX7ve7vTc0oTdW3uOijYto=
79,-10,25Z+HtrFR2r33hwePH6bEoDLe3U=,oHWNzacMn1GuuwBc4NlCE1ElA6s=
65,-16,25Z+HtrFR2r33hwePH6bEoDLe3U=,I0C8dzsJpLTLDfileBRoE6uvQPs=
79,-13,25Z+HtrFR2r33hwePH6bEoDLe3U=,oHWNzacMn1GuuwBc4NlCE1ElA6s=
79,-15,25Z+HtrFR2r33hwePH6bEoDLe3U=,oHWNzacMn1GuuwBc4NlCE1ElA6s=
70,-16,25Z+HtrFR2r33hwePH6bEoDLe3U=,I0C8dzsJpLTLDfileBRoE6uvQPs=
69,-16,25Z+HtrFR2r33hwePH6bEoDLe3U=,I0C8dzsJpLTLDfileBRoE6uvQPs=
66,-16,25Z+HtrFR2r33hwePH6bEoDLe3U=,I0C8dzsJpLTLDfileBRoE6uvQPs=
79,-8,25Z+HtrFR2r33hwePH6bEoDLe3U=,DNNP6lX7ve7vTc0oTdW3uOijYto=
79,-2,25Z+HtrFR2r33hwePH6bEoDLe3U=,DNNP6lX7ve7vTc0oTdW3uOijYto=
79,-14,25Z+HtrFR2r33hwePH6bEoDLe3U=,oHWNzacMn1GuuwBc4NlCE1ElA6s=
79,-5,25Z+HtrFR2r33hwePH6bEoDLe3U=,DNNP6lX7ve7vTc0oTdW3uOijYto=
71,-16,25Z+HtrFR2r33hwePH6bEoDLe3U=,I0C8dzsJpLTLDfileBRoE6uvQPs=
68,-16,25Z+HtrFR2r33hwePH6bEoDLe3U=,I0C8dzsJpLTLDfileBRoE6uvQPs=
67,-16,25Z+HtrFR2r33hwePH6bEoDLe3U=,I0C8dzsJpLTLDfileBRoE6uvQPs=
76,-16,25Z+HtrFR2r33hwePH6bEoDLe3U=,oHWNzacMn1GuuwBc4NlCE1ElA6s=
75,-16,25Z+HtrFR2r33hwePH6bEoDLe3U=,oHWNzacMn1GuuwBc4NlCE1ElA6s=
74,-16,25Z+HtrFR2r33hwePH6bEoDLe3U=,oHWNzacMn1GuuwBc4NlCE1ElA6s=
79,-9,25Z+HtrFR2r33hwePH6bEoDLe3U=,oHWNzacMn1GuuwBc4NlCE1ElA6s=
73,-16,25Z+HtrFR2r33hwePH6bEoDLe3U=,oHWNzacMn1GuuwBc4NlCE1ElA6s=
79,-4,25Z+HtrFR2r33hwePH6bEoDLe3U=,DNNP6lX7ve7vTc0oTdW3uOijYto=
79,-12,25Z+HtrFR2r33hwePH6bEoDLe3U=,oHWNzacMn1GuuwBc4NlCE1ElA6s=
78,-16,25Z+HtrFR2r33hwePH6bEoDLe3U=,oHWNzacMn1GuuwBc4NlCE1ElA6s=
79,-6,25Z+HtrFR2r33hwePH6bEoDLe3U=,DNNP6lX7ve7vTc0oTdW3uOijYto=
77,-16,25Z+HtrFR2r33hwePH6bEoDLe3U=,oHWNzacMn1GuuwBc4NlCE1ElA6s=
79,-16,25Z+HtrFR2r33hwePH6bEoDLe3U=,oHWNzacMn1GuuwBc4NlCE1ElA6s=
79,-1,25Z+HtrFR2r33hwePH6bEoDLe3U=,DNNP6lX7ve7vTc0oTdW3uOijYto=
64,-16,25Z+HtrFR2r33hwePH6bEoDLe3U=,I0C8dzsJpLTLDfileBRoE6uvQPs=
64,-1,25Z+HtrFR2r33hwePH6bEoDLe3U=,hCQrEdWeDeOo2JdxFoMGxjWg34A=
