12,11,7fTajPathX1EazvrPIrIGJnZN7Q=,RvD5B86rRHvXLxVs4cnWAQfgDuY=
11,13,7fTajPathX1EazvrPIrIGJnZN7Q=,RvD5B86rRHvXLxVs4cnWAQfgDuY=
10,13,7fTajPathX1EazvrPIrIGJnZN7Q=,RvD5B86rRHvXLxVs4cnWAQfgDuY=
11,9,7fTajPathX1EazvrPIrIGJnZN7Q=,RvD5B86rRHvXLxVs4cnWAQfgDuY=
11,12,7fTajPathX1EazvrPIrIGJnZN7Q=,RvD5B86rRHvXLxVs4cnWAQfgDuY=
11,11,7fTajPathX1EazvrPIrIGJnZN7Q=,RvD5B86rRHvXLxVs4cnWAQfgDuY=
10,11,7fTajPathX1EazvrPIrIGJnZN7Q=,RvD5B86rRHvXLxVs4cnWAQfgDuY=
10,12,7fTajPathX1EazvrPIrIGJnZN7Q=,RvD5B86rRHvXLxVs4cnWAQfgDuY=
14,13,7fTajPathX1EazvrPIrIGJnZN7Q=,RvD5B86rRHvXLxVs4cnWAQfgDuY=
10,9,7fTajPathX1EazvrPIrIGJnZN7Q=,RvD5B86rRHvXLxVs4cnWAQfgDuY=
14,10,7fTajPathX1EazvrPIrIGJnZN7Q=,RvD5B86rRHvXLxVs4cnWAQfgDuY=
14,14,7fTajPathX1EazvrPIrIGJnZN7Q=,RvD5B86rRHvXLxVs4cnWAQfgDuY=
13,10,7fTajPathX1EazvrPIrIGJnZN7Q=,RvD5B86rRHvXLxVs4cnWAQfgDuY=
9,11,7fTajPathX1EazvrPIrIGJnZN7Q=,RvD5B86rRHvXLxVs4cnWAQfgDuY=
13,13,7fTajPathX1EazvrPIrIGJnZN7Q=,RvD5B86rRHvXLxVs4cnWAQfgDuY=
11,14,7fTajPathX1EazvrPIrIGJnZN7Q=,RvD5B86rRHvXLxVs4cnWAQfgDuY=
9,12,7fTajPathX1EazvrPIrIGJnZN7Q=,RvD5B86rRHvXLxVs4cnWAQfgDuY=
12,10,7fTajPathX1EazvrPIrIGJnZN7Q=,RvD5B86rRHvXLxVs4cnWAQfgDuY=
12,14,7fTajPathX1EazvrPIrIGJnZN7Q=,RvD5B86rRHvXLxVs4cnWAQfgDuY=
10,14,7fTajPathX1EazvrPIrIGJnZN7Q=,RvD5B86rRHvXLxVs4cnWAQfgDuY=
13,14,7fTajPathX1EazvrPIrIGJnZN7Q=,RvD5B86rRHvXLxVs4cnWAQfgDuY=
12,13,7fTajPathX1EazvrPIrIGJnZN7Q=,RvD5B86rRHvXLxVs4cnWAQfgDuY=
9,9,7fTajPathX1EazvrPIrIGJnZN7Q=,RvD5B86rRHvXLxVs4cnWAQfgDuY=
11,10,7fTajPathX1EazvrPIrIGJnZN7Q=,RvD5B86rRHvXLxVs4cnWAQfgDuY=
9,14,7fTajPathX1EazvrPIrIGJnZN7Q=,RvD5B86rRHvXLxVs4cnWAQfgDuY=
9,13,7fTajPathX1EazvrPIrIGJnZN7Q=,RvD5B86rRHvXLxVs4cnWAQfgDuY=
14,12,7fTajPathX1EazvrPIrIGJnZN7Q=,RvD5B86rRHvXLxVs4cnWAQfgDuY=
14,11,VehXXNkPXu5inwTRThEM2NS5Ors=,RvD5B86rRHvXLxVs4cnWAQfgDuY=
10,10,VehXXNkPXu5inwTRThEM2NS5Ors=,RvD5B86rRHvXLxVs4cnWAQfgDuY=
9,10,VehXXNkPXu5inwTRThEM2NS5Ors=,RvD5B86rRHvXLxVs4cnWAQfgDuY=
14,9,VehXXNkPXu5inwTRThEM2NS5Ors=,RvD5B86rRHvXLxVs4cnWAQfgDuY=
12,12,VehXXNkPXu5inwTRThEM2NS5Ors=,RvD5B86rRHvXLxVs4cnWAQfgDuY=
13,12,VehXXNkPXu5inwTRThEM2NS5Ors=,RvD5B86rRHvXLxVs4cnWAQfgDuY=
13,9,VehXXNkPXu5inwTRThEM2NS5Ors=,RvD5B86rRHvXLxVs4cnWAQfgDuY=
12,9,VehXXNkPXu5inwTRThEM2NS5Ors=,RvD5B86rRHvXLxVs4cnWAQfgDuY=
13,11,CF7NnBoR5mn5t+ZrL3Z2i3C/cC4=,RvD5B86rRHvXLxVs4cnWAQfgDuY=
12,8,CF7NnBoR5mn5t+ZrL3Z2i3C/cC4=,RvD5B86rRHvXLxVs4cnWAQfgDuY=
13,8,CF7NnBoR5mn5t+ZrL3Z2i3C/cC4=,RvD5B86rRHvXLxVs4cnWAQfgDuY=
12,6,CF7NnBoR5mn5t+ZrL3Z2i3C/cC4=,4BtEG6mcWcz/nGkzRZA8OJBUdHs=
11,7,CF7NnBoR5mn5t+ZrL3Z2i3C/cC4=,4BtEG6mcWcz/nGkzRZA8OJBUdHs=
11,5,CF7NnBoR5mn5t+ZrL3Z2i3C/cC4=,4BtEG6mcWcz/nGkzRZA8OJBUdHs=
13,6,CF7NnBoR5mn5t+ZrL3Z2i3C/cC4=,4BtEG6mcWcz/nGkzRZA8OJBUdHs=
14,6,CF7NnBoR5mn5t+ZrL3Z2i3C/cC4=,4BtEG6mcWcz/nGkzRZA8OJBUdHs=
10,5,CF7NnBoR5mn5t+ZrL3Z2i3C/cC4=,4BtEG6mcWcz/nGkzRZA8OJBUdHs=
11,6,CF7NnBoR5mn5t+ZrL3Z2i3C/cC4=,4BtEG6mcWcz/nGkzRZA8OJBUdHs=
9,5,CF7NnBoR5mn5t+ZrL3Z2i3C/cC4=,4BtEG6mcWcz/nGkzRZA8OJBUdHs=
12,2,CF7NnBoR5mn5t+ZrL3Z2i3C/cC4=,4BtEG6mcWcz/nGkzRZA8OJBUdHs=
11,2,CF7NnBoR5mn5t+ZrL3Z2i3C/cC4=,4BtEG6mcWcz/nGkzRZA8OJBUdHs=
10,6,CF7NnBoR5mn5t+ZrL3Z2i3C/cC4=,4BtEG6mcWcz/nGkzRZA8OJBUdHs=
10,3,CF7NnBoR5mn5t+ZrL3Z2i3C/cC4=,4BtEG6mcWcz/nGkzRZA8OJBUdHs=
11,3,CF7NnBoR5mn5t+ZrL3Z2i3C/cC4=,4BtEG6mcWcz/nGkzRZA8OJBUdHs=
13,2,CF7NnBoR5mn5t+ZrL3Z2i3C/cC4=,4BtEG6mcWcz/nGkzRZA8OJBUdHs=
9,3,CF7NnBoR5mn5t+ZrL3Z2i3C/cC4=,4BtEG6mcWcz/nGkzRZA8OJBUdHs=
14,4,CF7NnBoR5mn5t+ZrL3Z2i3C/cC4=,4BtEG6mcWcz/nGkzRZA8OJBUdHs=
10,2,CF7NnBoR5mn5t+ZrL3Z2i3C/cC4=,4BtEG6mcWcz/nGkzRZA8OJBUdHs=
13,4,CF7NnBoR5mn5t+ZrL3Z2i3C/cC4=,4BtEG6mcWcz/nGkzRZA8OJBUdHs=
11,4,CF7NnBoR5mn5t+ZrL3Z2i3C/cC4=,4BtEG6mcWcz/nGkzRZA8OJBUdHs=
12,4,CF7NnBoR5mn5t+ZrL3Z2i3C/cC4=,4BtEG6mcWcz/nGkzRZA8OJBUdHs=
10,8,CF7NnBoR5mn5t+ZrL3Z2i3C/cC4=,RvD5B86rRHvXLxVs4cnWAQfgDuY=
10,4,CF7NnBoR5mn5t+ZrL3Z2i3C/cC4=,4BtEG6mcWcz/nGkzRZA8OJBUdHs=
12,3,CF7NnBoR5mn5t+ZrL3Z2i3C/cC4=,4BtEG6mcWcz/nGkzRZA8OJBUdHs=
9,2,CF7NnBoR5mn5t+ZrL3Z2i3C/cC4=,4BtEG6mcWcz/nGkzRZA8OJBUdHs=
9,8,CF7NnBoR5mn5t+ZrL3Z2i3C/cC4=,RvD5B86rRHvXLxVs4cnWAQfgDuY=
14,1,CF7NnBoR5mn5t+ZrL3Z2i3C/cC4=,4BtEG6mcWcz/nGkzRZA8OJBUdHs=
13,3,CF7NnBoR5mn5t+ZrL3Z2i3C/cC4=,4BtEG6mcWcz/nGkzRZA8OJBUdHs=
13,1,CF7NnBoR5mn5t+ZrL3Z2i3C/cC4=,4BtEG6mcWcz/nGkzRZA8OJBUdHs=
12,1,CF7NnBoR5mn5t+ZrL3Z2i3C/cC4=,4BtEG6mcWcz/nGkzRZA8OJBUdHs=
9,6,CF7NnBoR5mn5t+ZrL3Z2i3C/cC4=,4BtEG6mcWcz/nGkzRZA8OJBUdHs=
12,5,CF7NnBoR5mn5t+ZrL3Z2i3C/cC4=,4BtEG6mcWcz/nGkzRZA8OJBUdHs=
14,7,CF7NnBoR5mn5t+ZrL3Z2i3C/cC4=,4BtEG6mcWcz/nGkzRZA8OJBUdHs=
11,1,CF7NnBoR5mn5t+ZrL3Z2i3C/cC4=,4BtEG6mcWcz/nGkzRZA8OJBUdHs=
9,1,CF7NnBoR5mn5t+ZrL3Z2i3C/cC4=,4BtEG6mcWcz/nGkzRZA8OJBUdHs=
14,2,CF7NnBoR5mn5t+ZrL3Z2i3C/cC4=,4BtEG6mcWcz/nGkzRZA8OJBUdHs=
13,5,CF7NnBoR5mn5t+ZrL3Z2i3C/cC4=,4BtEG6mcWcz/nGkzRZA8OJBUdHs=
9,4,CF7NnBoR5mn5t+ZrL3Z2i3C/cC4=,4BtEG6mcWcz/nGkzRZA8OJBUdHs=
14,8,CF7NnBoR5mn5t+ZrL3Z2i3C/cC4=,RvD5B86rRHvXLxVs4cnWAQfgDuY=
14,5,CF7NnBoR5mn5t+ZrL3Z2i3C/cC4=,4BtEG6mcWcz/nGkzRZA8OJBUdHs=
14,3,CF7NnBoR5mn5t+ZrL3Z2i3C/cC4=,4BtEG6mcWcz/nGkzRZA8OJBUdHs=
12,7,CF7NnBoR5mn5t+ZrL3Z2i3C/cC4=,4BtEG6mcWcz/nGkzRZA8OJBUdHs=
10,7,CF7NnBoR5mn5t+ZrL3Z2i3C/cC4=,4BtEG6mcWcz/nGkzRZA8OJBUdHs=
13,7,CF7NnBoR5mn5t+ZrL3Z2i3C/cC4=,4BtEG6mcWcz/nGkzRZA8OJBUdHs=
11,8,CF7NnBoR5mn5t+ZrL3Z2i3C/cC4=,RvD5B86rRHvXLxVs4cnWAQfgDuY=
9,7,CF7NnBoR5mn5t+ZrL3Z2i3C/cC4=,4BtEG6mcWcz/nGkzRZA8OJBUdHs=
10,1,CF7NnBoR5mn5t+ZrL3Z2i3C/cC4=,4BtEG6mcWcz/nGkzRZA8OJBUdHs=
4,13,CF7NnBoR5mn5t+ZrL3Z2i3C/cC4=,FixMuxUs6Qak1Dj5TdxC0EIquTM=
3,12,CF7NnBoR5mn5t+ZrL3Z2i3C/cC4=,FixMuxUs6Qak1Dj5TdxC0EIquTM=
3,14,CF7NnBoR5mn5t+ZrL3Z2i3C/cC4=,FixMuxUs6Qak1Dj5TdxC0EIquTM=
3,10,CF7NnBoR5mn5t+ZrL3Z2i3C/cC4=,FixMuxUs6Qak1Dj5TdxC0EIquTM=
3,13,CF7NnBoR5mn5t+ZrL3Z2i3C/cC4=,FixMuxUs6Qak1Dj5TdxC0EIquTM=
4,14,CF7NnBoR5mn5t+ZrL3Z2i3C/cC4=,FixMuxUs6Qak1Dj5TdxC0EIquTM=
2,12,CF7NnBoR5mn5t+ZrL3Z2i3C/cC4=,FixMuxUs6Qak1Dj5TdxC0EIquTM=
1,12,CF7NnBoR5mn5t+ZrL3Z2i3C/cC4=,FixMuxUs6Qak1Dj5TdxC0EIquTM=
2,13,CF7NnBoR5mn5t+ZrL3Z2i3C/cC4=,FixMuxUs6Qak1Dj5TdxC0EIquTM=
2,10,CF7NnBoR5mn5t+ZrL3Z2i3C/cC4=,FixMuxUs6Qak1Dj5TdxC0EIquTM=
5,14,CF7NnBoR5mn5t+ZrL3Z2i3C/cC4=,FixMuxUs6Qak1Dj5TdxC0EIquTM=
2,14,CF7NnBoR5mn5t+ZrL3Z2i3C/cC4=,FixMuxUs6Qak1Dj5TdxC0EIquTM=
8,11,CF7NnBoR5mn5t+ZrL3Z2i3C/cC4=,RvD5B86rRHvXLxVs4cnWAQfgDuY=
1,10,CF7NnBoR5mn5t+ZrL3Z2i3C/cC4=,FixMuxUs6Qak1Dj5TdxC0EIquTM=
6,11,CF7NnBoR5mn5t+ZrL3Z2i3C/cC4=,FixMuxUs6Qak1Dj5TdxC0EIquTM=
5,11,CF7NnBoR5mn5t+ZrL3Z2i3C/cC4=,FixMuxUs6Qak1Dj5TdxC0EIquTM=
7,11,CF7NnBoR5mn5t+ZrL3Z2i3C/cC4=,FixMuxUs6Qak1Dj5TdxC0EIquTM=
4,11,CF7NnBoR5mn5t+ZrL3Z2i3C/cC4=,FixMuxUs6Qak1Dj5TdxC0EIquTM=
1,14,CF7NnBoR5mn5t+ZrL3Z2i3C/cC4=,FixMuxUs6Qak1Dj5TdxC0EIquTM=
2,11,CF7NnBoR5mn5t+ZrL3Z2i3C/cC4=,FixMuxUs6Qak1Dj5TdxC0EIquTM=
3,11,CF7NnBoR5mn5t+ZrL3Z2i3C/cC4=,FixMuxUs6Qak1Dj5TdxC0EIquTM=
1,11,CF7NnBoR5mn5t+ZrL3Z2i3C/cC4=,FixMuxUs6Qak1Dj5TdxC0EIquTM=
6,14,CF7NnBoR5mn5t+ZrL3Z2i3C/cC4=,FixMuxUs6Qak1Dj5TdxC0EIquTM=
7,9,CF7NnBoR5mn5t+ZrL3Z2i3C/cC4=,FixMuxUs6Qak1Dj5TdxC0EIquTM=
1,9,CF7NnBoR5mn5t+ZrL3Z2i3C/cC4=,FixMuxUs6Qak1Dj5TdxC0EIquTM=
7,14,CF7NnBoR5mn5t+ZrL3Z2i3C/cC4=,FixMuxUs6Qak1Dj5TdxC0EIquTM=
8,12,CF7NnBoR5mn5t+ZrL3Z2i3C/cC4=,RvD5B86rRHvXLxVs4cnWAQfgDuY=
1,13,CF7NnBoR5mn5t+ZrL3Z2i3C/cC4=,FixMuxUs6Qak1Dj5TdxC0EIquTM=
8,9,CF7NnBoR5mn5t+ZrL3Z2i3C/cC4=,RvD5B86rRHvXLxVs4cnWAQfgDuY=
7,12,CF7NnBoR5mn5t+ZrL3Z2i3C/cC4=,FixMuxUs6Qak1Dj5TdxC0EIquTM=
6,9,CF7NnBoR5mn5t+ZrL3Z2i3C/cC4=,FixMuxUs6Qak1Dj5TdxC0EIquTM=
3,9,CF7NnBoR5mn5t+ZrL3Z2i3C/cC4=,FixMuxUs6Qak1Dj5TdxC0EIquTM=
8,14,CF7NnBoR5mn5t+ZrL3Z2i3C/cC4=,RvD5B86rRHvXLxVs4cnWAQfgDuY=
7,10,CF7NnBoR5mn5t+ZrL3Z2i3C/cC4=,FixMuxUs6Qak1Dj5TdxC0EIquTM=
6,10,CF7NnBoR5mn5t+ZrL3Z2i3C/cC4=,FixMuxUs6Qak1Dj5TdxC0EIquTM=
8,13,CF7NnBoR5mn5t+ZrL3Z2i3C/cC4=,RvD5B86rRHvXLxVs4cnWAQfgDuY=
4,10,CF7NnBoR5mn5t+ZrL3Z2i3C/cC4=,FixMuxUs6Qak1Dj5TdxC0EIquTM=
7,13,CF7NnBoR5mn5t+ZrL3Z2i3C/cC4=,FixMuxUs6Qak1Dj5TdxC0EIquTM=
2,2,CF7NnBoR5mn5t+ZrL3Z2i3C/cC4=,GW0WBYtHRhyU6qK8MZBLvVx4jNg=
5,13,CF7NnBoR5mn5t+ZrL3Z2i3C/cC4=,FixMuxUs6Qak1Dj5TdxC0EIquTM=
2,9,CF7NnBoR5mn5t+ZrL3Z2i3C/cC4=,FixMuxUs6Qak1Dj5TdxC0EIquTM=
5,12,CF7NnBoR5mn5t+ZrL3Z2i3C/cC4=,FixMuxUs6Qak1Dj5TdxC0EIquTM=
8,10,CF7NnBoR5mn5t+ZrL3Z2i3C/cC4=,RvD5B86rRHvXLxVs4cnWAQfgDuY=
3,2,CF7NnBoR5mn5t+ZrL3Z2i3C/cC4=,GW0WBYtHRhyU6qK8MZBLvVx4jNg=
4,12,CF7NnBoR5mn5t+ZrL3Z2i3C/cC4=,FixMuxUs6Qak1Dj5TdxC0EIquTM=
5,10,CF7NnBoR5mn5t+ZrL3Z2i3C/cC4=,FixMuxUs6Qak1Dj5TdxC0EIquTM=
2,3,CF7NnBoR5mn5t+ZrL3Z2i3C/cC4=,GW0WBYtHRhyU6qK8MZBLvVx4jNg=
4,9,CF7NnBoR5mn5t+ZrL3Z2i3C/cC4=,FixMuxUs6Qak1Dj5TdxC0EIquTM=
6,12,CF7NnBoR5mn5t+ZrL3Z2i3C/cC4=,FixMuxUs6Qak1Dj5TdxC0EIquTM=
4,7,CF7NnBoR5mn5t+ZrL3Z2i3C/cC4=,GW0WBYtHRhyU6qK8MZBLvVx4jNg=
3,7,CF7NnBoR5mn5t+ZrL3Z2i3C/cC4=,GW0WBYtHRhyU6qK8MZBLvVx4jNg=
6,13,CF7NnBoR5mn5t+ZrL3Z2i3C/cC4=,FixMuxUs6Qak1Dj5TdxC0EIquTM=
1,8,CF7NnBoR5mn5t+ZrL3Z2i3C/cC4=,FixMuxUs6Qak1Dj5TdxC0EIquTM=
7,3,CF7NnBoR5mn5t+ZrL3Z2i3C/cC4=,GW0WBYtHRhyU6qK8MZBLvVx4jNg=
8,5,CF7NnBoR5mn5t+ZrL3Z2i3C/cC4=,4BtEG6mcWcz/nGkzRZA8OJBUdHs=
2,6,CF7NnBoR5mn5t+ZrL3Z2i3C/cC4=,GW0WBYtHRhyU6qK8MZBLvVx4jNg=
1,6,CF7NnBoR5mn5t+ZrL3Z2i3C/cC4=,GW0WBYtHRhyU6qK8MZBLvVx4jNg=
2,5,CF7NnBoR5mn5t+ZrL3Z2i3C/cC4=,GW0WBYtHRhyU6qK8MZBLvVx4jNg=
8,3,CF7NnBoR5mn5t+ZrL3Z2i3C/cC4=,4BtEG6mcWcz/nGkzRZA8OJBUdHs=
8,2,CF7NnBoR5mn5t+ZrL3Z2i3C/cC4=,4BtEG6mcWcz/nGkzRZA8OJBUdHs=
7,6,CF7NnBoR5mn5t+ZrL3Z2i3C/cC4=,GW0WBYtHRhyU6qK8MZBLvVx4jNg=
5,9,CF7NnBoR5mn5t+ZrL3Z2i3C/cC4=,FixMuxUs6Qak1Dj5TdxC0EIquTM=
8,8,CF7NnBoR5mn5t+ZrL3Z2i3C/cC4=,RvD5B86rRHvXLxVs4cnWAQfgDuY=
6,6,CF7NnBoR5mn5t+ZrL3Z2i3C/cC4=,GW0WBYtHRhyU6qK8MZBLvVx4jNg=
2,7,CF7NnBoR5mn5t+ZrL3Z2i3C/cC4=,GW0WBYtHRhyU6qK8MZBLvVx4jNg=
4,8,CF7NnBoR5mn5t+ZrL3Z2i3C/cC4=,FixMuxUs6Qak1Dj5TdxC0EIquTM=
6,3,CF7NnBoR5mn5t+ZrL3Z2i3C/cC4=,GW0WBYtHRhyU6qK8MZBLvVx4jNg=
1,5,CF7NnBoR5mn5t+ZrL3Z2i3C/cC4=,GW0WBYtHRhyU6qK8MZBLvVx4jNg=
6,5,CF7NnBoR5mn5t+ZrL3Z2i3C/cC4=,GW0WBYtHRhyU6qK8MZBLvVx4jNg=
7,7,CF7NnBoR5mn5t+ZrL3Z2i3C/cC4=,GW0WBYtHRhyU6qK8MZBLvVx4jNg=
5,5,CF7NnBoR5mn5t+ZrL3Z2i3C/cC4=,GW0WBYtHRhyU6qK8MZBLvVx4jNg=
6,4,CF7NnBoR5mn5t+ZrL3Z2i3C/cC4=,GW0WBYtHRhyU6qK8MZBLvVx4jNg=
7,5,CF7NnBoR5mn5t+ZrL3Z2i3C/cC4=,GW0WBYtHRhyU6qK8MZBLvVx4jNg=
5,6,CF7NnBoR5mn5t+ZrL3Z2i3C/cC4=,GW0WBYtHRhyU6qK8MZBLvVx4jNg=
5,4,CF7NnBoR5mn5t+ZrL3Z2i3C/cC4=,GW0WBYtHRhyU6qK8MZBLvVx4jNg=
4,6,CF7NnBoR5mn5t+ZrL3Z2i3C/cC4=,GW0WBYtHRhyU6qK8MZBLvVx4jNg=
3,8,CF7NnBoR5mn5t+ZrL3Z2i3C/cC4=,FixMuxUs6Qak1Dj5TdxC0EIquTM=
3,3,CF7NnBoR5mn5t+ZrL3Z2i3C/cC4=,GW0WBYtHRhyU6qK8MZBLvVx4jNg=
6,8,CF7NnBoR5mn5t+ZrL3Z2i3C/cC4=,FixMuxUs6Qak1Dj5TdxC0EIquTM=
4,4,CF7NnBoR5mn5t+ZrL3Z2i3C/cC4=,GW0WBYtHRhyU6qK8MZBLvVx4jNg=
8,4,CF7NnBoR5mn5t+ZrL3Z2i3C/cC4=,4BtEG6mcWcz/nGkzRZA8OJBUdHs=
1,2,CF7NnBoR5mn5t+ZrL3Z2i3C/cC4=,GW0WBYtHRhyU6qK8MZBLvVx4jNg=
3,4,CF7NnBoR5mn5t+ZrL3Z2i3C/cC4=,GW0WBYtHRhyU6qK8MZBLvVx4jNg=
3,1,CF7NnBoR5mn5t+ZrL3Z2i3C/cC4=,GW0WBYtHRhyU6qK8MZBLvVx4jNg=
4,2,CF7NnBoR5mn5t+ZrL3Z2i3C/cC4=,GW0WBYtHRhyU6qK8MZBLvVx4jNg=
3,6,CF7NnBoR5mn5t+ZrL3Z2i3C/cC4=,GW0WBYtHRhyU6qK8MZBLvVx4jNg=
8,1,CF7NnBoR5mn5t+ZrL3Z2i3C/cC4=,4BtEG6mcWcz/nGkzRZA8OJBUdHs=
2,4,CF7NnBoR5mn5t+ZrL3Z2i3C/cC4=,GW0WBYtHRhyU6qK8MZBLvVx4jNg=
7,4,CF7NnBoR5mn5t+ZrL3Z2i3C/cC4=,GW0WBYtHRhyU6qK8MZBLvVx4jNg=
1,4,CF7NnBoR5mn5t+ZrL3Z2i3C/cC4=,GW0WBYtHRhyU6qK8MZBLvVx4jNg=
4,5,CF7NnBoR5mn5t+ZrL3Z2i3C/cC4=,GW0WBYtHRhyU6qK8MZBLvVx4jNg=
5,7,CF7NnBoR5mn5t+ZrL3Z2i3C/cC4=,GW0WBYtHRhyU6qK8MZBLvVx4jNg=
5,1,CF7NnBoR5mn5t+ZrL3Z2i3C/cC4=,GW0WBYtHRhyU6qK8MZBLvVx4jNg=
6,7,CF7NnBoR5mn5t+ZrL3Z2i3C/cC4=,GW0WBYtHRhyU6qK8MZBLvVx4jNg=
4,1,CF7NnBoR5mn5t+ZrL3Z2i3C/cC4=,GW0WBYtHRhyU6qK8MZBLvVx4jNg=
5,8,CF7NnBoR5mn5t+ZrL3Z2i3C/cC4=,FixMuxUs6Qak1Dj5TdxC0EIquTM=
1,7,CF7NnBoR5mn5t+ZrL3Z2i3C/cC4=,GW0WBYtHRhyU6qK8MZBLvVx4jNg=
5,3,CF7NnBoR5mn5t+ZrL3Z2i3C/cC4=,GW0WBYtHRhyU6qK8MZBLvVx4jNg=
3,5,CF7NnBoR5mn5t+ZrL3Z2i3C/cC4=,GW0WBYtHRhyU6qK8MZBLvVx4jNg=
7,1,CF7NnBoR5mn5t+ZrL3Z2i3C/cC4=,GW0WBYtHRhyU6qK8MZBLvVx4jNg=
2,8,CF7NnBoR5mn5t+ZrL3Z2i3C/cC4=,FixMuxUs6Qak1Dj5TdxC0EIquTM=
8,7,CF7NnBoR5mn5t+ZrL3Z2i3C/cC4=,4BtEG6mcWcz/nGkzRZA8OJBUdHs=
1,1,CF7NnBoR5mn5t+ZrL3Z2i3C/cC4=,GW0WBYtHRhyU6qK8MZBLvVx4jNg=
7,2,CF7NnBoR5mn5t+ZrL3Z2i3C/cC4=,GW0WBYtHRhyU6qK8MZBLvVx4jNg=
7,8,CF7NnBoR5mn5t+ZrL3Z2i3C/cC4=,FixMuxUs6Qak1Dj5TdxC0EIquTM=
4,3,CF7NnBoR5mn5t+ZrL3Z2i3C/cC4=,GW0WBYtHRhyU6qK8MZBLvVx4jNg=
2,1,CF7NnBoR5mn5t+ZrL3Z2i3C/cC4=,GW0WBYtHRhyU6qK8MZBLvVx4jNg=
1,3,CF7NnBoR5mn5t+ZrL3Z2i3C/cC4=,GW0WBYtHRhyU6qK8MZBLvVx4jNg=
5,2,CF7NnBoR5mn5t+ZrL3Z2i3C/cC4=,GW0WBYtHRhyU6qK8MZBLvVx4jNg=
6,2,CF7NnBoR5mn5t+ZrL3Z2i3C/cC4=,GW0WBYtHRhyU6qK8MZBLvVx4jNg=
8,6,CF7NnBoR5mn5t+ZrL3Z2i3C/cC4=,4BtEG6mcWcz/nGkzRZA8OJBUdHs=
6,1,CF7NnBoR5mn5t+ZrL3Z2i3C/cC4=,GW0WBYtHRhyU6qK8MZBLvVx4jNg=
10,15,CF7NnBoR5mn5t+ZrL3Z2i3C/cC4=,RvD5B86rRHvXLxVs4cnWAQfgDuY=
11,15,CF7NnBoR5mn5t+ZrL3Z2i3C/cC4=,RvD5B86rRHvXLxVs4cnWAQfgDuY=
12,15,CF7NnBoR5mn5t+ZrL3Z2i3C/cC4=,RvD5B86rRHvXLxVs4cnWAQfgDuY=
9,15,CF7NnBoR5mn5t+ZrL3Z2i3C/cC4=,RvD5B86rRHvXLxVs4cnWAQfgDuY=
14,15,CF7NnBoR5mn5t+ZrL3Z2i3C/cC4=,RvD5B86rRHvXLxVs4cnWAQfgDuY=
13,15,CF7NnBoR5mn5t+ZrL3Z2i3C/cC4=,RvD5B86rRHvXLxVs4cnWAQfgDuY=
0,14,CF7NnBoR5mn5t+ZrL3Z2i3C/cC4=,FixMuxUs6Qak1Dj5TdxC0EIquTM=
0,11,CF7NnBoR5mn5t+ZrL3Z2i3C/cC4=,FixMuxUs6Qak1Dj5TdxC0EIquTM=
0,12,CF7NnBoR5mn5t+ZrL3Z2i3C/cC4=,FixMuxUs6Qak1Dj5TdxC0EIquTM=
0,13,CF7NnBoR5mn5t+ZrL3Z2i3C/cC4=,FixMuxUs6Qak1Dj5TdxC0EIquTM=
0,9,CF7NnBoR5mn5t+ZrL3Z2i3C/cC4=,FixMuxUs6Qak1Dj5TdxC0EIquTM=
0,10,CF7NnBoR5mn5t+ZrL3Z2i3C/cC4=,FixMuxUs6Qak1Dj5TdxC0EIquTM=
1,15,CF7NnBoR5mn5t+ZrL3Z2i3C/cC4=,FixMuxUs6Qak1Dj5TdxC0EIquTM=
7,15,CF7NnBoR5mn5t+ZrL3Z2i3C/cC4=,FixMuxUs6Qak1Dj5TdxC0EIquTM=
8,15,CF7NnBoR5mn5t+ZrL3Z2i3C/cC4=,RvD5B86rRHvXLxVs4cnWAQfgDuY=
5,15,CF7NnBoR5mn5t+ZrL3Z2i3C/cC4=,FixMuxUs6Qak1Dj5TdxC0EIquTM=
4,15,CF7NnBoR5mn5t+ZrL3Z2i3C/cC4=,FixMuxUs6Qak1Dj5TdxC0EIquTM=
6,15,CF7NnBoR5mn5t+ZrL3Z2i3C/cC4=,FixMuxUs6Qak1Dj5TdxC0EIquTM=
3,15,CF7NnBoR5mn5t+ZrL3Z2i3C/cC4=,FixMuxUs6Qak1Dj5TdxC0EIquTM=
2,15,CF7NnBoR5mn5t+ZrL3Z2i3C/cC4=,FixMuxUs6Qak1Dj5TdxC0EIquTM=
0,8,CF7NnBoR5mn5t+ZrL3Z2i3C/cC4=,FixMuxUs6Qak1Dj5TdxC0EIquTM=
0,3,CF7NnBoR5mn5t+ZrL3Z2i3C/cC4=,GW0WBYtHRhyU6qK8MZBLvVx4jNg=
0,6,CF7NnBoR5mn5t+ZrL3Z2i3C/cC4=,GW0WBYtHRhyU6qK8MZBLvVx4jNg=
0,7,CF7NnBoR5mn5t+ZrL3Z2i3C/cC4=,GW0WBYtHRhyU6qK8MZBLvVx4jNg=
0,1,CF7NnBoR5mn5t+ZrL3Z2i3C/cC4=,GW0WBYtHRhyU6qK8MZBLvVx4jNg=
0,2,CF7NnBoR5mn5t+ZrL3Z2i3C/cC4=,GW0WBYtHRhyU6qK8MZBLvVx4jNg=
0,5,CF7NnBoR5mn5t+ZrL3Z2i3C/cC4=,GW0WBYtHRhyU6qK8MZBLvVx4jNg=
0,4,CF7NnBoR5mn5t+ZrL3Z2i3C/cC4=,GW0WBYtHRhyU6qK8MZBLvVx4jNg=
3,0,CF7NnBoR5mn5t+ZrL3Z2i3C/cC4=,GW0WBYtHRhyU6qK8MZBLvVx4jNg=
6,0,CF7NnBoR5mn5t+ZrL3Z2i3C/cC4=,GW0WBYtHRhyU6qK8MZBLvVx4jNg=
2,0,CF7NnBoR5mn5t+ZrL3Z2i3C/cC4=,GW0WBYtHRhyU6qK8MZBLvVx4jNg=
1,0,CF7NnBoR5mn5t+ZrL3Z2i3C/cC4=,GW0WBYtHRhyU6qK8MZBLvVx4jNg=
5,0,CF7NnBoR5mn5t+ZrL3Z2i3C/cC4=,GW0WBYtHRhyU6qK8MZBLvVx4jNg=
4,0,CF7NnBoR5mn5t+ZrL3Z2i3C/cC4=,GW0WBYtHRhyU6qK8MZBLvVx4jNg=
15,4,CF7NnBoR5mn5t+ZrL3Z2i3C/cC4=,4BtEG6mcWcz/nGkzRZA8OJBUdHs=
15,6,CF7NnBoR5mn5t+ZrL3Z2i3C/cC4=,4BtEG6mcWcz/nGkzRZA8OJBUdHs=
15,1,CF7NnBoR5mn5t+ZrL3Z2i3C/cC4=,4BtEG6mcWcz/nGkzRZA8OJBUdHs=
15,2,CF7NnBoR5mn5t+ZrL3Z2i3C/cC4=,4BtEG6mcWcz/nGkzRZA8OJBUdHs=
15,5,CF7NnBoR5mn5t+ZrL3Z2i3C/cC4=,4BtEG6mcWcz/nGkzRZA8OJBUdHs=
15,3,CF7NnBoR5mn5t+ZrL3Z2i3C/cC4=,4BtEG6mcWcz/nGkzRZA8OJBUdHs=
11,0,CF7NnBoR5mn5t+ZrL3Z2i3C/cC4=,4BtEG6mcWcz/nGkzRZA8OJBUdHs=
10,0,CF7NnBoR5mn5t+ZrL3Z2i3C/cC4=,4BtEG6mcWcz/nGkzRZA8OJBUdHs=
9,0,CF7NnBoR5mn5t+ZrL3Z2i3C/cC4=,4BtEG6mcWcz/nGkzRZA8OJBUdHs=
7,0,CF7NnBoR5mn5t+ZrL3Z2i3C/cC4=,GW0WBYtHRhyU6qK8MZBLvVx4jNg=
8,0,CF7NnBoR5mn5t+ZrL3Z2i3C/cC4=,4BtEG6mcWcz/nGkzRZA8OJBUdHs=
12,0,CF7NnBoR5mn5t+ZrL3Z2i3C/cC4=,4BtEG6mcWcz/nGkzRZA8OJBUdHs=
14,0,CF7NnBoR5mn5t+ZrL3Z2i3C/cC4=,4BtEG6mcWcz/nGkzRZA8OJBUdHs=
13,0,CF7NnBoR5mn5t+ZrL3Z2i3C/cC4=,4BtEG6mcWcz/nGkzRZA8OJBUdHs=
15,13,CF7NnBoR5mn5t+ZrL3Z2i3C/cC4=,RvD5B86rRHvXLxVs4cnWAQfgDuY=
15,14,CF7NnBoR5mn5t+ZrL3Z2i3C/cC4=,RvD5B86rRHvXLxVs4cnWAQfgDuY=
15,10,CF7NnBoR5mn5t+ZrL3Z2i3C/cC4=,RvD5B86rRHvXLxVs4cnWAQfgDuY=
15,9,CF7NnBoR5mn5t+ZrL3Z2i3C/cC4=,RvD5B86rRHvXLxVs4cnWAQfgDuY=
15,7,CF7NnBoR5mn5t+ZrL3Z2i3C/cC4=,4BtEG6mcWcz/nGkzRZA8OJBUdHs=
15,12,CF7NnBoR5mn5t+ZrL3Z2i3C/cC4=,RvD5B86rRHvXLxVs4cnWAQfgDuY=
15,11,CF7NnBoR5mn5t+ZrL3Z2i3C/cC4=,RvD5B86rRHvXLxVs4cnWAQfgDuY=
15,8,CF7NnBoR5mn5t+ZrL3Z2i3C/cC4=,RvD5B86rRHvXLxVs4cnWAQfgDuY=
15,15,CF7NnBoR5mn5t+ZrL3Z2i3C/cC4=,RvD5B86rRHvXLxVs4cnWAQfgDuY=
15,0,CF7NnBoR5mn5t+ZrL3Z2i3C/cC4=,4BtEG6mcWcz/nGkzRZA8OJBUdHs=
0,0,CF7NnBoR5mn5t+ZrL3Z2i3C/cC4=,GW0WBYtHRhyU6qK8MZBLvVx4jNg=
0,15,CF7NnBoR5mn5t+ZrL3Z2i3C/cC4=,FixMuxUs6Qak1Dj5TdxC0EIquTM=
1,25,wsv9xVM0qGJvR70eg/F9RpkfohU=,NHP8gIj7nHdsYBLHaLZkQxQYAX0=
6,30,wsv9xVM0qGJvR70eg/F9RpkfohU=,NHP8gIj7nHdsYBLHaLZkQxQYAX0=
5,30,wsv9xVM0qGJvR70eg/F9RpkfohU=,NHP8gIj7nHdsYBLHaLZkQxQYAX0=
4,30,wsv9xVM0qGJvR70eg/F9RpkfohU=,NHP8gIj7nHdsYBLHaLZkQxQYAX0=
3,30,wsv9xVM0qGJvR70eg/F9RpkfohU=,NHP8gIj7nHdsYBLHaLZkQxQYAX0=
2,30,wsv9xVM0qGJvR70eg/F9RpkfohU=,NHP8gIj7nHdsYBLHaLZkQxQYAX0=
1,30,wsv9xVM0qGJvR70eg/F9RpkfohU=,NHP8gIj7nHdsYBLHaLZkQxQYAX0=
6,29,wsv9xVM0qGJvR70eg/F9RpkfohU=,NHP8gIj7nHdsYBLHaLZkQxQYAX0=
5,29,wsv9xVM0qGJvR70eg/F9RpkfohU=,NHP8gIj7nHdsYBLHaLZkQxQYAX0=
4,29,wsv9xVM0qGJvR70eg/F9RpkfohU=,NHP8gIj7nHdsYBLHaLZkQxQYAX0=
3,29,wsv9xVM0qGJvR70eg/F9RpkfohU=,NHP8gIj7nHdsYBLHaLZkQxQYAX0=
2,29,wsv9xVM0qGJvR70eg/F9RpkfohU=,NHP8gIj7nHdsYBLHaLZkQxQYAX0=
1,29,wsv9xVM0qGJvR70eg/F9RpkfohU=,NHP8gIj7nHdsYBLHaLZkQxQYAX0=
6,28,wsv9xVM0qGJvR70eg/F9RpkfohU=,NHP8gIj7nHdsYBLHaLZkQxQYAX0=
5,28,wsv9xVM0qGJvR70eg/F9RpkfohU=,NHP8gIj7nHdsYBLHaLZkQxQYAX0=
3,28,wsv9xVM0qGJvR70eg/F9RpkfohU=,NHP8gIj7nHdsYBLHaLZkQxQYAX0=
2,28,wsv9xVM0qGJvR70eg/F9RpkfohU=,NHP8gIj7nHdsYBLHaLZkQxQYAX0=
4,28,wsv9xVM0qGJvR70eg/F9RpkfohU=,NHP8gIj7nHdsYBLHaLZkQxQYAX0=
1,28,wsv9xVM0qGJvR70eg/F9RpkfohU=,NHP8gIj7nHdsYBLHaLZkQxQYAX0=
6,27,wsv9xVM0qGJvR70eg/F9RpkfohU=,NHP8gIj7nHdsYBLHaLZkQxQYAX0=
5,27,wsv9xVM0qGJvR70eg/F9RpkfohU=,NHP8gIj7nHdsYBLHaLZkQxQYAX0=
4,27,wsv9xVM0qGJvR70eg/F9RpkfohU=,NHP8gIj7nHdsYBLHaLZkQxQYAX0=
3,27,wsv9xVM0qGJvR70eg/F9RpkfohU=,NHP8gIj7nHdsYBLHaLZkQxQYAX0=
2,27,wsv9xVM0qGJvR70eg/F9RpkfohU=,NHP8gIj7nHdsYBLHaLZkQxQYAX0=
1,27,wsv9xVM0qGJvR70eg/F9RpkfohU=,NHP8gIj7nHdsYBLHaLZkQxQYAX0=
6,26,wsv9xVM0qGJvR70eg/F9RpkfohU=,NHP8gIj7nHdsYBLHaLZkQxQYAX0=
5,26,wsv9xVM0qGJvR70eg/F9RpkfohU=,NHP8gIj7nHdsYBLHaLZkQxQYAX0=
4,26,wsv9xVM0qGJvR70eg/F9RpkfohU=,NHP8gIj7nHdsYBLHaLZkQxQYAX0=
3,26,wsv9xVM0qGJvR70eg/F9RpkfohU=,NHP8gIj7nHdsYBLHaLZkQxQYAX0=
2,26,wsv9xVM0qGJvR70eg/F9RpkfohU=,NHP8gIj7nHdsYBLHaLZkQxQYAX0=
1,26,wsv9xVM0qGJvR70eg/F9RpkfohU=,NHP8gIj7nHdsYBLHaLZkQxQYAX0=
6,25,wsv9xVM0qGJvR70eg/F9RpkfohU=,NHP8gIj7nHdsYBLHaLZkQxQYAX0=
5,25,wsv9xVM0qGJvR70eg/F9RpkfohU=,NHP8gIj7nHdsYBLHaLZkQxQYAX0=
4,25,wsv9xVM0qGJvR70eg/F9RpkfohU=,NHP8gIj7nHdsYBLHaLZkQxQYAX0=
3,25,wsv9xVM0qGJvR70eg/F9RpkfohU=,NHP8gIj7nHdsYBLHaLZkQxQYAX0=
2,25,wsv9xVM0qGJvR70eg/F9RpkfohU=,NHP8gIj7nHdsYBLHaLZkQxQYAX0=
12,29,wsv9xVM0qGJvR70eg/F9RpkfohU=,Z5hdEJzHGtGl7rL+gNIY5z1nEeg=
11,29,IimIypu9yAKag3b/sGQkgETgyfs=,Z5hdEJzHGtGl7rL+gNIY5z1nEeg=
7,30,IimIypu9yAKag3b/sGQkgETgyfs=,NHP8gIj7nHdsYBLHaLZkQxQYAX0=
10,29,IimIypu9yAKag3b/sGQkgETgyfs=,Z5hdEJzHGtGl7rL+gNIY5z1nEeg=
9,29,IimIypu9yAKag3b/sGQkgETgyfs=,Z5hdEJzHGtGl7rL+gNIY5z1nEeg=
8,29,IimIypu9yAKag3b/sGQkgETgyfs=,Z5hdEJzHGtGl7rL+gNIY5z1nEeg=
7,29,IimIypu9yAKag3b/sGQkgETgyfs=,NHP8gIj7nHdsYBLHaLZkQxQYAX0=
11,28,IimIypu9yAKag3b/sGQkgETgyfs=,Z5hdEJzHGtGl7rL+gNIY5z1nEeg=
10,28,IimIypu9yAKag3b/sGQkgETgyfs=,Z5hdEJzHGtGl7rL+gNIY5z1nEeg=
9,28,IimIypu9yAKag3b/sGQkgETgyfs=,Z5hdEJzHGtGl7rL+gNIY5z1nEeg=
8,28,IimIypu9yAKag3b/sGQkgETgyfs=,Z5hdEJzHGtGl7rL+gNIY5z1nEeg=
15,28,IimIypu9yAKag3b/sGQkgETgyfs=,Z5hdEJzHGtGl7rL+gNIY5z1nEeg=
7,28,IimIypu9yAKag3b/sGQkgETgyfs=,NHP8gIj7nHdsYBLHaLZkQxQYAX0=
15,27,IimIypu9yAKag3b/sGQkgETgyfs=,Z5hdEJzHGtGl7rL+gNIY5z1nEeg=
13,28,IimIypu9yAKag3b/sGQkgETgyfs=,Z5hdEJzHGtGl7rL+gNIY5z1nEeg=
11,27,IimIypu9yAKag3b/sGQkgETgyfs=,Z5hdEJzHGtGl7rL+gNIY5z1nEeg=
10,27,IimIypu9yAKag3b/sGQkgETgyfs=,Z5hdEJzHGtGl7rL+gNIY5z1nEeg=
9,27,IimIypu9yAKag3b/sGQkgETgyfs=,Z5hdEJzHGtGl7rL+gNIY5z1nEeg=
8,27,IimIypu9yAKag3b/sGQkgETgyfs=,Z5hdEJzHGtGl7rL+gNIY5z1nEeg=
14,27,IimIypu9yAKag3b/sGQkgETgyfs=,Z5hdEJzHGtGl7rL+gNIY5z1nEeg=
12,27,IimIypu9yAKag3b/sGQkgETgyfs=,Z5hdEJzHGtGl7rL+gNIY5z1nEeg=
13,27,IimIypu9yAKag3b/sGQkgETgyfs=,Z5hdEJzHGtGl7rL+gNIY5z1nEeg=
7,27,IimIypu9yAKag3b/sGQkgETgyfs=,NHP8gIj7nHdsYBLHaLZkQxQYAX0=
15,26,IimIypu9yAKag3b/sGQkgETgyfs=,Z5hdEJzHGtGl7rL+gNIY5z1nEeg=
14,26,IimIypu9yAKag3b/sGQkgETgyfs=,Z5hdEJzHGtGl7rL+gNIY5z1nEeg=
10,26,IimIypu9yAKag3b/sGQkgETgyfs=,Z5hdEJzHGtGl7rL+gNIY5z1nEeg=
9,26,IimIypu9yAKag3b/sGQkgETgyfs=,Z5hdEJzHGtGl7rL+gNIY5z1nEeg=
8,26,IimIypu9yAKag3b/sGQkgETgyfs=,Z5hdEJzHGtGl7rL+gNIY5z1nEeg=
11,26,IimIypu9yAKag3b/sGQkgETgyfs=,Z5hdEJzHGtGl7rL+gNIY5z1nEeg=
13,26,IimIypu9yAKag3b/sGQkgETgyfs=,Z5hdEJzHGtGl7rL+gNIY5z1nEeg=
12,28,IimIypu9yAKag3b/sGQkgETgyfs=,Z5hdEJzHGtGl7rL+gNIY5z1nEeg=
15,25,IimIypu9yAKag3b/sGQkgETgyfs=,Z5hdEJzHGtGl7rL+gNIY5z1nEeg=
7,26,IimIypu9yAKag3b/sGQkgETgyfs=,NHP8gIj7nHdsYBLHaLZkQxQYAX0=
14,28,IimIypu9yAKag3b/sGQkgETgyfs=,Z5hdEJzHGtGl7rL+gNIY5z1nEeg=
11,25,IimIypu9yAKag3b/sGQkgETgyfs=,Z5hdEJzHGtGl7rL+gNIY5z1nEeg=
14,25,IimIypu9yAKag3b/sGQkgETgyfs=,Z5hdEJzHGtGl7rL+gNIY5z1nEeg=
12,25,IimIypu9yAKag3b/sGQkgETgyfs=,Z5hdEJzHGtGl7rL+gNIY5z1nEeg=
9,31,IimIypu9yAKag3b/sGQkgETgyfs=,Z5hdEJzHGtGl7rL+gNIY5z1nEeg=
10,31,IimIypu9yAKag3b/sGQkgETgyfs=,Z5hdEJzHGtGl7rL+gNIY5z1nEeg=
11,31,IimIypu9yAKag3b/sGQkgETgyfs=,Z5hdEJzHGtGl7rL+gNIY5z1nEeg=
12,31,IimIypu9yAKag3b/sGQkgETgyfs=,Z5hdEJzHGtGl7rL+gNIY5z1nEeg=
7,25,IimIypu9yAKag3b/sGQkgETgyfs=,NHP8gIj7nHdsYBLHaLZkQxQYAX0=
13,31,IimIypu9yAKag3b/sGQkgETgyfs=,Z5hdEJzHGtGl7rL+gNIY5z1nEeg=
14,31,IimIypu9yAKag3b/sGQkgETgyfs=,Z5hdEJzHGtGl7rL+gNIY5z1nEeg=
8,25,IimIypu9yAKag3b/sGQkgETgyfs=,Z5hdEJzHGtGl7rL+gNIY5z1nEeg=
13,25,IimIypu9yAKag3b/sGQkgETgyfs=,Z5hdEJzHGtGl7rL+gNIY5z1nEeg=
10,25,IimIypu9yAKag3b/sGQkgETgyfs=,Z5hdEJzHGtGl7rL+gNIY5z1nEeg=
14,30,IimIypu9yAKag3b/sGQkgETgyfs=,Z5hdEJzHGtGl7rL+gNIY5z1nEeg=
9,25,IimIypu9yAKag3b/sGQkgETgyfs=,Z5hdEJzHGtGl7rL+gNIY5z1nEeg=
13,30,IimIypu9yAKag3b/sGQkgETgyfs=,Z5hdEJzHGtGl7rL+gNIY5z1nEeg=
15,30,IimIypu9yAKag3b/sGQkgETgyfs=,Z5hdEJzHGtGl7rL+gNIY5z1nEeg=
12,30,IimIypu9yAKag3b/sGQkgETgyfs=,Z5hdEJzHGtGl7rL+gNIY5z1nEeg=
11,30,IimIypu9yAKag3b/sGQkgETgyfs=,Z5hdEJzHGtGl7rL+gNIY5z1nEeg=
10,30,IimIypu9yAKag3b/sGQkgETgyfs=,Z5hdEJzHGtGl7rL+gNIY5z1nEeg=
9,30,IimIypu9yAKag3b/sGQkgETgyfs=,Z5hdEJzHGtGl7rL+gNIY5z1nEeg=
8,30,IimIypu9yAKag3b/sGQkgETgyfs=,Z5hdEJzHGtGl7rL+gNIY5z1nEeg=
14,29,IimIypu9yAKag3b/sGQkgETgyfs=,Z5hdEJzHGtGl7rL+gNIY5z1nEeg=
13,29,IimIypu9yAKag3b/sGQkgETgyfs=,Z5hdEJzHGtGl7rL+gNIY5z1nEeg=
12,26,IimIypu9yAKag3b/sGQkgETgyfs=,Z5hdEJzHGtGl7rL+gNIY5z1nEeg=
15,29,IimIypu9yAKag3b/sGQkgETgyfs=,Z5hdEJzHGtGl7rL+gNIY5z1nEeg=
12,19,IimIypu9yAKag3b/sGQkgETgyfs=,OHxzcfmtfRZN91psue+6eBpnqno=
11,19,IimIypu9yAKag3b/sGQkgETgyfs=,OHxzcfmtfRZN91psue+6eBpnqno=
13,19,eKIKXaAHADwmiFvkqTiW/HAKGzY=,OHxzcfmtfRZN91psue+6eBpnqno=
15,23,eKIKXaAHADwmiFvkqTiW/HAKGzY=,OHxzcfmtfRZN91psue+6eBpnqno=
4,23,eKIKXaAHADwmiFvkqTiW/HAKGzY=,mNM7tiPaOdkb7S/tOStExDcaYUM=
14,19,eKIKXaAHADwmiFvkqTiW/HAKGzY=,OHxzcfmtfRZN91psue+6eBpnqno=
15,19,eKIKXaAHADwmiFvkqTiW/HAKGzY=,OHxzcfmtfRZN91psue+6eBpnqno=
3,23,eKIKXaAHADwmiFvkqTiW/HAKGzY=,mNM7tiPaOdkb7S/tOStExDcaYUM=
9,20,eKIKXaAHADwmiFvkqTiW/HAKGzY=,OHxzcfmtfRZN91psue+6eBpnqno=
2,19,eKIKXaAHADwmiFvkqTiW/HAKGzY=,mNM7tiPaOdkb7S/tOStExDcaYUM=
14,23,eKIKXaAHADwmiFvkqTiW/HAKGzY=,OHxzcfmtfRZN91psue+6eBpnqno=
4,31,eKIKXaAHADwmiFvkqTiW/HAKGzY=,NHP8gIj7nHdsYBLHaLZkQxQYAX0=
6,31,eKIKXaAHADwmiFvkqTiW/HAKGzY=,NHP8gIj7nHdsYBLHaLZkQxQYAX0=
7,31,eKIKXaAHADwmiFvkqTiW/HAKGzY=,NHP8gIj7nHdsYBLHaLZkQxQYAX0=
5,31,eKIKXaAHADwmiFvkqTiW/HAKGzY=,NHP8gIj7nHdsYBLHaLZkQxQYAX0=
8,31,eKIKXaAHADwmiFvkqTiW/HAKGzY=,Z5hdEJzHGtGl7rL+gNIY5z1nEeg=
1,31,eKIKXaAHADwmiFvkqTiW/HAKGzY=,NHP8gIj7nHdsYBLHaLZkQxQYAX0=
2,31,eKIKXaAHADwmiFvkqTiW/HAKGzY=,NHP8gIj7nHdsYBLHaLZkQxQYAX0=
3,31,eKIKXaAHADwmiFvkqTiW/HAKGzY=,NHP8gIj7nHdsYBLHaLZkQxQYAX0=
5,23,eKIKXaAHADwmiFvkqTiW/HAKGzY=,mNM7tiPaOdkb7S/tOStExDcaYUM=
10,20,eKIKXaAHADwmiFvkqTiW/HAKGzY=,OHxzcfmtfRZN91psue+6eBpnqno=
2,23,eKIKXaAHADwmiFvkqTiW/HAKGzY=,mNM7tiPaOdkb7S/tOStExDcaYUM=
11,20,eKIKXaAHADwmiFvkqTiW/HAKGzY=,OHxzcfmtfRZN91psue+6eBpnqno=
7,20,eKIKXaAHADwmiFvkqTiW/HAKGzY=,mNM7tiPaOdkb7S/tOStExDcaYUM=
6,23,eKIKXaAHADwmiFvkqTiW/HAKGzY=,mNM7tiPaOdkb7S/tOStExDcaYUM=
13,23,eKIKXaAHADwmiFvkqTiW/HAKGzY=,OHxzcfmtfRZN91psue+6eBpnqno=
8,19,eKIKXaAHADwmiFvkqTiW/HAKGzY=,OHxzcfmtfRZN91psue+6eBpnqno=
1,19,eKIKXaAHADwmiFvkqTiW/HAKGzY=,mNM7tiPaOdkb7S/tOStExDcaYUM=
12,20,eKIKXaAHADwmiFvkqTiW/HAKGzY=,OHxzcfmtfRZN91psue+6eBpnqno=
1,23,eKIKXaAHADwmiFvkqTiW/HAKGzY=,mNM7tiPaOdkb7S/tOStExDcaYUM=
1,18,eKIKXaAHADwmiFvkqTiW/HAKGzY=,mNM7tiPaOdkb7S/tOStExDcaYUM=
3,17,eKIKXaAHADwmiFvkqTiW/HAKGzY=,mNM7tiPaOdkb7S/tOStExDcaYUM=
8,23,eKIKXaAHADwmiFvkqTiW/HAKGzY=,OHxzcfmtfRZN91psue+6eBpnqno=
5,21,eKIKXaAHADwmiFvkqTiW/HAKGzY=,mNM7tiPaOdkb7S/tOStExDcaYUM=
8,22,eKIKXaAHADwmiFvkqTiW/HAKGzY=,OHxzcfmtfRZN91psue+6eBpnqno=
0,19,eKIKXaAHADwmiFvkqTiW/HAKGzY=,mNM7tiPaOdkb7S/tOStExDcaYUM=
6,20,eKIKXaAHADwmiFvkqTiW/HAKGzY=,mNM7tiPaOdkb7S/tOStExDcaYUM=
0,18,eKIKXaAHADwmiFvkqTiW/HAKGzY=,mNM7tiPaOdkb7S/tOStExDcaYUM=
5,20,eKIKXaAHADwmiFvkqTiW/HAKGzY=,mNM7tiPaOdkb7S/tOStExDcaYUM=
8,18,eKIKXaAHADwmiFvkqTiW/HAKGzY=,OHxzcfmtfRZN91psue+6eBpnqno=
7,18,eKIKXaAHADwmiFvkqTiW/HAKGzY=,mNM7tiPaOdkb7S/tOStExDcaYUM=
4,20,eKIKXaAHADwmiFvkqTiW/HAKGzY=,mNM7tiPaOdkb7S/tOStExDcaYUM=
2,18,eKIKXaAHADwmiFvkqTiW/HAKGzY=,mNM7tiPaOdkb7S/tOStExDcaYUM=
2,17,eKIKXaAHADwmiFvkqTiW/HAKGzY=,mNM7tiPaOdkb7S/tOStExDcaYUM=
5,22,eKIKXaAHADwmiFvkqTiW/HAKGzY=,mNM7tiPaOdkb7S/tOStExDcaYUM=
3,20,eKIKXaAHADwmiFvkqTiW/HAKGzY=,mNM7tiPaOdkb7S/tOStExDcaYUM=
1,17,eKIKXaAHADwmiFvkqTiW/HAKGzY=,mNM7tiPaOdkb7S/tOStExDcaYUM=
10,19,eKIKXaAHADwmiFvkqTiW/HAKGzY=,OHxzcfmtfRZN91psue+6eBpnqno=
9,24,eKIKXaAHADwmiFvkqTiW/HAKGzY=,Z5hdEJzHGtGl7rL+gNIY5z1nEeg=
0,17,eKIKXaAHADwmiFvkqTiW/HAKGzY=,mNM7tiPaOdkb7S/tOStExDcaYUM=
7,23,eKIKXaAHADwmiFvkqTiW/HAKGzY=,mNM7tiPaOdkb7S/tOStExDcaYUM=
4,22,eKIKXaAHADwmiFvkqTiW/HAKGzY=,mNM7tiPaOdkb7S/tOStExDcaYUM=
8,17,eKIKXaAHADwmiFvkqTiW/HAKGzY=,OHxzcfmtfRZN91psue+6eBpnqno=
12,23,eKIKXaAHADwmiFvkqTiW/HAKGzY=,OHxzcfmtfRZN91psue+6eBpnqno=
2,24,eKIKXaAHADwmiFvkqTiW/HAKGzY=,NHP8gIj7nHdsYBLHaLZkQxQYAX0=
1,24,eKIKXaAHADwmiFvkqTiW/HAKGzY=,NHP8gIj7nHdsYBLHaLZkQxQYAX0=
6,18,eKIKXaAHADwmiFvkqTiW/HAKGzY=,mNM7tiPaOdkb7S/tOStExDcaYUM=
10,24,eKIKXaAHADwmiFvkqTiW/HAKGzY=,Z5hdEJzHGtGl7rL+gNIY5z1nEeg=
3,22,eKIKXaAHADwmiFvkqTiW/HAKGzY=,mNM7tiPaOdkb7S/tOStExDcaYUM=
4,21,eKIKXaAHADwmiFvkqTiW/HAKGzY=,mNM7tiPaOdkb7S/tOStExDcaYUM=
9,19,eKIKXaAHADwmiFvkqTiW/HAKGzY=,OHxzcfmtfRZN91psue+6eBpnqno=
4,17,eKIKXaAHADwmiFvkqTiW/HAKGzY=,mNM7tiPaOdkb7S/tOStExDcaYUM=
8,20,eKIKXaAHADwmiFvkqTiW/HAKGzY=,OHxzcfmtfRZN91psue+6eBpnqno=
1,22,eKIKXaAHADwmiFvkqTiW/HAKGzY=,mNM7tiPaOdkb7S/tOStExDcaYUM=
4,24,eKIKXaAHADwmiFvkqTiW/HAKGzY=,NHP8gIj7nHdsYBLHaLZkQxQYAX0=
11,24,eKIKXaAHADwmiFvkqTiW/HAKGzY=,Z5hdEJzHGtGl7rL+gNIY5z1nEeg=
8,21,eKIKXaAHADwmiFvkqTiW/HAKGzY=,OHxzcfmtfRZN91psue+6eBpnqno=
3,24,eKIKXaAHADwmiFvkqTiW/HAKGzY=,NHP8gIj7nHdsYBLHaLZkQxQYAX0=
4,16,eKIKXaAHADwmiFvkqTiW/HAKGzY=,mNM7tiPaOdkb7S/tOStExDcaYUM=
3,21,eKIKXaAHADwmiFvkqTiW/HAKGzY=,mNM7tiPaOdkb7S/tOStExDcaYUM=
5,24,eKIKXaAHADwmiFvkqTiW/HAKGzY=,NHP8gIj7nHdsYBLHaLZkQxQYAX0=
2,22,eKIKXaAHADwmiFvkqTiW/HAKGzY=,mNM7tiPaOdkb7S/tOStExDcaYUM=
12,24,eKIKXaAHADwmiFvkqTiW/HAKGzY=,Z5hdEJzHGtGl7rL+gNIY5z1nEeg=
6,24,eKIKXaAHADwmiFvkqTiW/HAKGzY=,NHP8gIj7nHdsYBLHaLZkQxQYAX0=
5,18,eKIKXaAHADwmiFvkqTiW/HAKGzY=,mNM7tiPaOdkb7S/tOStExDcaYUM=
15,18,eKIKXaAHADwmiFvkqTiW/HAKGzY=,OHxzcfmtfRZN91psue+6eBpnqno=
2,21,eKIKXaAHADwmiFvkqTiW/HAKGzY=,mNM7tiPaOdkb7S/tOStExDcaYUM=
7,24,eKIKXaAHADwmiFvkqTiW/HAKGzY=,NHP8gIj7nHdsYBLHaLZkQxQYAX0=
7,17,eKIKXaAHADwmiFvkqTiW/HAKGzY=,mNM7tiPaOdkb7S/tOStExDcaYUM=
0,22,eKIKXaAHADwmiFvkqTiW/HAKGzY=,mNM7tiPaOdkb7S/tOStExDcaYUM=
1,21,eKIKXaAHADwmiFvkqTiW/HAKGzY=,mNM7tiPaOdkb7S/tOStExDcaYUM=
8,16,eKIKXaAHADwmiFvkqTiW/HAKGzY=,OHxzcfmtfRZN91psue+6eBpnqno=
3,18,eKIKXaAHADwmiFvkqTiW/HAKGzY=,mNM7tiPaOdkb7S/tOStExDcaYUM=
6,17,eKIKXaAHADwmiFvkqTiW/HAKGzY=,mNM7tiPaOdkb7S/tOStExDcaYUM=
2,16,eKIKXaAHADwmiFvkqTiW/HAKGzY=,mNM7tiPaOdkb7S/tOStExDcaYUM=
7,16,eKIKXaAHADwmiFvkqTiW/HAKGzY=,mNM7tiPaOdkb7S/tOStExDcaYUM=
2,20,eKIKXaAHADwmiFvkqTiW/HAKGzY=,mNM7tiPaOdkb7S/tOStExDcaYUM=
11,23,eKIKXaAHADwmiFvkqTiW/HAKGzY=,OHxzcfmtfRZN91psue+6eBpnqno=
4,18,eKIKXaAHADwmiFvkqTiW/HAKGzY=,mNM7tiPaOdkb7S/tOStExDcaYUM=
3,16,eKIKXaAHADwmiFvkqTiW/HAKGzY=,mNM7tiPaOdkb7S/tOStExDcaYUM=
7,19,eKIKXaAHADwmiFvkqTiW/HAKGzY=,mNM7tiPaOdkb7S/tOStExDcaYUM=
8,24,eKIKXaAHADwmiFvkqTiW/HAKGzY=,Z5hdEJzHGtGl7rL+gNIY5z1nEeg=
3,19,eKIKXaAHADwmiFvkqTiW/HAKGzY=,mNM7tiPaOdkb7S/tOStExDcaYUM=
6,16,eKIKXaAHADwmiFvkqTiW/HAKGzY=,mNM7tiPaOdkb7S/tOStExDcaYUM=
6,19,eKIKXaAHADwmiFvkqTiW/HAKGzY=,mNM7tiPaOdkb7S/tOStExDcaYUM=
7,21,eKIKXaAHADwmiFvkqTiW/HAKGzY=,mNM7tiPaOdkb7S/tOStExDcaYUM=
7,22,eKIKXaAHADwmiFvkqTiW/HAKGzY=,mNM7tiPaOdkb7S/tOStExDcaYUM=
0,21,eKIKXaAHADwmiFvkqTiW/HAKGzY=,mNM7tiPaOdkb7S/tOStExDcaYUM=
6,22,eKIKXaAHADwmiFvkqTiW/HAKGzY=,mNM7tiPaOdkb7S/tOStExDcaYUM=
5,16,eKIKXaAHADwmiFvkqTiW/HAKGzY=,mNM7tiPaOdkb7S/tOStExDcaYUM=
5,19,eKIKXaAHADwmiFvkqTiW/HAKGzY=,mNM7tiPaOdkb7S/tOStExDcaYUM=
1,20,eKIKXaAHADwmiFvkqTiW/HAKGzY=,mNM7tiPaOdkb7S/tOStExDcaYUM=
4,19,eKIKXaAHADwmiFvkqTiW/HAKGzY=,mNM7tiPaOdkb7S/tOStExDcaYUM=
6,21,eKIKXaAHADwmiFvkqTiW/HAKGzY=,mNM7tiPaOdkb7S/tOStExDcaYUM=
1,16,eKIKXaAHADwmiFvkqTiW/HAKGzY=,mNM7tiPaOdkb7S/tOStExDcaYUM=
14,18,eKIKXaAHADwmiFvkqTiW/HAKGzY=,OHxzcfmtfRZN91psue+6eBpnqno=
13,24,eKIKXaAHADwmiFvkqTiW/HAKGzY=,Z5hdEJzHGtGl7rL+gNIY5z1nEeg=
13,18,eKIKXaAHADwmiFvkqTiW/HAKGzY=,OHxzcfmtfRZN91psue+6eBpnqno=
9,23,eKIKXaAHADwmiFvkqTiW/HAKGzY=,OHxzcfmtfRZN91psue+6eBpnqno=
13,20,eKIKXaAHADwmiFvkqTiW/HAKGzY=,OHxzcfmtfRZN91psue+6eBpnqno=
15,22,eKIKXaAHADwmiFvkqTiW/HAKGzY=,OHxzcfmtfRZN91psue+6eBpnqno=
14,24,eKIKXaAHADwmiFvkqTiW/HAKGzY=,Z5hdEJzHGtGl7rL+gNIY5z1nEeg=
0,20,eKIKXaAHADwmiFvkqTiW/HAKGzY=,mNM7tiPaOdkb7S/tOStExDcaYUM=
12,18,eKIKXaAHADwmiFvkqTiW/HAKGzY=,OHxzcfmtfRZN91psue+6eBpnqno=
13,22,eKIKXaAHADwmiFvkqTiW/HAKGzY=,OHxzcfmtfRZN91psue+6eBpnqno=
15,24,eKIKXaAHADwmiFvkqTiW/HAKGzY=,Z5hdEJzHGtGl7rL+gNIY5z1nEeg=
12,22,eKIKXaAHADwmiFvkqTiW/HAKGzY=,OHxzcfmtfRZN91psue+6eBpnqno=
14,20,eKIKXaAHADwmiFvkqTiW/HAKGzY=,OHxzcfmtfRZN91psue+6eBpnqno=
11,22,eKIKXaAHADwmiFvkqTiW/HAKGzY=,OHxzcfmtfRZN91psue+6eBpnqno=
10,22,eKIKXaAHADwmiFvkqTiW/HAKGzY=,OHxzcfmtfRZN91psue+6eBpnqno=
5,17,eKIKXaAHADwmiFvkqTiW/HAKGzY=,mNM7tiPaOdkb7S/tOStExDcaYUM=
9,22,eKIKXaAHADwmiFvkqTiW/HAKGzY=,OHxzcfmtfRZN91psue+6eBpnqno=
9,16,eKIKXaAHADwmiFvkqTiW/HAKGzY=,OHxzcfmtfRZN91psue+6eBpnqno=
11,18,eKIKXaAHADwmiFvkqTiW/HAKGzY=,OHxzcfmtfRZN91psue+6eBpnqno=
10,18,eKIKXaAHADwmiFvkqTiW/HAKGzY=,OHxzcfmtfRZN91psue+6eBpnqno=
0,30,eKIKXaAHADwmiFvkqTiW/HAKGzY=,NHP8gIj7nHdsYBLHaLZkQxQYAX0=
0,29,eKIKXaAHADwmiFvkqTiW/HAKGzY=,NHP8gIj7nHdsYBLHaLZkQxQYAX0=
0,28,eKIKXaAHADwmiFvkqTiW/HAKGzY=,NHP8gIj7nHdsYBLHaLZkQxQYAX0=
10,23,eKIKXaAHADwmiFvkqTiW/HAKGzY=,OHxzcfmtfRZN91psue+6eBpnqno=
14,17,eKIKXaAHADwmiFvkqTiW/HAKGzY=,OHxzcfmtfRZN91psue+6eBpnqno=
9,18,eKIKXaAHADwmiFvkqTiW/HAKGzY=,OHxzcfmtfRZN91psue+6eBpnqno=
15,17,eKIKXaAHADwmiFvkqTiW/HAKGzY=,OHxzcfmtfRZN91psue+6eBpnqno=
10,16,eKIKXaAHADwmiFvkqTiW/HAKGzY=,OHxzcfmtfRZN91psue+6eBpnqno=
0,24,eKIKXaAHADwmiFvkqTiW/HAKGzY=,NHP8gIj7nHdsYBLHaLZkQxQYAX0=
0,26,eKIKXaAHADwmiFvkqTiW/HAKGzY=,NHP8gIj7nHdsYBLHaLZkQxQYAX0=
15,21,eKIKXaAHADwmiFvkqTiW/HAKGzY=,OHxzcfmtfRZN91psue+6eBpnqno=
0,25,eKIKXaAHADwmiFvkqTiW/HAKGzY=,NHP8gIj7nHdsYBLHaLZkQxQYAX0=
0,27,eKIKXaAHADwmiFvkqTiW/HAKGzY=,NHP8gIj7nHdsYBLHaLZkQxQYAX0=
14,21,eKIKXaAHADwmiFvkqTiW/HAKGzY=,OHxzcfmtfRZN91psue+6eBpnqno=
13,21,eKIKXaAHADwmiFvkqTiW/HAKGzY=,OHxzcfmtfRZN91psue+6eBpnqno=
13,17,eKIKXaAHADwmiFvkqTiW/HAKGzY=,OHxzcfmtfRZN91psue+6eBpnqno=
12,21,eKIKXaAHADwmiFvkqTiW/HAKGzY=,OHxzcfmtfRZN91psue+6eBpnqno=
15,20,eKIKXaAHADwmiFvkqTiW/HAKGzY=,OHxzcfmtfRZN91psue+6eBpnqno=
12,17,eKIKXaAHADwmiFvkqTiW/HAKGzY=,OHxzcfmtfRZN91psue+6eBpnqno=
11,17,eKIKXaAHADwmiFvkqTiW/HAKGzY=,OHxzcfmtfRZN91psue+6eBpnqno=
0,23,eKIKXaAHADwmiFvkqTiW/HAKGzY=,mNM7tiPaOdkb7S/tOStExDcaYUM=
11,21,eKIKXaAHADwmiFvkqTiW/HAKGzY=,OHxzcfmtfRZN91psue+6eBpnqno=
10,17,eKIKXaAHADwmiFvkqTiW/HAKGzY=,OHxzcfmtfRZN91psue+6eBpnqno=
9,17,eKIKXaAHADwmiFvkqTiW/HAKGzY=,OHxzcfmtfRZN91psue+6eBpnqno=
10,21,eKIKXaAHADwmiFvkqTiW/HAKGzY=,OHxzcfmtfRZN91psue+6eBpnqno=
14,16,eKIKXaAHADwmiFvkqTiW/HAKGzY=,OHxzcfmtfRZN91psue+6eBpnqno=
11,16,eKIKXaAHADwmiFvkqTiW/HAKGzY=,OHxzcfmtfRZN91psue+6eBpnqno=
13,16,eKIKXaAHADwmiFvkqTiW/HAKGzY=,OHxzcfmtfRZN91psue+6eBpnqno=
14,22,eKIKXaAHADwmiFvkqTiW/HAKGzY=,OHxzcfmtfRZN91psue+6eBpnqno=
9,21,eKIKXaAHADwmiFvkqTiW/HAKGzY=,OHxzcfmtfRZN91psue+6eBpnqno=
12,16,eKIKXaAHADwmiFvkqTiW/HAKGzY=,OHxzcfmtfRZN91psue+6eBpnqno=
0,31,eKIKXaAHADwmiFvkqTiW/HAKGzY=,NHP8gIj7nHdsYBLHaLZkQxQYAX0=
15,31,eKIKXaAHADwmiFvkqTiW/HAKGzY=,Z5hdEJzHGtGl7rL+gNIY5z1nEeg=
15,16,eKIKXaAHADwmiFvkqTiW/HAKGzY=,OHxzcfmtfRZN91psue+6eBpnqno=
0,16,eKIKXaAHADwmiFvkqTiW/HAKGzY=,mNM7tiPaOdkb7S/tOStExDcaYUM=
20,29,6zSrgKKL2owFMYIIEO8/Gs7LTnI=,mlQA9grVuklbYJyVbi4eUq0V9gg=
18,29,6zSrgKKL2owFMYIIEO8/Gs7LTnI=,mlQA9grVuklbYJyVbi4eUq0V9gg=
22,28,6zSrgKKL2owFMYIIEO8/Gs7LTnI=,mlQA9grVuklbYJyVbi4eUq0V9gg=
21,28,6zSrgKKL2owFMYIIEO8/Gs7LTnI=,mlQA9grVuklbYJyVbi4eUq0V9gg=
20,28,6zSrgKKL2owFMYIIEO8/Gs7LTnI=,mlQA9grVuklbYJyVbi4eUq0V9gg=
19,28,6zSrgKKL2owFMYIIEO8/Gs7LTnI=,mlQA9grVuklbYJyVbi4eUq0V9gg=
18,28,6zSrgKKL2owFMYIIEO8/Gs7LTnI=,mlQA9grVuklbYJyVbi4eUq0V9gg=
17,29,6zSrgKKL2owFMYIIEO8/Gs7LTnI=,mlQA9grVuklbYJyVbi4eUq0V9gg=
22,27,6zSrgKKL2owFMYIIEO8/Gs7LTnI=,mlQA9grVuklbYJyVbi4eUq0V9gg=
21,27,6zSrgKKL2owFMYIIEO8/Gs7LTnI=,mlQA9grVuklbYJyVbi4eUq0V9gg=
17,28,6zSrgKKL2owFMYIIEO8/Gs7LTnI=,mlQA9grVuklbYJyVbi4eUq0V9gg=
20,27,6zSrgKKL2owFMYIIEO8/Gs7LTnI=,mlQA9grVuklbYJyVbi4eUq0V9gg=
19,27,6zSrgKKL2owFMYIIEO8/Gs7LTnI=,mlQA9grVuklbYJyVbi4eUq0V9gg=
22,26,6zSrgKKL2owFMYIIEO8/Gs7LTnI=,mlQA9grVuklbYJyVbi4eUq0V9gg=
18,27,6zSrgKKL2owFMYIIEO8/Gs7LTnI=,mlQA9grVuklbYJyVbi4eUq0V9gg=
17,27,6zSrgKKL2owFMYIIEO8/Gs7LTnI=,mlQA9grVuklbYJyVbi4eUq0V9gg=
21,26,6zSrgKKL2owFMYIIEO8/Gs7LTnI=,mlQA9grVuklbYJyVbi4eUq0V9gg=
20,26,6zSrgKKL2owFMYIIEO8/Gs7LTnI=,mlQA9grVuklbYJyVbi4eUq0V9gg=
19,29,6zSrgKKL2owFMYIIEO8/Gs7LTnI=,mlQA9grVuklbYJyVbi4eUq0V9gg=
19,26,6zSrgKKL2owFMYIIEO8/Gs7LTnI=,mlQA9grVuklbYJyVbi4eUq0V9gg=
17,26,6zSrgKKL2owFMYIIEO8/Gs7LTnI=,mlQA9grVuklbYJyVbi4eUq0V9gg=
22,25,6zSrgKKL2owFMYIIEO8/Gs7LTnI=,mlQA9grVuklbYJyVbi4eUq0V9gg=
22,30,6zSrgKKL2owFMYIIEO8/Gs7LTnI=,mlQA9grVuklbYJyVbi4eUq0V9gg=
21,30,6zSrgKKL2owFMYIIEO8/Gs7LTnI=,mlQA9grVuklbYJyVbi4eUq0V9gg=
20,30,JB+0vVPmTwMQnQkphuvKujK3Oeo=,mlQA9grVuklbYJyVbi4eUq0V9gg=
19,30,JB+0vVPmTwMQnQkphuvKujK3Oeo=,mlQA9grVuklbYJyVbi4eUq0V9gg=
20,25,JB+0vVPmTwMQnQkphuvKujK3Oeo=,mlQA9grVuklbYJyVbi4eUq0V9gg=
18,25,JB+0vVPmTwMQnQkphuvKujK3Oeo=,mlQA9grVuklbYJyVbi4eUq0V9gg=
22,29,JB+0vVPmTwMQnQkphuvKujK3Oeo=,mlQA9grVuklbYJyVbi4eUq0V9gg=
19,25,JB+0vVPmTwMQnQkphuvKujK3Oeo=,mlQA9grVuklbYJyVbi4eUq0V9gg=
21,29,JB+0vVPmTwMQnQkphuvKujK3Oeo=,mlQA9grVuklbYJyVbi4eUq0V9gg=
18,30,JB+0vVPmTwMQnQkphuvKujK3Oeo=,mlQA9grVuklbYJyVbi4eUq0V9gg=
17,25,JB+0vVPmTwMQnQkphuvKujK3Oeo=,mlQA9grVuklbYJyVbi4eUq0V9gg=
17,30,JB+0vVPmTwMQnQkphuvKujK3Oeo=,mlQA9grVuklbYJyVbi4eUq0V9gg=
18,26,JB+0vVPmTwMQnQkphuvKujK3Oeo=,mlQA9grVuklbYJyVbi4eUq0V9gg=
21,25,JB+0vVPmTwMQnQkphuvKujK3Oeo=,mlQA9grVuklbYJyVbi4eUq0V9gg=
28,27,JB+0vVPmTwMQnQkphuvKujK3Oeo=,Nk+V4uHKZv7Gc8xNGMl4GTKK6XQ=
23,29,JB+0vVPmTwMQnQkphuvKujK3Oeo=,mlQA9grVuklbYJyVbi4eUq0V9gg=
29,27,JB+0vVPmTwMQnQkphuvKujK3Oeo=,Nk+V4uHKZv7Gc8xNGMl4GTKK6XQ=
30,27,JB+0vVPmTwMQnQkphuvKujK3Oeo=,Nk+V4uHKZv7Gc8xNGMl4GTKK6XQ=
27,27,JB+0vVPmTwMQnQkphuvKujK3Oeo=,Nk+V4uHKZv7Gc8xNGMl4GTKK6XQ=
26,27,JB+0vVPmTwMQnQkphuvKujK3Oeo=,Nk+V4uHKZv7Gc8xNGMl4GTKK6XQ=
30,26,JB+0vVPmTwMQnQkphuvKujK3Oeo=,Nk+V4uHKZv7Gc8xNGMl4GTKK6XQ=
24,27,JB+0vVPmTwMQnQkphuvKujK3Oeo=,Nk+V4uHKZv7Gc8xNGMl4GTKK6XQ=
25,27,JB+0vVPmTwMQnQkphuvKujK3Oeo=,Nk+V4uHKZv7Gc8xNGMl4GTKK6XQ=
27,26,JB+0vVPmTwMQnQkphuvKujK3Oeo=,Nk+V4uHKZv7Gc8xNGMl4GTKK6XQ=
26,26,JB+0vVPmTwMQnQkphuvKujK3Oeo=,Nk+V4uHKZv7Gc8xNGMl4GTKK6XQ=
25,26,JB+0vVPmTwMQnQkphuvKujK3Oeo=,Nk+V4uHKZv7Gc8xNGMl4GTKK6XQ=
24,28,JB+0vVPmTwMQnQkphuvKujK3Oeo=,Nk+V4uHKZv7Gc8xNGMl4GTKK6XQ=
29,26,JB+0vVPmTwMQnQkphuvKujK3Oeo=,Nk+V4uHKZv7Gc8xNGMl4GTKK6XQ=
28,26,JB+0vVPmTwMQnQkphuvKujK3Oeo=,Nk+V4uHKZv7Gc8xNGMl4GTKK6XQ=
24,26,JB+0vVPmTwMQnQkphuvKujK3Oeo=,Nk+V4uHKZv7Gc8xNGMl4GTKK6XQ=
23,28,JB+0vVPmTwMQnQkphuvKujK3Oeo=,mlQA9grVuklbYJyVbi4eUq0V9gg=
25,28,JB+0vVPmTwMQnQkphuvKujK3Oeo=,Nk+V4uHKZv7Gc8xNGMl4GTKK6XQ=
30,25,JB+0vVPmTwMQnQkphuvKujK3Oeo=,Nk+V4uHKZv7Gc8xNGMl4GTKK6XQ=
29,25,JB+0vVPmTwMQnQkphuvKujK3Oeo=,Nk+V4uHKZv7Gc8xNGMl4GTKK6XQ=
26,28,JB+0vVPmTwMQnQkphuvKujK3Oeo=,Nk+V4uHKZv7Gc8xNGMl4GTKK6XQ=
27,25,JB+0vVPmTwMQnQkphuvKujK3Oeo=,Nk+V4uHKZv7Gc8xNGMl4GTKK6XQ=
28,25,JB+0vVPmTwMQnQkphuvKujK3Oeo=,Nk+V4uHKZv7Gc8xNGMl4GTKK6XQ=
23,30,JB+0vVPmTwMQnQkphuvKujK3Oeo=,mlQA9grVuklbYJyVbi4eUq0V9gg=
26,25,JB+0vVPmTwMQnQkphuvKujK3Oeo=,Nk+V4uHKZv7Gc8xNGMl4GTKK6XQ=
24,25,JB+0vVPmTwMQnQkphuvKujK3Oeo=,Nk+V4uHKZv7Gc8xNGMl4GTKK6XQ=
25,25,JB+0vVPmTwMQnQkphuvKujK3Oeo=,Nk+V4uHKZv7Gc8xNGMl4GTKK6XQ=
29,30,JB+0vVPmTwMQnQkphuvKujK3Oeo=,Nk+V4uHKZv7Gc8xNGMl4GTKK6XQ=
28,30,JB+0vVPmTwMQnQkphuvKujK3Oeo=,Nk+V4uHKZv7Gc8xNGMl4GTKK6XQ=
30,30,JB+0vVPmTwMQnQkphuvKujK3Oeo=,Nk+V4uHKZv7Gc8xNGMl4GTKK6XQ=
27,28,rb1cmr+79587cuhERXOt/3lm75w=,Nk+V4uHKZv7Gc8xNGMl4GTKK6XQ=
23,27,rb1cmr+79587cuhERXOt/3lm75w=,mlQA9grVuklbYJyVbi4eUq0V9gg=
27,30,rb1cmr+79587cuhERXOt/3lm75w=,Nk+V4uHKZv7Gc8xNGMl4GTKK6XQ=
24,30,rb1cmr+79587cuhERXOt/3lm75w=,Nk+V4uHKZv7Gc8xNGMl4GTKK6XQ=
23,26,rb1cmr+79587cuhERXOt/3lm75w=,mlQA9grVuklbYJyVbi4eUq0V9gg=
26,30,rb1cmr+79587cuhERXOt/3lm75w=,Nk+V4uHKZv7Gc8xNGMl4GTKK6XQ=
29,29,rb1cmr+79587cuhERXOt/3lm75w=,Nk+V4uHKZv7Gc8xNGMl4GTKK6XQ=
29,28,rb1cmr+79587cuhERXOt/3lm75w=,Nk+V4uHKZv7Gc8xNGMl4GTKK6XQ=
28,28,rb1cmr+79587cuhERXOt/3lm75w=,Nk+V4uHKZv7Gc8xNGMl4GTKK6XQ=
30,28,rb1cmr+79587cuhERXOt/3lm75w=,Nk+V4uHKZv7Gc8xNGMl4GTKK6XQ=
25,30,rb1cmr+79587cuhERXOt/3lm75w=,Nk+V4uHKZv7Gc8xNGMl4GTKK6XQ=
30,29,rb1cmr+79587cuhERXOt/3lm75w=,Nk+V4uHKZv7Gc8xNGMl4GTKK6XQ=
28,29,rb1cmr+79587cuhERXOt/3lm75w=,Nk+V4uHKZv7Gc8xNGMl4GTKK6XQ=
23,25,rb1cmr+79587cuhERXOt/3lm75w=,mlQA9grVuklbYJyVbi4eUq0V9gg=
27,29,rb1cmr+79587cuhERXOt/3lm75w=,Nk+V4uHKZv7Gc8xNGMl4GTKK6XQ=
24,29,rb1cmr+79587cuhERXOt/3lm75w=,Nk+V4uHKZv7Gc8xNGMl4GTKK6XQ=
26,29,rb1cmr+79587cuhERXOt/3lm75w=,Nk+V4uHKZv7Gc8xNGMl4GTKK6XQ=
25,29,rb1cmr+79587cuhERXOt/3lm75w=,Nk+V4uHKZv7Gc8xNGMl4GTKK6XQ=
20,23,rb1cmr+79587cuhERXOt/3lm75w=,ivaZOi3ewYnZtZlOUBu998fGEeQ=
22,20,rb1cmr+79587cuhERXOt/3lm75w=,ivaZOi3ewYnZtZlOUBu998fGEeQ=
20,21,rb1cmr+79587cuhERXOt/3lm75w=,ivaZOi3ewYnZtZlOUBu998fGEeQ=
18,21,rb1cmr+79587cuhERXOt/3lm75w=,ivaZOi3ewYnZtZlOUBu998fGEeQ=
19,21,rb1cmr+79587cuhERXOt/3lm75w=,ivaZOi3ewYnZtZlOUBu998fGEeQ=
17,21,rb1cmr+79587cuhERXOt/3lm75w=,ivaZOi3ewYnZtZlOUBu998fGEeQ=
17,20,rb1cmr+79587cuhERXOt/3lm75w=,ivaZOi3ewYnZtZlOUBu998fGEeQ=
22,19,rb1cmr+79587cuhERXOt/3lm75w=,ivaZOi3ewYnZtZlOUBu998fGEeQ=
21,19,rb1cmr+79587cuhERXOt/3lm75w=,ivaZOi3ewYnZtZlOUBu998fGEeQ=
17,19,rb1cmr+79587cuhERXOt/3lm75w=,ivaZOi3ewYnZtZlOUBu998fGEeQ=
21,20,rb1cmr+79587cuhERXOt/3lm75w=,ivaZOi3ewYnZtZlOUBu998fGEeQ=
21,23,rb1cmr+79587cuhERXOt/3lm75w=,ivaZOi3ewYnZtZlOUBu998fGEeQ=
20,20,rb1cmr+79587cuhERXOt/3lm75w=,ivaZOi3ewYnZtZlOUBu998fGEeQ=
22,23,rb1cmr+79587cuhERXOt/3lm75w=,ivaZOi3ewYnZtZlOUBu998fGEeQ=
19,23,rb1cmr+79587cuhERXOt/3lm75w=,ivaZOi3ewYnZtZlOUBu998fGEeQ=
19,20,rb1cmr+79587cuhERXOt/3lm75w=,ivaZOi3ewYnZtZlOUBu998fGEeQ=
18,23,rb1cmr+79587cuhERXOt/3lm75w=,ivaZOi3ewYnZtZlOUBu998fGEeQ=
18,20,rb1cmr+79587cuhERXOt/3lm75w=,ivaZOi3ewYnZtZlOUBu998fGEeQ=
20,19,rb1cmr+79587cuhERXOt/3lm75w=,ivaZOi3ewYnZtZlOUBu998fGEeQ=
19,19,rb1cmr+79587cuhERXOt/3lm75w=,ivaZOi3ewYnZtZlOUBu998fGEeQ=
17,18,rb1cmr+79587cuhERXOt/3lm75w=,ivaZOi3ewYnZtZlOUBu998fGEeQ=
22,17,rb1cmr+79587cuhERXOt/3lm75w=,ivaZOi3ewYnZtZlOUBu998fGEeQ=
19,17,rb1cmr+79587cuhERXOt/3lm75w=,ivaZOi3ewYnZtZlOUBu998fGEeQ=
22,18,rb1cmr+79587cuhERXOt/3lm75w=,ivaZOi3ewYnZtZlOUBu998fGEeQ=
21,17,rb1cmr+79587cuhERXOt/3lm75w=,ivaZOi3ewYnZtZlOUBu998fGEeQ=
21,21,rb1cmr+79587cuhERXOt/3lm75w=,ivaZOi3ewYnZtZlOUBu998fGEeQ=
20,22,rb1cmr+79587cuhERXOt/3lm75w=,ivaZOi3ewYnZtZlOUBu998fGEeQ=
21,22,rb1cmr+79587cuhERXOt/3lm75w=,ivaZOi3ewYnZtZlOUBu998fGEeQ=
17,23,rb1cmr+79587cuhERXOt/3lm75w=,ivaZOi3ewYnZtZlOUBu998fGEeQ=
21,18,rb1cmr+79587cuhERXOt/3lm75w=,ivaZOi3ewYnZtZlOUBu998fGEeQ=
19,22,rb1cmr+79587cuhERXOt/3lm75w=,ivaZOi3ewYnZtZlOUBu998fGEeQ=
17,22,rb1cmr+79587cuhERXOt/3lm75w=,ivaZOi3ewYnZtZlOUBu998fGEeQ=
22,22,rb1cmr+79587cuhERXOt/3lm75w=,ivaZOi3ewYnZtZlOUBu998fGEeQ=
18,22,rb1cmr+79587cuhERXOt/3lm75w=,ivaZOi3ewYnZtZlOUBu998fGEeQ=
20,18,rb1cmr+79587cuhERXOt/3lm75w=,ivaZOi3ewYnZtZlOUBu998fGEeQ=
22,21,rb1cmr+79587cuhERXOt/3lm75w=,ivaZOi3ewYnZtZlOUBu998fGEeQ=
18,17,rb1cmr+79587cuhERXOt/3lm75w=,ivaZOi3ewYnZtZlOUBu998fGEeQ=
19,18,rb1cmr+79587cuhERXOt/3lm75w=,ivaZOi3ewYnZtZlOUBu998fGEeQ=
18,19,rb1cmr+79587cuhERXOt/3lm75w=,ivaZOi3ewYnZtZlOUBu998fGEeQ=
17,17,rb1cmr+79587cuhERXOt/3lm75w=,ivaZOi3ewYnZtZlOUBu998fGEeQ=
17,24,rb1cmr+79587cuhERXOt/3lm75w=,mlQA9grVuklbYJyVbi4eUq0V9gg=
20,17,rb1cmr+79587cuhERXOt/3lm75w=,ivaZOi3ewYnZtZlOUBu998fGEeQ=
22,24,rb1cmr+79587cuhERXOt/3lm75w=,mlQA9grVuklbYJyVbi4eUq0V9gg=
21,24,rb1cmr+79587cuhERXOt/3lm75w=,mlQA9grVuklbYJyVbi4eUq0V9gg=
19,24,rb1cmr+79587cuhERXOt/3lm75w=,mlQA9grVuklbYJyVbi4eUq0V9gg=
20,24,rb1cmr+79587cuhERXOt/3lm75w=,mlQA9grVuklbYJyVbi4eUq0V9gg=
18,18,rb1cmr+79587cuhERXOt/3lm75w=,ivaZOi3ewYnZtZlOUBu998fGEeQ=
18,24,rb1cmr+79587cuhERXOt/3lm75w=,mlQA9grVuklbYJyVbi4eUq0V9gg=
23,19,rb1cmr+79587cuhERXOt/3lm75w=,ivaZOi3ewYnZtZlOUBu998fGEeQ=
27,19,rb1cmr+79587cuhERXOt/3lm75w=,Vuvb4szeo4gKIWiJxiR9sSSDzw4=
26,19,rb1cmr+79587cuhERXOt/3lm75w=,Vuvb4szeo4gKIWiJxiR9sSSDzw4=
28,19,rb1cmr+79587cuhERXOt/3lm75w=,Vuvb4szeo4gKIWiJxiR9sSSDzw4=
25,19,rb1cmr+79587cuhERXOt/3lm75w=,Vuvb4szeo4gKIWiJxiR9sSSDzw4=
30,23,rb1cmr+79587cuhERXOt/3lm75w=,Vuvb4szeo4gKIWiJxiR9sSSDzw4=
29,23,rb1cmr+79587cuhERXOt/3lm75w=,Vuvb4szeo4gKIWiJxiR9sSSDzw4=
28,23,rb1cmr+79587cuhERXOt/3lm75w=,Vuvb4szeo4gKIWiJxiR9sSSDzw4=
23,23,rb1cmr+79587cuhERXOt/3lm75w=,ivaZOi3ewYnZtZlOUBu998fGEeQ=
24,19,rb1cmr+79587cuhERXOt/3lm75w=,Vuvb4szeo4gKIWiJxiR9sSSDzw4=
23,20,rb1cmr+79587cuhERXOt/3lm75w=,ivaZOi3ewYnZtZlOUBu998fGEeQ=
27,23,rb1cmr+79587cuhERXOt/3lm75w=,Vuvb4szeo4gKIWiJxiR9sSSDzw4=
30,18,rb1cmr+79587cuhERXOt/3lm75w=,Vuvb4szeo4gKIWiJxiR9sSSDzw4=
26,23,rb1cmr+79587cuhERXOt/3lm75w=,Vuvb4szeo4gKIWiJxiR9sSSDzw4=
29,19,rb1cmr+79587cuhERXOt/3lm75w=,Vuvb4szeo4gKIWiJxiR9sSSDzw4=
25,23,rb1cmr+79587cuhERXOt/3lm75w=,Vuvb4szeo4gKIWiJxiR9sSSDzw4=
28,18,rb1cmr+79587cuhERXOt/3lm75w=,Vuvb4szeo4gKIWiJxiR9sSSDzw4=
29,18,rb1cmr+79587cuhERXOt/3lm75w=,Vuvb4szeo4gKIWiJxiR9sSSDzw4=
27,18,rb1cmr+79587cuhERXOt/3lm75w=,Vuvb4szeo4gKIWiJxiR9sSSDzw4=
26,18,rb1cmr+79587cuhERXOt/3lm75w=,Vuvb4szeo4gKIWiJxiR9sSSDzw4=
24,23,rb1cmr+79587cuhERXOt/3lm75w=,Vuvb4szeo4gKIWiJxiR9sSSDzw4=
24,18,rb1cmr+79587cuhERXOt/3lm75w=,Vuvb4szeo4gKIWiJxiR9sSSDzw4=
30,17,rb1cmr+79587cuhERXOt/3lm75w=,Vuvb4szeo4gKIWiJxiR9sSSDzw4=
27,17,rb1cmr+79587cuhERXOt/3lm75w=,Vuvb4szeo4gKIWiJxiR9sSSDzw4=
29,17,rb1cmr+79587cuhERXOt/3lm75w=,Vuvb4szeo4gKIWiJxiR9sSSDzw4=
26,17,rb1cmr+79587cuhERXOt/3lm75w=,Vuvb4szeo4gKIWiJxiR9sSSDzw4=
23,17,rb1cmr+79587cuhERXOt/3lm75w=,ivaZOi3ewYnZtZlOUBu998fGEeQ=
23,18,rb1cmr+79587cuhERXOt/3lm75w=,ivaZOi3ewYnZtZlOUBu998fGEeQ=
25,17,rb1cmr+79587cuhERXOt/3lm75w=,Vuvb4szeo4gKIWiJxiR9sSSDzw4=
28,17,rb1cmr+79587cuhERXOt/3lm75w=,Vuvb4szeo4gKIWiJxiR9sSSDzw4=
30,22,rb1cmr+79587cuhERXOt/3lm75w=,Vuvb4szeo4gKIWiJxiR9sSSDzw4=
24,17,rb1cmr+79587cuhERXOt/3lm75w=,Vuvb4szeo4gKIWiJxiR9sSSDzw4=
29,22,rb1cmr+79587cuhERXOt/3lm75w=,Vuvb4szeo4gKIWiJxiR9sSSDzw4=
29,24,rb1cmr+79587cuhERXOt/3lm75w=,Nk+V4uHKZv7Gc8xNGMl4GTKK6XQ=
28,24,rb1cmr+79587cuhERXOt/3lm75w=,Nk+V4uHKZv7Gc8xNGMl4GTKK6XQ=
27,24,rb1cmr+79587cuhERXOt/3lm75w=,Nk+V4uHKZv7Gc8xNGMl4GTKK6XQ=
26,24,rb1cmr+79587cuhERXOt/3lm75w=,Nk+V4uHKZv7Gc8xNGMl4GTKK6XQ=
25,24,rb1cmr+79587cuhERXOt/3lm75w=,Nk+V4uHKZv7Gc8xNGMl4GTKK6XQ=
25,18,rb1cmr+79587cuhERXOt/3lm75w=,Vuvb4szeo4gKIWiJxiR9sSSDzw4=
30,19,rb1cmr+79587cuhERXOt/3lm75w=,Vuvb4szeo4gKIWiJxiR9sSSDzw4=
26,22,rb1cmr+79587cuhERXOt/3lm75w=,Vuvb4szeo4gKIWiJxiR9sSSDzw4=
28,22,rb1cmr+79587cuhERXOt/3lm75w=,Vuvb4szeo4gKIWiJxiR9sSSDzw4=
25,22,rb1cmr+79587cuhERXOt/3lm75w=,Vuvb4szeo4gKIWiJxiR9sSSDzw4=
24,22,rb1cmr+79587cuhERXOt/3lm75w=,Vuvb4szeo4gKIWiJxiR9sSSDzw4=
23,24,rb1cmr+79587cuhERXOt/3lm75w=,mlQA9grVuklbYJyVbi4eUq0V9gg=
23,22,rb1cmr+79587cuhERXOt/3lm75w=,ivaZOi3ewYnZtZlOUBu998fGEeQ=
30,21,rb1cmr+79587cuhERXOt/3lm75w=,Vuvb4szeo4gKIWiJxiR9sSSDzw4=
24,24,rb1cmr+79587cuhERXOt/3lm75w=,Nk+V4uHKZv7Gc8xNGMl4GTKK6XQ=
29,21,rb1cmr+79587cuhERXOt/3lm75w=,Vuvb4szeo4gKIWiJxiR9sSSDzw4=
24,20,rb1cmr+79587cuhERXOt/3lm75w=,Vuvb4szeo4gKIWiJxiR9sSSDzw4=
27,21,rb1cmr+79587cuhERXOt/3lm75w=,Vuvb4szeo4gKIWiJxiR9sSSDzw4=
28,21,rb1cmr+79587cuhERXOt/3lm75w=,Vuvb4szeo4gKIWiJxiR9sSSDzw4=
27,22,rb1cmr+79587cuhERXOt/3lm75w=,Vuvb4szeo4gKIWiJxiR9sSSDzw4=
25,21,rb1cmr+79587cuhERXOt/3lm75w=,Vuvb4szeo4gKIWiJxiR9sSSDzw4=
24,21,rb1cmr+79587cuhERXOt/3lm75w=,Vuvb4szeo4gKIWiJxiR9sSSDzw4=
25,20,rb1cmr+79587cuhERXOt/3lm75w=,Vuvb4szeo4gKIWiJxiR9sSSDzw4=
29,20,rb1cmr+79587cuhERXOt/3lm75w=,Vuvb4szeo4gKIWiJxiR9sSSDzw4=
27,20,rb1cmr+79587cuhERXOt/3lm75w=,Vuvb4szeo4gKIWiJxiR9sSSDzw4=
28,20,rb1cmr+79587cuhERXOt/3lm75w=,Vuvb4szeo4gKIWiJxiR9sSSDzw4=
26,20,rb1cmr+79587cuhERXOt/3lm75w=,Vuvb4szeo4gKIWiJxiR9sSSDzw4=
30,20,rb1cmr+79587cuhERXOt/3lm75w=,Vuvb4szeo4gKIWiJxiR9sSSDzw4=
23,21,rb1cmr+79587cuhERXOt/3lm75w=,ivaZOi3ewYnZtZlOUBu998fGEeQ=
26,21,rb1cmr+79587cuhERXOt/3lm75w=,Vuvb4szeo4gKIWiJxiR9sSSDzw4=
30,24,rb1cmr+79587cuhERXOt/3lm75w=,Nk+V4uHKZv7Gc8xNGMl4GTKK6XQ=
31,19,rb1cmr+79587cuhERXOt/3lm75w=,Vuvb4szeo4gKIWiJxiR9sSSDzw4=
31,18,rb1cmr+79587cuhERXOt/3lm75w=,Vuvb4szeo4gKIWiJxiR9sSSDzw4=
31,17,rb1cmr+79587cuhERXOt/3lm75w=,Vuvb4szeo4gKIWiJxiR9sSSDzw4=
31,20,rb1cmr+79587cuhERXOt/3lm75w=,Vuvb4szeo4gKIWiJxiR9sSSDzw4=
31,22,rb1cmr+79587cuhERXOt/3lm75w=,Vuvb4szeo4gKIWiJxiR9sSSDzw4=
31,21,rb1cmr+79587cuhERXOt/3lm75w=,Vuvb4szeo4gKIWiJxiR9sSSDzw4=
31,27,rb1cmr+79587cuhERXOt/3lm75w=,Nk+V4uHKZv7Gc8xNGMl4GTKK6XQ=
31,23,rb1cmr+79587cuhERXOt/3lm75w=,Vuvb4szeo4gKIWiJxiR9sSSDzw4=
31,26,rb1cmr+79587cuhERXOt/3lm75w=,Nk+V4uHKZv7Gc8xNGMl4GTKK6XQ=
31,24,rb1cmr+79587cuhERXOt/3lm75w=,Nk+V4uHKZv7Gc8xNGMl4GTKK6XQ=
31,28,rb1cmr+79587cuhERXOt/3lm75w=,Nk+V4uHKZv7Gc8xNGMl4GTKK6XQ=
31,25,rb1cmr+79587cuhERXOt/3lm75w=,Nk+V4uHKZv7Gc8xNGMl4GTKK6XQ=
31,30,rb1cmr+79587cuhERXOt/3lm75w=,Nk+V4uHKZv7Gc8xNGMl4GTKK6XQ=
31,29,rb1cmr+79587cuhERXOt/3lm75w=,Nk+V4uHKZv7Gc8xNGMl4GTKK6XQ=
25,31,rb1cmr+79587cuhERXOt/3lm75w=,Nk+V4uHKZv7Gc8xNGMl4GTKK6XQ=
26,31,rb1cmr+79587cuhERXOt/3lm75w=,Nk+V4uHKZv7Gc8xNGMl4GTKK6XQ=
27,31,rb1cmr+79587cuhERXOt/3lm75w=,Nk+V4uHKZv7Gc8xNGMl4GTKK6XQ=
28,31,rb1cmr+79587cuhERXOt/3lm75w=,Nk+V4uHKZv7Gc8xNGMl4GTKK6XQ=
29,31,rb1cmr+79587cuhERXOt/3lm75w=,Nk+V4uHKZv7Gc8xNGMl4GTKK6XQ=
30,31,rb1cmr+79587cuhERXOt/3lm75w=,Nk+V4uHKZv7Gc8xNGMl4GTKK6XQ=
24,31,rb1cmr+79587cuhERXOt/3lm75w=,Nk+V4uHKZv7Gc8xNGMl4GTKK6XQ=
23,31,rb1cmr+79587cuhERXOt/3lm75w=,mlQA9grVuklbYJyVbi4eUq0V9gg=
22,31,rb1cmr+79587cuhERXOt/3lm75w=,mlQA9grVuklbYJyVbi4eUq0V9gg=
21,31,rb1cmr+79587cuhERXOt/3lm75w=,mlQA9grVuklbYJyVbi4eUq0V9gg=
20,31,rb1cmr+79587cuhERXOt/3lm75w=,mlQA9grVuklbYJyVbi4eUq0V9gg=
19,31,rb1cmr+79587cuhERXOt/3lm75w=,mlQA9grVuklbYJyVbi4eUq0V9gg=
18,31,rb1cmr+79587cuhERXOt/3lm75w=,mlQA9grVuklbYJyVbi4eUq0V9gg=
17,31,rb1cmr+79587cuhERXOt/3lm75w=,mlQA9grVuklbYJyVbi4eUq0V9gg=
31,31,rb1cmr+79587cuhERXOt/3lm75w=,Nk+V4uHKZv7Gc8xNGMl4GTKK6XQ=
16,18,rb1cmr+79587cuhERXOt/3lm75w=,ivaZOi3ewYnZtZlOUBu998fGEeQ=
16,20,rb1cmr+79587cuhERXOt/3lm75w=,ivaZOi3ewYnZtZlOUBu998fGEeQ=
16,21,rb1cmr+79587cuhERXOt/3lm75w=,ivaZOi3ewYnZtZlOUBu998fGEeQ=
16,19,+85B9L1xxSTzpp14OC52Appg+60=,ivaZOi3ewYnZtZlOUBu998fGEeQ=
16,22,+85B9L1xxSTzpp14OC52Appg+60=,ivaZOi3ewYnZtZlOUBu998fGEeQ=
16,17,+85B9L1xxSTzpp14OC52Appg+60=,ivaZOi3ewYnZtZlOUBu998fGEeQ=
19,16,+85B9L1xxSTzpp14OC52Appg+60=,ivaZOi3ewYnZtZlOUBu998fGEeQ=
17,16,+85B9L1xxSTzpp14OC52Appg+60=,ivaZOi3ewYnZtZlOUBu998fGEeQ=
21,16,+85B9L1xxSTzpp14OC52Appg+60=,ivaZOi3ewYnZtZlOUBu998fGEeQ=
18,16,+85B9L1xxSTzpp14OC52Appg+60=,ivaZOi3ewYnZtZlOUBu998fGEeQ=
20,16,+85B9L1xxSTzpp14OC52Appg+60=,ivaZOi3ewYnZtZlOUBu998fGEeQ=
22,16,+85B9L1xxSTzpp14OC52Appg+60=,ivaZOi3ewYnZtZlOUBu998fGEeQ=
16,28,+85B9L1xxSTzpp14OC52Appg+60=,mlQA9grVuklbYJyVbi4eUq0V9gg=
16,30,+85B9L1xxSTzpp14OC52Appg+60=,mlQA9grVuklbYJyVbi4eUq0V9gg=
16,29,+85B9L1xxSTzpp14OC52Appg+60=,mlQA9grVuklbYJyVbi4eUq0V9gg=
16,26,+85B9L1xxSTzpp14OC52Appg+60=,mlQA9grVuklbYJyVbi4eUq0V9gg=
16,24,+85B9L1xxSTzpp14OC52Appg+60=,mlQA9grVuklbYJyVbi4eUq0V9gg=
16,27,+85B9L1xxSTzpp14OC52Appg+60=,mlQA9grVuklbYJyVbi4eUq0V9gg=
16,25,+85B9L1xxSTzpp14OC52Appg+60=,mlQA9grVuklbYJyVbi4eUq0V9gg=
16,31,+85B9L1xxSTzpp14OC52Appg+60=,mlQA9grVuklbYJyVbi4eUq0V9gg=
16,23,+85B9L1xxSTzpp14OC52Appg+60=,ivaZOi3ewYnZtZlOUBu998fGEeQ=
23,16,+85B9L1xxSTzpp14OC52Appg+60=,ivaZOi3ewYnZtZlOUBu998fGEeQ=
30,16,+85B9L1xxSTzpp14OC52Appg+60=,Vuvb4szeo4gKIWiJxiR9sSSDzw4=
24,16,+85B9L1xxSTzpp14OC52Appg+60=,Vuvb4szeo4gKIWiJxiR9sSSDzw4=
29,16,+85B9L1xxSTzpp14OC52Appg+60=,Vuvb4szeo4gKIWiJxiR9sSSDzw4=
25,16,+85B9L1xxSTzpp14OC52Appg+60=,Vuvb4szeo4gKIWiJxiR9sSSDzw4=
27,16,+85B9L1xxSTzpp14OC52Appg+60=,Vuvb4szeo4gKIWiJxiR9sSSDzw4=
28,16,+85B9L1xxSTzpp14OC52Appg+60=,Vuvb4szeo4gKIWiJxiR9sSSDzw4=
26,16,+85B9L1xxSTzpp14OC52Appg+60=,Vuvb4szeo4gKIWiJxiR9sSSDzw4=
16,16,+85B9L1xxSTzpp14OC52Appg+60=,ivaZOi3ewYnZtZlOUBu998fGEeQ=
31,16,+85B9L1xxSTzpp14OC52Appg+60=,Vuvb4szeo4gKIWiJxiR9sSSDzw4=
22,14,Y1+bNJxW2w0k6d22mU+kyKywtsg=,ZbZIC72R+TCtBMjWkfMM8zNIZSY=
17,9,Y1+bNJxW2w0k6d22mU+kyKywtsg=,ZbZIC72R+TCtBMjWkfMM8zNIZSY=
21,14,+sFmKqKwEwkdRU2WpDarlujjT4I=,ZbZIC72R+TCtBMjWkfMM8zNIZSY=
20,14,+sFmKqKwEwkdRU2WpDarlujjT4I=,ZbZIC72R+TCtBMjWkfMM8zNIZSY=
19,14,+sFmKqKwEwkdRU2WpDarlujjT4I=,ZbZIC72R+TCtBMjWkfMM8zNIZSY=
18,14,+sFmKqKwEwkdRU2WpDarlujjT4I=,ZbZIC72R+TCtBMjWkfMM8zNIZSY=
17,14,+sFmKqKwEwkdRU2WpDarlujjT4I=,ZbZIC72R+TCtBMjWkfMM8zNIZSY=
18,9,+sFmKqKwEwkdRU2WpDarlujjT4I=,ZbZIC72R+TCtBMjWkfMM8zNIZSY=
22,13,+sFmKqKwEwkdRU2WpDarlujjT4I=,ZbZIC72R+TCtBMjWkfMM8zNIZSY=
21,13,+sFmKqKwEwkdRU2WpDarlujjT4I=,ZbZIC72R+TCtBMjWkfMM8zNIZSY=
20,13,+sFmKqKwEwkdRU2WpDarlujjT4I=,ZbZIC72R+TCtBMjWkfMM8zNIZSY=
19,9,+sFmKqKwEwkdRU2WpDarlujjT4I=,ZbZIC72R+TCtBMjWkfMM8zNIZSY=
18,13,+sFmKqKwEwkdRU2WpDarlujjT4I=,ZbZIC72R+TCtBMjWkfMM8zNIZSY=
19,13,+sFmKqKwEwkdRU2WpDarlujjT4I=,ZbZIC72R+TCtBMjWkfMM8zNIZSY=
17,13,+sFmKqKwEwkdRU2WpDarlujjT4I=,ZbZIC72R+TCtBMjWkfMM8zNIZSY=
20,9,+sFmKqKwEwkdRU2WpDarlujjT4I=,ZbZIC72R+TCtBMjWkfMM8zNIZSY=
22,12,+sFmKqKwEwkdRU2WpDarlujjT4I=,ZbZIC72R+TCtBMjWkfMM8zNIZSY=
21,12,+sFmKqKwEwkdRU2WpDarlujjT4I=,ZbZIC72R+TCtBMjWkfMM8zNIZSY=
18,12,+sFmKqKwEwkdRU2WpDarlujjT4I=,ZbZIC72R+TCtBMjWkfMM8zNIZSY=
19,12,+sFmKqKwEwkdRU2WpDarlujjT4I=,ZbZIC72R+TCtBMjWkfMM8zNIZSY=
17,12,+sFmKqKwEwkdRU2WpDarlujjT4I=,ZbZIC72R+TCtBMjWkfMM8zNIZSY=
20,12,+sFmKqKwEwkdRU2WpDarlujjT4I=,ZbZIC72R+TCtBMjWkfMM8zNIZSY=
22,11,+sFmKqKwEwkdRU2WpDarlujjT4I=,ZbZIC72R+TCtBMjWkfMM8zNIZSY=
20,11,zM5hBpUTZ/pexxDj39cQDPURls4=,ZbZIC72R+TCtBMjWkfMM8zNIZSY=
21,9,zM5hBpUTZ/pexxDj39cQDPURls4=,ZbZIC72R+TCtBMjWkfMM8zNIZSY=
19,11,zM5hBpUTZ/pexxDj39cQDPURls4=,ZbZIC72R+TCtBMjWkfMM8zNIZSY=
18,11,dci94ZzFIkWqdgOVIJgXeXxFxlw=,ZbZIC72R+TCtBMjWkfMM8zNIZSY=
22,10,dci94ZzFIkWqdgOVIJgXeXxFxlw=,ZbZIC72R+TCtBMjWkfMM8zNIZSY=
22,9,dci94ZzFIkWqdgOVIJgXeXxFxlw=,ZbZIC72R+TCtBMjWkfMM8zNIZSY=
21,10,dci94ZzFIkWqdgOVIJgXeXxFxlw=,ZbZIC72R+TCtBMjWkfMM8zNIZSY=
17,10,dci94ZzFIkWqdgOVIJgXeXxFxlw=,ZbZIC72R+TCtBMjWkfMM8zNIZSY=
20,10,dci94ZzFIkWqdgOVIJgXeXxFxlw=,ZbZIC72R+TCtBMjWkfMM8zNIZSY=
18,10,dci94ZzFIkWqdgOVIJgXeXxFxlw=,ZbZIC72R+TCtBMjWkfMM8zNIZSY=
19,10,dci94ZzFIkWqdgOVIJgXeXxFxlw=,ZbZIC72R+TCtBMjWkfMM8zNIZSY=
17,11,dci94ZzFIkWqdgOVIJgXeXxFxlw=,ZbZIC72R+TCtBMjWkfMM8zNIZSY=
21,11,dci94ZzFIkWqdgOVIJgXeXxFxlw=,ZbZIC72R+TCtBMjWkfMM8zNIZSY=
20,7,dci94ZzFIkWqdgOVIJgXeXxFxlw=,4qa6Uf4mrtdxVkOgAoEnLEFTYbE=
21,7,dci94ZzFIkWqdgOVIJgXeXxFxlw=,4qa6Uf4mrtdxVkOgAoEnLEFTYbE=
22,3,dci94ZzFIkWqdgOVIJgXeXxFxlw=,4qa6Uf4mrtdxVkOgAoEnLEFTYbE=
17,3,dci94ZzFIkWqdgOVIJgXeXxFxlw=,4qa6Uf4mrtdxVkOgAoEnLEFTYbE=
19,7,dci94ZzFIkWqdgOVIJgXeXxFxlw=,4qa6Uf4mrtdxVkOgAoEnLEFTYbE=
22,7,dci94ZzFIkWqdgOVIJgXeXxFxlw=,4qa6Uf4mrtdxVkOgAoEnLEFTYbE=
17,2,dci94ZzFIkWqdgOVIJgXeXxFxlw=,4qa6Uf4mrtdxVkOgAoEnLEFTYbE=
20,6,dci94ZzFIkWqdgOVIJgXeXxFxlw=,4qa6Uf4mrtdxVkOgAoEnLEFTYbE=
21,5,dci94ZzFIkWqdgOVIJgXeXxFxlw=,4qa6Uf4mrtdxVkOgAoEnLEFTYbE=
20,3,dci94ZzFIkWqdgOVIJgXeXxFxlw=,4qa6Uf4mrtdxVkOgAoEnLEFTYbE=
21,3,dci94ZzFIkWqdgOVIJgXeXxFxlw=,4qa6Uf4mrtdxVkOgAoEnLEFTYbE=
17,8,dci94ZzFIkWqdgOVIJgXeXxFxlw=,ZbZIC72R+TCtBMjWkfMM8zNIZSY=
21,6,dci94ZzFIkWqdgOVIJgXeXxFxlw=,4qa6Uf4mrtdxVkOgAoEnLEFTYbE=
18,7,dci94ZzFIkWqdgOVIJgXeXxFxlw=,4qa6Uf4mrtdxVkOgAoEnLEFTYbE=
18,8,dci94ZzFIkWqdgOVIJgXeXxFxlw=,ZbZIC72R+TCtBMjWkfMM8zNIZSY=
17,7,dci94ZzFIkWqdgOVIJgXeXxFxlw=,4qa6Uf4mrtdxVkOgAoEnLEFTYbE=
20,5,dci94ZzFIkWqdgOVIJgXeXxFxlw=,4qa6Uf4mrtdxVkOgAoEnLEFTYbE=
19,5,dci94ZzFIkWqdgOVIJgXeXxFxlw=,4qa6Uf4mrtdxVkOgAoEnLEFTYbE=
19,6,dci94ZzFIkWqdgOVIJgXeXxFxlw=,4qa6Uf4mrtdxVkOgAoEnLEFTYbE=
22,5,dci94ZzFIkWqdgOVIJgXeXxFxlw=,4qa6Uf4mrtdxVkOgAoEnLEFTYbE=
17,1,dci94ZzFIkWqdgOVIJgXeXxFxlw=,4qa6Uf4mrtdxVkOgAoEnLEFTYbE=
18,5,dci94ZzFIkWqdgOVIJgXeXxFxlw=,4qa6Uf4mrtdxVkOgAoEnLEFTYbE=
18,6,dci94ZzFIkWqdgOVIJgXeXxFxlw=,4qa6Uf4mrtdxVkOgAoEnLEFTYbE=
19,8,dci94ZzFIkWqdgOVIJgXeXxFxlw=,ZbZIC72R+TCtBMjWkfMM8zNIZSY=
22,2,dci94ZzFIkWqdgOVIJgXeXxFxlw=,4qa6Uf4mrtdxVkOgAoEnLEFTYbE=
18,1,dci94ZzFIkWqdgOVIJgXeXxFxlw=,4qa6Uf4mrtdxVkOgAoEnLEFTYbE=
21,2,dci94ZzFIkWqdgOVIJgXeXxFxlw=,4qa6Uf4mrtdxVkOgAoEnLEFTYbE=
22,1,dci94ZzFIkWqdgOVIJgXeXxFxlw=,4qa6Uf4mrtdxVkOgAoEnLEFTYbE=
19,1,dci94ZzFIkWqdgOVIJgXeXxFxlw=,4qa6Uf4mrtdxVkOgAoEnLEFTYbE=
17,6,dci94ZzFIkWqdgOVIJgXeXxFxlw=,4qa6Uf4mrtdxVkOgAoEnLEFTYbE=
22,4,dci94ZzFIkWqdgOVIJgXeXxFxlw=,4qa6Uf4mrtdxVkOgAoEnLEFTYbE=
19,3,dci94ZzFIkWqdgOVIJgXeXxFxlw=,4qa6Uf4mrtdxVkOgAoEnLEFTYbE=
20,2,dci94ZzFIkWqdgOVIJgXeXxFxlw=,4qa6Uf4mrtdxVkOgAoEnLEFTYbE=
20,8,dci94ZzFIkWqdgOVIJgXeXxFxlw=,ZbZIC72R+TCtBMjWkfMM8zNIZSY=
21,4,dci94ZzFIkWqdgOVIJgXeXxFxlw=,4qa6Uf4mrtdxVkOgAoEnLEFTYbE=
21,8,dci94ZzFIkWqdgOVIJgXeXxFxlw=,ZbZIC72R+TCtBMjWkfMM8zNIZSY=
21,1,dci94ZzFIkWqdgOVIJgXeXxFxlw=,4qa6Uf4mrtdxVkOgAoEnLEFTYbE=
20,4,dci94ZzFIkWqdgOVIJgXeXxFxlw=,4qa6Uf4mrtdxVkOgAoEnLEFTYbE=
20,1,dci94ZzFIkWqdgOVIJgXeXxFxlw=,4qa6Uf4mrtdxVkOgAoEnLEFTYbE=
17,5,dci94ZzFIkWqdgOVIJgXeXxFxlw=,4qa6Uf4mrtdxVkOgAoEnLEFTYbE=
19,4,dci94ZzFIkWqdgOVIJgXeXxFxlw=,4qa6Uf4mrtdxVkOgAoEnLEFTYbE=
22,8,dci94ZzFIkWqdgOVIJgXeXxFxlw=,ZbZIC72R+TCtBMjWkfMM8zNIZSY=
18,4,dci94ZzFIkWqdgOVIJgXeXxFxlw=,4qa6Uf4mrtdxVkOgAoEnLEFTYbE=
17,4,dci94ZzFIkWqdgOVIJgXeXxFxlw=,4qa6Uf4mrtdxVkOgAoEnLEFTYbE=
18,3,dci94ZzFIkWqdgOVIJgXeXxFxlw=,4qa6Uf4mrtdxVkOgAoEnLEFTYbE=
19,2,dci94ZzFIkWqdgOVIJgXeXxFxlw=,4qa6Uf4mrtdxVkOgAoEnLEFTYbE=
18,2,dci94ZzFIkWqdgOVIJgXeXxFxlw=,4qa6Uf4mrtdxVkOgAoEnLEFTYbE=
22,6,dci94ZzFIkWqdgOVIJgXeXxFxlw=,4qa6Uf4mrtdxVkOgAoEnLEFTYbE=
28,13,dci94ZzFIkWqdgOVIJgXeXxFxlw=,a9n3DP4uxMdfhkSi+gQO4xSUpYg=
27,13,dci94ZzFIkWqdgOVIJgXeXxFxlw=,a9n3DP4uxMdfhkSi+gQO4xSUpYg=
26,13,dci94ZzFIkWqdgOVIJgXeXxFxlw=,a9n3DP4uxMdfhkSi+gQO4xSUpYg=
25,13,dci94ZzFIkWqdgOVIJgXeXxFxlw=,a9n3DP4uxMdfhkSi+gQO4xSUpYg=
24,13,dci94ZzFIkWqdgOVIJgXeXxFxlw=,a9n3DP4uxMdfhkSi+gQO4xSUpYg=
30,12,dci94ZzFIkWqdgOVIJgXeXxFxlw=,a9n3DP4uxMdfhkSi+gQO4xSUpYg=
29,12,dci94ZzFIkWqdgOVIJgXeXxFxlw=,a9n3DP4uxMdfhkSi+gQO4xSUpYg=
28,12,dci94ZzFIkWqdgOVIJgXeXxFxlw=,a9n3DP4uxMdfhkSi+gQO4xSUpYg=
29,13,dci94ZzFIkWqdgOVIJgXeXxFxlw=,a9n3DP4uxMdfhkSi+gQO4xSUpYg=
26,12,dci94ZzFIkWqdgOVIJgXeXxFxlw=,a9n3DP4uxMdfhkSi+gQO4xSUpYg=
27,12,dci94ZzFIkWqdgOVIJgXeXxFxlw=,a9n3DP4uxMdfhkSi+gQO4xSUpYg=
23,14,dci94ZzFIkWqdgOVIJgXeXxFxlw=,ZbZIC72R+TCtBMjWkfMM8zNIZSY=
30,13,dci94ZzFIkWqdgOVIJgXeXxFxlw=,a9n3DP4uxMdfhkSi+gQO4xSUpYg=
24,12,dci94ZzFIkWqdgOVIJgXeXxFxlw=,a9n3DP4uxMdfhkSi+gQO4xSUpYg=
30,11,dci94ZzFIkWqdgOVIJgXeXxFxlw=,a9n3DP4uxMdfhkSi+gQO4xSUpYg=
23,13,dci94ZzFIkWqdgOVIJgXeXxFxlw=,ZbZIC72R+TCtBMjWkfMM8zNIZSY=
29,11,dci94ZzFIkWqdgOVIJgXeXxFxlw=,a9n3DP4uxMdfhkSi+gQO4xSUpYg=
28,11,dci94ZzFIkWqdgOVIJgXeXxFxlw=,a9n3DP4uxMdfhkSi+gQO4xSUpYg=
27,11,dci94ZzFIkWqdgOVIJgXeXxFxlw=,a9n3DP4uxMdfhkSi+gQO4xSUpYg=
25,11,dci94ZzFIkWqdgOVIJgXeXxFxlw=,a9n3DP4uxMdfhkSi+gQO4xSUpYg=
26,11,dci94ZzFIkWqdgOVIJgXeXxFxlw=,a9n3DP4uxMdfhkSi+gQO4xSUpYg=
23,12,dci94ZzFIkWqdgOVIJgXeXxFxlw=,ZbZIC72R+TCtBMjWkfMM8zNIZSY=
30,10,dci94ZzFIkWqdgOVIJgXeXxFxlw=,a9n3DP4uxMdfhkSi+gQO4xSUpYg=
24,11,dci94ZzFIkWqdgOVIJgXeXxFxlw=,a9n3DP4uxMdfhkSi+gQO4xSUpYg=
23,7,dci94ZzFIkWqdgOVIJgXeXxFxlw=,4qa6Uf4mrtdxVkOgAoEnLEFTYbE=
29,10,dci94ZzFIkWqdgOVIJgXeXxFxlw=,a9n3DP4uxMdfhkSi+gQO4xSUpYg=
28,10,dci94ZzFIkWqdgOVIJgXeXxFxlw=,a9n3DP4uxMdfhkSi+gQO4xSUpYg=
25,10,dci94ZzFIkWqdgOVIJgXeXxFxlw=,a9n3DP4uxMdfhkSi+gQO4xSUpYg=
27,10,dci94ZzFIkWqdgOVIJgXeXxFxlw=,a9n3DP4uxMdfhkSi+gQO4xSUpYg=
28,3,dci94ZzFIkWqdgOVIJgXeXxFxlw=,wPRWC9G5RZv+7j30iWQKLUuKcxU=
24,10,dci94ZzFIkWqdgOVIJgXeXxFxlw=,a9n3DP4uxMdfhkSi+gQO4xSUpYg=
23,11,dci94ZzFIkWqdgOVIJgXeXxFxlw=,ZbZIC72R+TCtBMjWkfMM8zNIZSY=
30,9,dci94ZzFIkWqdgOVIJgXeXxFxlw=,a9n3DP4uxMdfhkSi+gQO4xSUpYg=
25,12,dci94ZzFIkWqdgOVIJgXeXxFxlw=,a9n3DP4uxMdfhkSi+gQO4xSUpYg=
24,8,dci94ZzFIkWqdgOVIJgXeXxFxlw=,a9n3DP4uxMdfhkSi+gQO4xSUpYg=
30,14,dci94ZzFIkWqdgOVIJgXeXxFxlw=,a9n3DP4uxMdfhkSi+gQO4xSUpYg=
29,14,dci94ZzFIkWqdgOVIJgXeXxFxlw=,a9n3DP4uxMdfhkSi+gQO4xSUpYg=
24,14,dci94ZzFIkWqdgOVIJgXeXxFxlw=,a9n3DP4uxMdfhkSi+gQO4xSUpYg=
29,9,dci94ZzFIkWqdgOVIJgXeXxFxlw=,a9n3DP4uxMdfhkSi+gQO4xSUpYg=
26,10,dci94ZzFIkWqdgOVIJgXeXxFxlw=,a9n3DP4uxMdfhkSi+gQO4xSUpYg=
28,9,dci94ZzFIkWqdgOVIJgXeXxFxlw=,a9n3DP4uxMdfhkSi+gQO4xSUpYg=
26,9,dci94ZzFIkWqdgOVIJgXeXxFxlw=,a9n3DP4uxMdfhkSi+gQO4xSUpYg=
25,14,dci94ZzFIkWqdgOVIJgXeXxFxlw=,a9n3DP4uxMdfhkSi+gQO4xSUpYg=
23,10,dci94ZzFIkWqdgOVIJgXeXxFxlw=,ZbZIC72R+TCtBMjWkfMM8zNIZSY=
27,9,dci94ZzFIkWqdgOVIJgXeXxFxlw=,a9n3DP4uxMdfhkSi+gQO4xSUpYg=
23,3,dci94ZzFIkWqdgOVIJgXeXxFxlw=,4qa6Uf4mrtdxVkOgAoEnLEFTYbE=
24,9,dci94ZzFIkWqdgOVIJgXeXxFxlw=,a9n3DP4uxMdfhkSi+gQO4xSUpYg=
28,14,dci94ZzFIkWqdgOVIJgXeXxFxlw=,a9n3DP4uxMdfhkSi+gQO4xSUpYg=
23,9,dci94ZzFIkWqdgOVIJgXeXxFxlw=,ZbZIC72R+TCtBMjWkfMM8zNIZSY=
25,9,dci94ZzFIkWqdgOVIJgXeXxFxlw=,a9n3DP4uxMdfhkSi+gQO4xSUpYg=
27,14,dci94ZzFIkWqdgOVIJgXeXxFxlw=,a9n3DP4uxMdfhkSi+gQO4xSUpYg=
26,14,dci94ZzFIkWqdgOVIJgXeXxFxlw=,a9n3DP4uxMdfhkSi+gQO4xSUpYg=
29,7,dci94ZzFIkWqdgOVIJgXeXxFxlw=,wPRWC9G5RZv+7j30iWQKLUuKcxU=
25,3,dci94ZzFIkWqdgOVIJgXeXxFxlw=,wPRWC9G5RZv+7j30iWQKLUuKcxU=
27,3,dci94ZzFIkWqdgOVIJgXeXxFxlw=,wPRWC9G5RZv+7j30iWQKLUuKcxU=
25,8,dci94ZzFIkWqdgOVIJgXeXxFxlw=,a9n3DP4uxMdfhkSi+gQO4xSUpYg=
30,7,dci94ZzFIkWqdgOVIJgXeXxFxlw=,wPRWC9G5RZv+7j30iWQKLUuKcxU=
26,3,dci94ZzFIkWqdgOVIJgXeXxFxlw=,wPRWC9G5RZv+7j30iWQKLUuKcxU=
24,3,dci94ZzFIkWqdgOVIJgXeXxFxlw=,wPRWC9G5RZv+7j30iWQKLUuKcxU=
23,1,dci94ZzFIkWqdgOVIJgXeXxFxlw=,4qa6Uf4mrtdxVkOgAoEnLEFTYbE=
30,2,dci94ZzFIkWqdgOVIJgXeXxFxlw=,wPRWC9G5RZv+7j30iWQKLUuKcxU=
26,8,dci94ZzFIkWqdgOVIJgXeXxFxlw=,a9n3DP4uxMdfhkSi+gQO4xSUpYg=
27,2,dci94ZzFIkWqdgOVIJgXeXxFxlw=,wPRWC9G5RZv+7j30iWQKLUuKcxU=
28,7,dci94ZzFIkWqdgOVIJgXeXxFxlw=,wPRWC9G5RZv+7j30iWQKLUuKcxU=
28,2,dci94ZzFIkWqdgOVIJgXeXxFxlw=,wPRWC9G5RZv+7j30iWQKLUuKcxU=
27,8,dci94ZzFIkWqdgOVIJgXeXxFxlw=,a9n3DP4uxMdfhkSi+gQO4xSUpYg=
27,7,dci94ZzFIkWqdgOVIJgXeXxFxlw=,wPRWC9G5RZv+7j30iWQKLUuKcxU=
25,2,dci94ZzFIkWqdgOVIJgXeXxFxlw=,wPRWC9G5RZv+7j30iWQKLUuKcxU=
30,1,dci94ZzFIkWqdgOVIJgXeXxFxlw=,wPRWC9G5RZv+7j30iWQKLUuKcxU=
26,2,dci94ZzFIkWqdgOVIJgXeXxFxlw=,wPRWC9G5RZv+7j30iWQKLUuKcxU=
29,2,dci94ZzFIkWqdgOVIJgXeXxFxlw=,wPRWC9G5RZv+7j30iWQKLUuKcxU=
23,8,dci94ZzFIkWqdgOVIJgXeXxFxlw=,ZbZIC72R+TCtBMjWkfMM8zNIZSY=
26,7,dci94ZzFIkWqdgOVIJgXeXxFxlw=,wPRWC9G5RZv+7j30iWQKLUuKcxU=
30,6,dci94ZzFIkWqdgOVIJgXeXxFxlw=,wPRWC9G5RZv+7j30iWQKLUuKcxU=
25,7,dci94ZzFIkWqdgOVIJgXeXxFxlw=,wPRWC9G5RZv+7j30iWQKLUuKcxU=
24,7,dci94ZzFIkWqdgOVIJgXeXxFxlw=,wPRWC9G5RZv+7j30iWQKLUuKcxU=
29,1,dci94ZzFIkWqdgOVIJgXeXxFxlw=,wPRWC9G5RZv+7j30iWQKLUuKcxU=
29,6,dci94ZzFIkWqdgOVIJgXeXxFxlw=,wPRWC9G5RZv+7j30iWQKLUuKcxU=
24,2,dci94ZzFIkWqdgOVIJgXeXxFxlw=,wPRWC9G5RZv+7j30iWQKLUuKcxU=
29,3,dci94ZzFIkWqdgOVIJgXeXxFxlw=,wPRWC9G5RZv+7j30iWQKLUuKcxU=
27,6,dci94ZzFIkWqdgOVIJgXeXxFxlw=,wPRWC9G5RZv+7j30iWQKLUuKcxU=
28,6,dci94ZzFIkWqdgOVIJgXeXxFxlw=,wPRWC9G5RZv+7j30iWQKLUuKcxU=
26,6,dci94ZzFIkWqdgOVIJgXeXxFxlw=,wPRWC9G5RZv+7j30iWQKLUuKcxU=
28,1,dci94ZzFIkWqdgOVIJgXeXxFxlw=,wPRWC9G5RZv+7j30iWQKLUuKcxU=
27,1,dci94ZzFIkWqdgOVIJgXeXxFxlw=,wPRWC9G5RZv+7j30iWQKLUuKcxU=
26,1,dci94ZzFIkWqdgOVIJgXeXxFxlw=,wPRWC9G5RZv+7j30iWQKLUuKcxU=
25,6,dci94ZzFIkWqdgOVIJgXeXxFxlw=,wPRWC9G5RZv+7j30iWQKLUuKcxU=
25,1,dci94ZzFIkWqdgOVIJgXeXxFxlw=,wPRWC9G5RZv+7j30iWQKLUuKcxU=
24,6,dci94ZzFIkWqdgOVIJgXeXxFxlw=,wPRWC9G5RZv+7j30iWQKLUuKcxU=
24,1,dci94ZzFIkWqdgOVIJgXeXxFxlw=,wPRWC9G5RZv+7j30iWQKLUuKcxU=
23,4,dci94ZzFIkWqdgOVIJgXeXxFxlw=,4qa6Uf4mrtdxVkOgAoEnLEFTYbE=
23,2,dci94ZzFIkWqdgOVIJgXeXxFxlw=,4qa6Uf4mrtdxVkOgAoEnLEFTYbE=
30,5,dci94ZzFIkWqdgOVIJgXeXxFxlw=,wPRWC9G5RZv+7j30iWQKLUuKcxU=
29,5,dci94ZzFIkWqdgOVIJgXeXxFxlw=,wPRWC9G5RZv+7j30iWQKLUuKcxU=
28,5,dci94ZzFIkWqdgOVIJgXeXxFxlw=,wPRWC9G5RZv+7j30iWQKLUuKcxU=
27,5,dci94ZzFIkWqdgOVIJgXeXxFxlw=,wPRWC9G5RZv+7j30iWQKLUuKcxU=
26,5,dci94ZzFIkWqdgOVIJgXeXxFxlw=,wPRWC9G5RZv+7j30iWQKLUuKcxU=
25,5,dci94ZzFIkWqdgOVIJgXeXxFxlw=,wPRWC9G5RZv+7j30iWQKLUuKcxU=
24,5,dci94ZzFIkWqdgOVIJgXeXxFxlw=,wPRWC9G5RZv+7j30iWQKLUuKcxU=
30,4,dci94ZzFIkWqdgOVIJgXeXxFxlw=,wPRWC9G5RZv+7j30iWQKLUuKcxU=
28,4,dci94ZzFIkWqdgOVIJgXeXxFxlw=,wPRWC9G5RZv+7j30iWQKLUuKcxU=
30,3,dci94ZzFIkWqdgOVIJgXeXxFxlw=,wPRWC9G5RZv+7j30iWQKLUuKcxU=
27,4,dci94ZzFIkWqdgOVIJgXeXxFxlw=,wPRWC9G5RZv+7j30iWQKLUuKcxU=
23,5,dci94ZzFIkWqdgOVIJgXeXxFxlw=,4qa6Uf4mrtdxVkOgAoEnLEFTYbE=
26,4,dci94ZzFIkWqdgOVIJgXeXxFxlw=,wPRWC9G5RZv+7j30iWQKLUuKcxU=
28,8,dci94ZzFIkWqdgOVIJgXeXxFxlw=,a9n3DP4uxMdfhkSi+gQO4xSUpYg=
25,4,dci94ZzFIkWqdgOVIJgXeXxFxlw=,wPRWC9G5RZv+7j30iWQKLUuKcxU=
29,8,dci94ZzFIkWqdgOVIJgXeXxFxlw=,a9n3DP4uxMdfhkSi+gQO4xSUpYg=
30,8,dci94ZzFIkWqdgOVIJgXeXxFxlw=,a9n3DP4uxMdfhkSi+gQO4xSUpYg=
24,4,dci94ZzFIkWqdgOVIJgXeXxFxlw=,wPRWC9G5RZv+7j30iWQKLUuKcxU=
23,6,dci94ZzFIkWqdgOVIJgXeXxFxlw=,4qa6Uf4mrtdxVkOgAoEnLEFTYbE=
29,4,dci94ZzFIkWqdgOVIJgXeXxFxlw=,wPRWC9G5RZv+7j30iWQKLUuKcxU=
31,7,dci94ZzFIkWqdgOVIJgXeXxFxlw=,wPRWC9G5RZv+7j30iWQKLUuKcxU=
31,11,dci94ZzFIkWqdgOVIJgXeXxFxlw=,a9n3DP4uxMdfhkSi+gQO4xSUpYg=
31,12,dci94ZzFIkWqdgOVIJgXeXxFxlw=,a9n3DP4uxMdfhkSi+gQO4xSUpYg=
31,3,dci94ZzFIkWqdgOVIJgXeXxFxlw=,wPRWC9G5RZv+7j30iWQKLUuKcxU=
31,10,dci94ZzFIkWqdgOVIJgXeXxFxlw=,a9n3DP4uxMdfhkSi+gQO4xSUpYg=
31,9,dci94ZzFIkWqdgOVIJgXeXxFxlw=,a9n3DP4uxMdfhkSi+gQO4xSUpYg=
31,2,dci94ZzFIkWqdgOVIJgXeXxFxlw=,wPRWC9G5RZv+7j30iWQKLUuKcxU=
31,8,dci94ZzFIkWqdgOVIJgXeXxFxlw=,a9n3DP4uxMdfhkSi+gQO4xSUpYg=
31,13,dci94ZzFIkWqdgOVIJgXeXxFxlw=,a9n3DP4uxMdfhkSi+gQO4xSUpYg=
31,14,dci94ZzFIkWqdgOVIJgXeXxFxlw=,a9n3DP4uxMdfhkSi+gQO4xSUpYg=
25,0,dci94ZzFIkWqdgOVIJgXeXxFxlw=,wPRWC9G5RZv+7j30iWQKLUuKcxU=
31,1,dci94ZzFIkWqdgOVIJgXeXxFxlw=,wPRWC9G5RZv+7j30iWQKLUuKcxU=
31,4,dci94ZzFIkWqdgOVIJgXeXxFxlw=,wPRWC9G5RZv+7j30iWQKLUuKcxU=
31,5,dci94ZzFIkWqdgOVIJgXeXxFxlw=,wPRWC9G5RZv+7j30iWQKLUuKcxU=
17,0,dci94ZzFIkWqdgOVIJgXeXxFxlw=,4qa6Uf4mrtdxVkOgAoEnLEFTYbE=
31,6,dci94ZzFIkWqdgOVIJgXeXxFxlw=,wPRWC9G5RZv+7j30iWQKLUuKcxU=
30,0,dci94ZzFIkWqdgOVIJgXeXxFxlw=,wPRWC9G5RZv+7j30iWQKLUuKcxU=
26,0,dci94ZzFIkWqdgOVIJgXeXxFxlw=,wPRWC9G5RZv+7j30iWQKLUuKcxU=
18,0,dci94ZzFIkWqdgOVIJgXeXxFxlw=,4qa6Uf4mrtdxVkOgAoEnLEFTYbE=
23,0,dci94ZzFIkWqdgOVIJgXeXxFxlw=,4qa6Uf4mrtdxVkOgAoEnLEFTYbE=
22,0,dci94ZzFIkWqdgOVIJgXeXxFxlw=,4qa6Uf4mrtdxVkOgAoEnLEFTYbE=
21,0,dci94ZzFIkWqdgOVIJgXeXxFxlw=,4qa6Uf4mrtdxVkOgAoEnLEFTYbE=
27,0,dci94ZzFIkWqdgOVIJgXeXxFxlw=,wPRWC9G5RZv+7j30iWQKLUuKcxU=
29,0,dci94ZzFIkWqdgOVIJgXeXxFxlw=,wPRWC9G5RZv+7j30iWQKLUuKcxU=
28,0,dci94ZzFIkWqdgOVIJgXeXxFxlw=,wPRWC9G5RZv+7j30iWQKLUuKcxU=
20,0,dci94ZzFIkWqdgOVIJgXeXxFxlw=,4qa6Uf4mrtdxVkOgAoEnLEFTYbE=
19,0,dci94ZzFIkWqdgOVIJgXeXxFxlw=,4qa6Uf4mrtdxVkOgAoEnLEFTYbE=
24,0,dci94ZzFIkWqdgOVIJgXeXxFxlw=,wPRWC9G5RZv+7j30iWQKLUuKcxU=
16,3,dci94ZzFIkWqdgOVIJgXeXxFxlw=,4qa6Uf4mrtdxVkOgAoEnLEFTYbE=
16,1,dci94ZzFIkWqdgOVIJgXeXxFxlw=,4qa6Uf4mrtdxVkOgAoEnLEFTYbE=
20,15,dci94ZzFIkWqdgOVIJgXeXxFxlw=,ZbZIC72R+TCtBMjWkfMM8zNIZSY=
16,5,dci94ZzFIkWqdgOVIJgXeXxFxlw=,4qa6Uf4mrtdxVkOgAoEnLEFTYbE=
16,6,dci94ZzFIkWqdgOVIJgXeXxFxlw=,4qa6Uf4mrtdxVkOgAoEnLEFTYbE=
21,15,dci94ZzFIkWqdgOVIJgXeXxFxlw=,ZbZIC72R+TCtBMjWkfMM8zNIZSY=
16,4,dci94ZzFIkWqdgOVIJgXeXxFxlw=,4qa6Uf4mrtdxVkOgAoEnLEFTYbE=
19,15,dci94ZzFIkWqdgOVIJgXeXxFxlw=,ZbZIC72R+TCtBMjWkfMM8zNIZSY=
16,14,dci94ZzFIkWqdgOVIJgXeXxFxlw=,ZbZIC72R+TCtBMjWkfMM8zNIZSY=
22,15,dci94ZzFIkWqdgOVIJgXeXxFxlw=,ZbZIC72R+TCtBMjWkfMM8zNIZSY=
16,8,dci94ZzFIkWqdgOVIJgXeXxFxlw=,ZbZIC72R+TCtBMjWkfMM8zNIZSY=
16,13,dci94ZzFIkWqdgOVIJgXeXxFxlw=,ZbZIC72R+TCtBMjWkfMM8zNIZSY=
16,9,dci94ZzFIkWqdgOVIJgXeXxFxlw=,ZbZIC72R+TCtBMjWkfMM8zNIZSY=
18,15,dci94ZzFIkWqdgOVIJgXeXxFxlw=,ZbZIC72R+TCtBMjWkfMM8zNIZSY=
16,12,dci94ZzFIkWqdgOVIJgXeXxFxlw=,ZbZIC72R+TCtBMjWkfMM8zNIZSY=
16,7,dci94ZzFIkWqdgOVIJgXeXxFxlw=,4qa6Uf4mrtdxVkOgAoEnLEFTYbE=
16,2,dci94ZzFIkWqdgOVIJgXeXxFxlw=,4qa6Uf4mrtdxVkOgAoEnLEFTYbE=
17,15,dci94ZzFIkWqdgOVIJgXeXxFxlw=,ZbZIC72R+TCtBMjWkfMM8zNIZSY=
23,15,dci94ZzFIkWqdgOVIJgXeXxFxlw=,ZbZIC72R+TCtBMjWkfMM8zNIZSY=
16,10,dci94ZzFIkWqdgOVIJgXeXxFxlw=,ZbZIC72R+TCtBMjWkfMM8zNIZSY=
16,11,dci94ZzFIkWqdgOVIJgXeXxFxlw=,ZbZIC72R+TCtBMjWkfMM8zNIZSY=
24,15,dci94ZzFIkWqdgOVIJgXeXxFxlw=,a9n3DP4uxMdfhkSi+gQO4xSUpYg=
26,15,dci94ZzFIkWqdgOVIJgXeXxFxlw=,a9n3DP4uxMdfhkSi+gQO4xSUpYg=
27,15,dci94ZzFIkWqdgOVIJgXeXxFxlw=,a9n3DP4uxMdfhkSi+gQO4xSUpYg=
25,15,dci94ZzFIkWqdgOVIJgXeXxFxlw=,a9n3DP4uxMdfhkSi+gQO4xSUpYg=
30,15,dci94ZzFIkWqdgOVIJgXeXxFxlw=,a9n3DP4uxMdfhkSi+gQO4xSUpYg=
28,15,dci94ZzFIkWqdgOVIJgXeXxFxlw=,a9n3DP4uxMdfhkSi+gQO4xSUpYg=
29,15,dci94ZzFIkWqdgOVIJgXeXxFxlw=,a9n3DP4uxMdfhkSi+gQO4xSUpYg=
31,0,dci94ZzFIkWqdgOVIJgXeXxFxlw=,wPRWC9G5RZv+7j30iWQKLUuKcxU=
16,15,dci94ZzFIkWqdgOVIJgXeXxFxlw=,ZbZIC72R+TCtBMjWkfMM8zNIZSY=
31,15,dci94ZzFIkWqdgOVIJgXeXxFxlw=,a9n3DP4uxMdfhkSi+gQO4xSUpYg=
16,0,dci94ZzFIkWqdgOVIJgXeXxFxlw=,4qa6Uf4mrtdxVkOgAoEnLEFTYbE=
