42,-26,hYY6BKe/Y3B83IXGObnanhe7dd8=,uuc9aIKlh1XQlrd5KgcOoSf73RI=
41,-27,hYY6BKe/Y3B83IXGObnanhe7dd8=,uuc9aIKlh1XQlrd5KgcOoSf73RI=
42,-27,hYY6BKe/Y3B83IXGObnanhe7dd8=,uuc9aIKlh1XQlrd5KgcOoSf73RI=
41,-26,hYY6BKe/Y3B83IXGObnanhe7dd8=,uuc9aIKlh1XQlrd5KgcOoSf73RI=
42,-22,hYY6BKe/Y3B83IXGObnanhe7dd8=,DTJ9NfJGSrRzStJOfhyEF+k2A70=
41,-23,hYY6BKe/Y3B83IXGObnanhe7dd8=,DTJ9NfJGSrRzStJOfhyEF+k2A70=
41,-24,hYY6BKe/Y3B83IXGObnanhe7dd8=,DTJ9NfJGSrRzStJOfhyEF+k2A70=
42,-23,hYY6BKe/Y3B83IXGObnanhe7dd8=,DTJ9NfJGSrRzStJOfhyEF+k2A70=
42,-25,hYY6BKe/Y3B83IXGObnanhe7dd8=,uuc9aIKlh1XQlrd5KgcOoSf73RI=
41,-25,hYY6BKe/Y3B83IXGObnanhe7dd8=,uuc9aIKlh1XQlrd5KgcOoSf73RI=
42,-24,hYY6BKe/Y3B83IXGObnanhe7dd8=,DTJ9NfJGSrRzStJOfhyEF+k2A70=
41,-22,wnTa8FFBYkyK3ClnsEcSaoc2RKo=,DTJ9NfJGSrRzStJOfhyEF+k2A70=
45,-27,wnTa8FFBYkyK3ClnsEcSaoc2RKo=,gMh1z3JswBfKf3s+NuRaUfkcZrw=
44,-27,wnTa8FFBYkyK3ClnsEcSaoc2RKo=,gMh1z3JswBfKf3s+NuRaUfkcZrw=
44,-26,wnTa8FFBYkyK3ClnsEcSaoc2RKo=,gMh1z3JswBfKf3s+NuRaUfkcZrw=
46,-26,wnTa8FFBYkyK3ClnsEcSaoc2RKo=,gMh1z3JswBfKf3s+NuRaUfkcZrw=
45,-26,wnTa8FFBYkyK3ClnsEcSaoc2RKo=,gMh1z3JswBfKf3s+NuRaUfkcZrw=
43,-26,wnTa8FFBYkyK3ClnsEcSaoc2RKo=,uuc9aIKlh1XQlrd5KgcOoSf73RI=
46,-27,wnTa8FFBYkyK3ClnsEcSaoc2RKo=,gMh1z3JswBfKf3s+NuRaUfkcZrw=
43,-22,wnTa8FFBYkyK3ClnsEcSaoc2RKo=,DTJ9NfJGSrRzStJOfhyEF+k2A70=
43,-27,wnTa8FFBYkyK3ClnsEcSaoc2RKo=,uuc9aIKlh1XQlrd5KgcOoSf73RI=
43,-25,wnTa8FFBYkyK3ClnsEcSaoc2RKo=,uuc9aIKlh1XQlrd5KgcOoSf73RI=
43,-24,wnTa8FFBYkyK3ClnsEcSaoc2RKo=,DTJ9NfJGSrRzStJOfhyEF+k2A70=
45,-23,wnTa8FFBYkyK3ClnsEcSaoc2RKo=,8jYUyBFO153GV6rkY3TphEXb8NI=
46,-25,wnTa8FFBYkyK3ClnsEcSaoc2RKo=,gMh1z3JswBfKf3s+NuRaUfkcZrw=
46,-23,wnTa8FFBYkyK3ClnsEcSaoc2RKo=,8jYUyBFO153GV6rkY3TphEXb8NI=
46,-24,wnTa8FFBYkyK3ClnsEcSaoc2RKo=,8jYUyBFO153GV6rkY3TphEXb8NI=
46,-22,wnTa8FFBYkyK3ClnsEcSaoc2RKo=,8jYUyBFO153GV6rkY3TphEXb8NI=
45,-25,wnTa8FFBYkyK3ClnsEcSaoc2RKo=,gMh1z3JswBfKf3s+NuRaUfkcZrw=
43,-23,wnTa8FFBYkyK3ClnsEcSaoc2RKo=,DTJ9NfJGSrRzStJOfhyEF+k2A70=
44,-25,wnTa8FFBYkyK3ClnsEcSaoc2RKo=,gMh1z3JswBfKf3s+NuRaUfkcZrw=
44,-23,wnTa8FFBYkyK3ClnsEcSaoc2RKo=,8jYUyBFO153GV6rkY3TphEXb8NI=
44,-22,wnTa8FFBYkyK3ClnsEcSaoc2RKo=,8jYUyBFO153GV6rkY3TphEXb8NI=
44,-24,wnTa8FFBYkyK3ClnsEcSaoc2RKo=,8jYUyBFO153GV6rkY3TphEXb8NI=
45,-22,wnTa8FFBYkyK3ClnsEcSaoc2RKo=,8jYUyBFO153GV6rkY3TphEXb8NI=
45,-24,wnTa8FFBYkyK3ClnsEcSaoc2RKo=,8jYUyBFO153GV6rkY3TphEXb8NI=
40,-22,wnTa8FFBYkyK3ClnsEcSaoc2RKo=,DTJ9NfJGSrRzStJOfhyEF+k2A70=
40,-23,wnTa8FFBYkyK3ClnsEcSaoc2RKo=,DTJ9NfJGSrRzStJOfhyEF+k2A70=
39,-23,wnTa8FFBYkyK3ClnsEcSaoc2RKo=,CYOOhaH1wz4sF77qYgKPMzb08UQ=
37,-22,wnTa8FFBYkyK3ClnsEcSaoc2RKo=,CYOOhaH1wz4sF77qYgKPMzb08UQ=
39,-22,wnTa8FFBYkyK3ClnsEcSaoc2RKo=,CYOOhaH1wz4sF77qYgKPMzb08UQ=
37,-23,wnTa8FFBYkyK3ClnsEcSaoc2RKo=,CYOOhaH1wz4sF77qYgKPMzb08UQ=
38,-23,wnTa8FFBYkyK3ClnsEcSaoc2RKo=,CYOOhaH1wz4sF77qYgKPMzb08UQ=
38,-22,wnTa8FFBYkyK3ClnsEcSaoc2RKo=,CYOOhaH1wz4sF77qYgKPMzb08UQ=
38,-26,wnTa8FFBYkyK3ClnsEcSaoc2RKo=,HksFk1lnjCJorLSeTe6+IeRYeic=
40,-24,wnTa8FFBYkyK3ClnsEcSaoc2RKo=,DTJ9NfJGSrRzStJOfhyEF+k2A70=
39,-26,wnTa8FFBYkyK3ClnsEcSaoc2RKo=,HksFk1lnjCJorLSeTe6+IeRYeic=
40,-26,wnTa8FFBYkyK3ClnsEcSaoc2RKo=,uuc9aIKlh1XQlrd5KgcOoSf73RI=
37,-27,wnTa8FFBYkyK3ClnsEcSaoc2RKo=,HksFk1lnjCJorLSeTe6+IeRYeic=
37,-26,wnTa8FFBYkyK3ClnsEcSaoc2RKo=,HksFk1lnjCJorLSeTe6+IeRYeic=
40,-25,wnTa8FFBYkyK3ClnsEcSaoc2RKo=,uuc9aIKlh1XQlrd5KgcOoSf73RI=
39,-24,wnTa8FFBYkyK3ClnsEcSaoc2RKo=,CYOOhaH1wz4sF77qYgKPMzb08UQ=
38,-27,wnTa8FFBYkyK3ClnsEcSaoc2RKo=,HksFk1lnjCJorLSeTe6+IeRYeic=
37,-25,wnTa8FFBYkyK3ClnsEcSaoc2RKo=,HksFk1lnjCJorLSeTe6+IeRYeic=
38,-24,wnTa8FFBYkyK3ClnsEcSaoc2RKo=,CYOOhaH1wz4sF77qYgKPMzb08UQ=
40,-27,wnTa8FFBYkyK3ClnsEcSaoc2RKo=,uuc9aIKlh1XQlrd5KgcOoSf73RI=
39,-27,wnTa8FFBYkyK3ClnsEcSaoc2RKo=,HksFk1lnjCJorLSeTe6+IeRYeic=
38,-25,wnTa8FFBYkyK3ClnsEcSaoc2RKo=,HksFk1lnjCJorLSeTe6+IeRYeic=
39,-25,wnTa8FFBYkyK3ClnsEcSaoc2RKo=,HksFk1lnjCJorLSeTe6+IeRYeic=
37,-24,wnTa8FFBYkyK3ClnsEcSaoc2RKo=,CYOOhaH1wz4sF77qYgKPMzb08UQ=
33,-26,wnTa8FFBYkyK3ClnsEcSaoc2RKo=,rfWouL6D4q+v71yJ/GH8U4PNg9Y=
35,-27,wnTa8FFBYkyK3ClnsEcSaoc2RKo=,rfWouL6D4q+v71yJ/GH8U4PNg9Y=
35,-26,wnTa8FFBYkyK3ClnsEcSaoc2RKo=,rfWouL6D4q+v71yJ/GH8U4PNg9Y=
34,-26,wnTa8FFBYkyK3ClnsEcSaoc2RKo=,rfWouL6D4q+v71yJ/GH8U4PNg9Y=
34,-27,wnTa8FFBYkyK3ClnsEcSaoc2RKo=,rfWouL6D4q+v71yJ/GH8U4PNg9Y=
36,-26,wnTa8FFBYkyK3ClnsEcSaoc2RKo=,HksFk1lnjCJorLSeTe6+IeRYeic=
36,-27,wnTa8FFBYkyK3ClnsEcSaoc2RKo=,HksFk1lnjCJorLSeTe6+IeRYeic=
33,-27,wnTa8FFBYkyK3ClnsEcSaoc2RKo=,rfWouL6D4q+v71yJ/GH8U4PNg9Y=
34,-18,wnTa8FFBYkyK3ClnsEcSaoc2RKo=,YeegmvKxeBUqZIikDp3PQSxtnxI=
33,-18,wnTa8FFBYkyK3ClnsEcSaoc2RKo=,YeegmvKxeBUqZIikDp3PQSxtnxI=
34,-19,wnTa8FFBYkyK3ClnsEcSaoc2RKo=,YeegmvKxeBUqZIikDp3PQSxtnxI=
33,-19,wnTa8FFBYkyK3ClnsEcSaoc2RKo=,YeegmvKxeBUqZIikDp3PQSxtnxI=
34,-31,wnTa8FFBYkyK3ClnsEcSaoc2RKo=,s8idkwmQpqfZ4Cn2vYtz3qILjwI=
33,-28,wnTa8FFBYkyK3ClnsEcSaoc2RKo=,rfWouL6D4q+v71yJ/GH8U4PNg9Y=
33,-31,wnTa8FFBYkyK3ClnsEcSaoc2RKo=,s8idkwmQpqfZ4Cn2vYtz3qILjwI=
34,-29,wnTa8FFBYkyK3ClnsEcSaoc2RKo=,s8idkwmQpqfZ4Cn2vYtz3qILjwI=
33,-30,wnTa8FFBYkyK3ClnsEcSaoc2RKo=,s8idkwmQpqfZ4Cn2vYtz3qILjwI=
34,-30,wnTa8FFBYkyK3ClnsEcSaoc2RKo=,s8idkwmQpqfZ4Cn2vYtz3qILjwI=
33,-29,wnTa8FFBYkyK3ClnsEcSaoc2RKo=,s8idkwmQpqfZ4Cn2vYtz3qILjwI=
34,-28,wnTa8FFBYkyK3ClnsEcSaoc2RKo=,rfWouL6D4q+v71yJ/GH8U4PNg9Y=
38,-20,wnTa8FFBYkyK3ClnsEcSaoc2RKo=,pWdioJKnBZopvX4oZ9YvnPnjg3c=
38,-18,wnTa8FFBYkyK3ClnsEcSaoc2RKo=,pWdioJKnBZopvX4oZ9YvnPnjg3c=
34,-20,wnTa8FFBYkyK3ClnsEcSaoc2RKo=,YeegmvKxeBUqZIikDp3PQSxtnxI=
33,-22,wnTa8FFBYkyK3ClnsEcSaoc2RKo=,G6TqI7aoV9zu6VU++XJ0uOc14S8=
35,-20,wnTa8FFBYkyK3ClnsEcSaoc2RKo=,YeegmvKxeBUqZIikDp3PQSxtnxI=
33,-20,wnTa8FFBYkyK3ClnsEcSaoc2RKo=,YeegmvKxeBUqZIikDp3PQSxtnxI=
36,-24,wnTa8FFBYkyK3ClnsEcSaoc2RKo=,CYOOhaH1wz4sF77qYgKPMzb08UQ=
36,-20,wnTa8FFBYkyK3ClnsEcSaoc2RKo=,pWdioJKnBZopvX4oZ9YvnPnjg3c=
36,-25,wnTa8FFBYkyK3ClnsEcSaoc2RKo=,HksFk1lnjCJorLSeTe6+IeRYeic=
36,-22,wnTa8FFBYkyK3ClnsEcSaoc2RKo=,CYOOhaH1wz4sF77qYgKPMzb08UQ=
36,-21,wnTa8FFBYkyK3ClnsEcSaoc2RKo=,CYOOhaH1wz4sF77qYgKPMzb08UQ=
37,-20,wnTa8FFBYkyK3ClnsEcSaoc2RKo=,pWdioJKnBZopvX4oZ9YvnPnjg3c=
36,-19,wnTa8FFBYkyK3ClnsEcSaoc2RKo=,pWdioJKnBZopvX4oZ9YvnPnjg3c=
34,-21,wnTa8FFBYkyK3ClnsEcSaoc2RKo=,G6TqI7aoV9zu6VU++XJ0uOc14S8=
35,-23,wnTa8FFBYkyK3ClnsEcSaoc2RKo=,G6TqI7aoV9zu6VU++XJ0uOc14S8=
35,-21,wnTa8FFBYkyK3ClnsEcSaoc2RKo=,G6TqI7aoV9zu6VU++XJ0uOc14S8=
34,-23,wnTa8FFBYkyK3ClnsEcSaoc2RKo=,G6TqI7aoV9zu6VU++XJ0uOc14S8=
33,-25,wnTa8FFBYkyK3ClnsEcSaoc2RKo=,rfWouL6D4q+v71yJ/GH8U4PNg9Y=
37,-18,wnTa8FFBYkyK3ClnsEcSaoc2RKo=,pWdioJKnBZopvX4oZ9YvnPnjg3c=
35,-19,wnTa8FFBYkyK3ClnsEcSaoc2RKo=,YeegmvKxeBUqZIikDp3PQSxtnxI=
33,-23,wnTa8FFBYkyK3ClnsEcSaoc2RKo=,G6TqI7aoV9zu6VU++XJ0uOc14S8=
34,-22,wnTa8FFBYkyK3ClnsEcSaoc2RKo=,G6TqI7aoV9zu6VU++XJ0uOc14S8=
37,-21,wnTa8FFBYkyK3ClnsEcSaoc2RKo=,CYOOhaH1wz4sF77qYgKPMzb08UQ=
35,-18,wnTa8FFBYkyK3ClnsEcSaoc2RKo=,YeegmvKxeBUqZIikDp3PQSxtnxI=
38,-21,wnTa8FFBYkyK3ClnsEcSaoc2RKo=,CYOOhaH1wz4sF77qYgKPMzb08UQ=
38,-19,wnTa8FFBYkyK3ClnsEcSaoc2RKo=,pWdioJKnBZopvX4oZ9YvnPnjg3c=
36,-18,wnTa8FFBYkyK3ClnsEcSaoc2RKo=,pWdioJKnBZopvX4oZ9YvnPnjg3c=
33,-21,wnTa8FFBYkyK3ClnsEcSaoc2RKo=,G6TqI7aoV9zu6VU++XJ0uOc14S8=
34,-24,wnTa8FFBYkyK3ClnsEcSaoc2RKo=,G6TqI7aoV9zu6VU++XJ0uOc14S8=
35,-24,wnTa8FFBYkyK3ClnsEcSaoc2RKo=,G6TqI7aoV9zu6VU++XJ0uOc14S8=
34,-25,wnTa8FFBYkyK3ClnsEcSaoc2RKo=,rfWouL6D4q+v71yJ/GH8U4PNg9Y=
37,-19,wnTa8FFBYkyK3ClnsEcSaoc2RKo=,pWdioJKnBZopvX4oZ9YvnPnjg3c=
36,-23,wnTa8FFBYkyK3ClnsEcSaoc2RKo=,CYOOhaH1wz4sF77qYgKPMzb08UQ=
35,-22,wnTa8FFBYkyK3ClnsEcSaoc2RKo=,G6TqI7aoV9zu6VU++XJ0uOc14S8=
33,-24,wnTa8FFBYkyK3ClnsEcSaoc2RKo=,G6TqI7aoV9zu6VU++XJ0uOc14S8=
39,-18,wnTa8FFBYkyK3ClnsEcSaoc2RKo=,pWdioJKnBZopvX4oZ9YvnPnjg3c=
41,-18,wnTa8FFBYkyK3ClnsEcSaoc2RKo=,vHyOyZFvKz7HMm9iqr6i8ol+n7U=
35,-25,wnTa8FFBYkyK3ClnsEcSaoc2RKo=,rfWouL6D4q+v71yJ/GH8U4PNg9Y=
40,-18,wnTa8FFBYkyK3ClnsEcSaoc2RKo=,vHyOyZFvKz7HMm9iqr6i8ol+n7U=
41,-19,wnTa8FFBYkyK3ClnsEcSaoc2RKo=,vHyOyZFvKz7HMm9iqr6i8ol+n7U=
42,-18,wnTa8FFBYkyK3ClnsEcSaoc2RKo=,vHyOyZFvKz7HMm9iqr6i8ol+n7U=
40,-19,wnTa8FFBYkyK3ClnsEcSaoc2RKo=,vHyOyZFvKz7HMm9iqr6i8ol+n7U=
42,-19,wnTa8FFBYkyK3ClnsEcSaoc2RKo=,vHyOyZFvKz7HMm9iqr6i8ol+n7U=
39,-19,wnTa8FFBYkyK3ClnsEcSaoc2RKo=,pWdioJKnBZopvX4oZ9YvnPnjg3c=
40,-21,wnTa8FFBYkyK3ClnsEcSaoc2RKo=,DTJ9NfJGSrRzStJOfhyEF+k2A70=
39,-21,wnTa8FFBYkyK3ClnsEcSaoc2RKo=,CYOOhaH1wz4sF77qYgKPMzb08UQ=
42,-20,wnTa8FFBYkyK3ClnsEcSaoc2RKo=,vHyOyZFvKz7HMm9iqr6i8ol+n7U=
41,-20,wnTa8FFBYkyK3ClnsEcSaoc2RKo=,vHyOyZFvKz7HMm9iqr6i8ol+n7U=
42,-21,wnTa8FFBYkyK3ClnsEcSaoc2RKo=,DTJ9NfJGSrRzStJOfhyEF+k2A70=
41,-21,wnTa8FFBYkyK3ClnsEcSaoc2RKo=,DTJ9NfJGSrRzStJOfhyEF+k2A70=
40,-20,wnTa8FFBYkyK3ClnsEcSaoc2RKo=,vHyOyZFvKz7HMm9iqr6i8ol+n7U=
39,-20,wnTa8FFBYkyK3ClnsEcSaoc2RKo=,pWdioJKnBZopvX4oZ9YvnPnjg3c=
43,-18,wnTa8FFBYkyK3ClnsEcSaoc2RKo=,vHyOyZFvKz7HMm9iqr6i8ol+n7U=
44,-18,wnTa8FFBYkyK3ClnsEcSaoc2RKo=,XhEhIavCD3MG7uxbTP+Dr72yZog=
43,-19,wnTa8FFBYkyK3ClnsEcSaoc2RKo=,vHyOyZFvKz7HMm9iqr6i8ol+n7U=
46,-19,wnTa8FFBYkyK3ClnsEcSaoc2RKo=,XhEhIavCD3MG7uxbTP+Dr72yZog=
44,-19,wnTa8FFBYkyK3ClnsEcSaoc2RKo=,XhEhIavCD3MG7uxbTP+Dr72yZog=
45,-19,wnTa8FFBYkyK3ClnsEcSaoc2RKo=,XhEhIavCD3MG7uxbTP+Dr72yZog=
43,-20,wnTa8FFBYkyK3ClnsEcSaoc2RKo=,vHyOyZFvKz7HMm9iqr6i8ol+n7U=
46,-18,wnTa8FFBYkyK3ClnsEcSaoc2RKo=,XhEhIavCD3MG7uxbTP+Dr72yZog=
44,-20,wnTa8FFBYkyK3ClnsEcSaoc2RKo=,XhEhIavCD3MG7uxbTP+Dr72yZog=
43,-21,wnTa8FFBYkyK3ClnsEcSaoc2RKo=,DTJ9NfJGSrRzStJOfhyEF+k2A70=
45,-18,wnTa8FFBYkyK3ClnsEcSaoc2RKo=,XhEhIavCD3MG7uxbTP+Dr72yZog=
45,-20,wnTa8FFBYkyK3ClnsEcSaoc2RKo=,XhEhIavCD3MG7uxbTP+Dr72yZog=
44,-21,wnTa8FFBYkyK3ClnsEcSaoc2RKo=,8jYUyBFO153GV6rkY3TphEXb8NI=
46,-21,wnTa8FFBYkyK3ClnsEcSaoc2RKo=,8jYUyBFO153GV6rkY3TphEXb8NI=
46,-20,wnTa8FFBYkyK3ClnsEcSaoc2RKo=,XhEhIavCD3MG7uxbTP+Dr72yZog=
45,-21,wnTa8FFBYkyK3ClnsEcSaoc2RKo=,8jYUyBFO153GV6rkY3TphEXb8NI=
46,-17,wnTa8FFBYkyK3ClnsEcSaoc2RKo=,XhEhIavCD3MG7uxbTP+Dr72yZog=
45,-17,wnTa8FFBYkyK3ClnsEcSaoc2RKo=,XhEhIavCD3MG7uxbTP+Dr72yZog=
43,-17,wnTa8FFBYkyK3ClnsEcSaoc2RKo=,vHyOyZFvKz7HMm9iqr6i8ol+n7U=
39,-17,wnTa8FFBYkyK3ClnsEcSaoc2RKo=,pWdioJKnBZopvX4oZ9YvnPnjg3c=
40,-17,wnTa8FFBYkyK3ClnsEcSaoc2RKo=,vHyOyZFvKz7HMm9iqr6i8ol+n7U=
42,-17,wnTa8FFBYkyK3ClnsEcSaoc2RKo=,vHyOyZFvKz7HMm9iqr6i8ol+n7U=
44,-17,wnTa8FFBYkyK3ClnsEcSaoc2RKo=,XhEhIavCD3MG7uxbTP+Dr72yZog=
38,-17,wnTa8FFBYkyK3ClnsEcSaoc2RKo=,pWdioJKnBZopvX4oZ9YvnPnjg3c=
41,-17,wnTa8FFBYkyK3ClnsEcSaoc2RKo=,vHyOyZFvKz7HMm9iqr6i8ol+n7U=
37,-17,wnTa8FFBYkyK3ClnsEcSaoc2RKo=,pWdioJKnBZopvX4oZ9YvnPnjg3c=
35,-17,wnTa8FFBYkyK3ClnsEcSaoc2RKo=,YeegmvKxeBUqZIikDp3PQSxtnxI=
36,-17,wnTa8FFBYkyK3ClnsEcSaoc2RKo=,pWdioJKnBZopvX4oZ9YvnPnjg3c=
34,-17,wnTa8FFBYkyK3ClnsEcSaoc2RKo=,YeegmvKxeBUqZIikDp3PQSxtnxI=
33,-17,wnTa8FFBYkyK3ClnsEcSaoc2RKo=,YeegmvKxeBUqZIikDp3PQSxtnxI=
32,-18,wnTa8FFBYkyK3ClnsEcSaoc2RKo=,YeegmvKxeBUqZIikDp3PQSxtnxI=
32,-19,wnTa8FFBYkyK3ClnsEcSaoc2RKo=,YeegmvKxeBUqZIikDp3PQSxtnxI=
32,-21,wnTa8FFBYkyK3ClnsEcSaoc2RKo=,G6TqI7aoV9zu6VU++XJ0uOc14S8=
32,-23,wnTa8FFBYkyK3ClnsEcSaoc2RKo=,G6TqI7aoV9zu6VU++XJ0uOc14S8=
32,-27,wnTa8FFBYkyK3ClnsEcSaoc2RKo=,rfWouL6D4q+v71yJ/GH8U4PNg9Y=
32,-20,wnTa8FFBYkyK3ClnsEcSaoc2RKo=,YeegmvKxeBUqZIikDp3PQSxtnxI=
32,-22,wnTa8FFBYkyK3ClnsEcSaoc2RKo=,G6TqI7aoV9zu6VU++XJ0uOc14S8=
32,-24,wnTa8FFBYkyK3ClnsEcSaoc2RKo=,G6TqI7aoV9zu6VU++XJ0uOc14S8=
32,-26,wnTa8FFBYkyK3ClnsEcSaoc2RKo=,rfWouL6D4q+v71yJ/GH8U4PNg9Y=
32,-25,wnTa8FFBYkyK3ClnsEcSaoc2RKo=,rfWouL6D4q+v71yJ/GH8U4PNg9Y=
32,-29,wnTa8FFBYkyK3ClnsEcSaoc2RKo=,s8idkwmQpqfZ4Cn2vYtz3qILjwI=
32,-28,wnTa8FFBYkyK3ClnsEcSaoc2RKo=,rfWouL6D4q+v71yJ/GH8U4PNg9Y=
32,-31,wnTa8FFBYkyK3ClnsEcSaoc2RKo=,s8idkwmQpqfZ4Cn2vYtz3qILjwI=
32,-30,wnTa8FFBYkyK3ClnsEcSaoc2RKo=,s8idkwmQpqfZ4Cn2vYtz3qILjwI=
33,-32,wnTa8FFBYkyK3ClnsEcSaoc2RKo=,s8idkwmQpqfZ4Cn2vYtz3qILjwI=
34,-32,wnTa8FFBYkyK3ClnsEcSaoc2RKo=,s8idkwmQpqfZ4Cn2vYtz3qILjwI=
42,-28,wnTa8FFBYkyK3ClnsEcSaoc2RKo=,uuc9aIKlh1XQlrd5KgcOoSf73RI=
41,-28,wnTa8FFBYkyK3ClnsEcSaoc2RKo=,uuc9aIKlh1XQlrd5KgcOoSf73RI=
45,-31,wnTa8FFBYkyK3ClnsEcSaoc2RKo=,b3VOdew/sZKnTmNLTdUFQZ22Lrk=
46,-31,wnTa8FFBYkyK3ClnsEcSaoc2RKo=,b3VOdew/sZKnTmNLTdUFQZ22Lrk=
44,-31,wnTa8FFBYkyK3ClnsEcSaoc2RKo=,b3VOdew/sZKnTmNLTdUFQZ22Lrk=
46,-29,wnTa8FFBYkyK3ClnsEcSaoc2RKo=,b3VOdew/sZKnTmNLTdUFQZ22Lrk=
46,-30,wnTa8FFBYkyK3ClnsEcSaoc2RKo=,b3VOdew/sZKnTmNLTdUFQZ22Lrk=
45,-29,wnTa8FFBYkyK3ClnsEcSaoc2RKo=,b3VOdew/sZKnTmNLTdUFQZ22Lrk=
45,-30,wnTa8FFBYkyK3ClnsEcSaoc2RKo=,b3VOdew/sZKnTmNLTdUFQZ22Lrk=
44,-29,wnTa8FFBYkyK3ClnsEcSaoc2RKo=,b3VOdew/sZKnTmNLTdUFQZ22Lrk=
44,-30,wnTa8FFBYkyK3ClnsEcSaoc2RKo=,b3VOdew/sZKnTmNLTdUFQZ22Lrk=
43,-28,82LIPlKrHhFl77igTFXJkJ+oK6U=,uuc9aIKlh1XQlrd5KgcOoSf73RI=
46,-28,82LIPlKrHhFl77igTFXJkJ+oK6U=,gMh1z3JswBfKf3s+NuRaUfkcZrw=
45,-28,82LIPlKrHhFl77igTFXJkJ+oK6U=,gMh1z3JswBfKf3s+NuRaUfkcZrw=
44,-28,82LIPlKrHhFl77igTFXJkJ+oK6U=,gMh1z3JswBfKf3s+NuRaUfkcZrw=
47,-31,82LIPlKrHhFl77igTFXJkJ+oK6U=,b3VOdew/sZKnTmNLTdUFQZ22Lrk=
47,-30,82LIPlKrHhFl77igTFXJkJ+oK6U=,b3VOdew/sZKnTmNLTdUFQZ22Lrk=
40,-28,82LIPlKrHhFl77igTFXJkJ+oK6U=,uuc9aIKlh1XQlrd5KgcOoSf73RI=
38,-29,82LIPlKrHhFl77igTFXJkJ+oK6U=,69ZR7VkgSnHCkYaVDKABF1BCHGQ=
39,-29,82LIPlKrHhFl77igTFXJkJ+oK6U=,69ZR7VkgSnHCkYaVDKABF1BCHGQ=
38,-30,82LIPlKrHhFl77igTFXJkJ+oK6U=,69ZR7VkgSnHCkYaVDKABF1BCHGQ=
39,-30,82LIPlKrHhFl77igTFXJkJ+oK6U=,69ZR7VkgSnHCkYaVDKABF1BCHGQ=
37,-29,82LIPlKrHhFl77igTFXJkJ+oK6U=,69ZR7VkgSnHCkYaVDKABF1BCHGQ=
35,-31,82LIPlKrHhFl77igTFXJkJ+oK6U=,s8idkwmQpqfZ4Cn2vYtz3qILjwI=
39,-31,82LIPlKrHhFl77igTFXJkJ+oK6U=,69ZR7VkgSnHCkYaVDKABF1BCHGQ=
37,-30,82LIPlKrHhFl77igTFXJkJ+oK6U=,69ZR7VkgSnHCkYaVDKABF1BCHGQ=
38,-31,82LIPlKrHhFl77igTFXJkJ+oK6U=,69ZR7VkgSnHCkYaVDKABF1BCHGQ=
36,-29,82LIPlKrHhFl77igTFXJkJ+oK6U=,69ZR7VkgSnHCkYaVDKABF1BCHGQ=
39,-28,82LIPlKrHhFl77igTFXJkJ+oK6U=,HksFk1lnjCJorLSeTe6+IeRYeic=
36,-30,82LIPlKrHhFl77igTFXJkJ+oK6U=,69ZR7VkgSnHCkYaVDKABF1BCHGQ=
36,-28,82LIPlKrHhFl77igTFXJkJ+oK6U=,HksFk1lnjCJorLSeTe6+IeRYeic=
35,-30,82LIPlKrHhFl77igTFXJkJ+oK6U=,s8idkwmQpqfZ4Cn2vYtz3qILjwI=
35,-29,82LIPlKrHhFl77igTFXJkJ+oK6U=,s8idkwmQpqfZ4Cn2vYtz3qILjwI=
38,-28,82LIPlKrHhFl77igTFXJkJ+oK6U=,HksFk1lnjCJorLSeTe6+IeRYeic=
36,-31,82LIPlKrHhFl77igTFXJkJ+oK6U=,69ZR7VkgSnHCkYaVDKABF1BCHGQ=
37,-31,82LIPlKrHhFl77igTFXJkJ+oK6U=,69ZR7VkgSnHCkYaVDKABF1BCHGQ=
37,-28,82LIPlKrHhFl77igTFXJkJ+oK6U=,HksFk1lnjCJorLSeTe6+IeRYeic=
35,-28,82LIPlKrHhFl77igTFXJkJ+oK6U=,rfWouL6D4q+v71yJ/GH8U4PNg9Y=
35,-32,82LIPlKrHhFl77igTFXJkJ+oK6U=,s8idkwmQpqfZ4Cn2vYtz3qILjwI=
38,-32,82LIPlKrHhFl77igTFXJkJ+oK6U=,69ZR7VkgSnHCkYaVDKABF1BCHGQ=
37,-32,82LIPlKrHhFl77igTFXJkJ+oK6U=,69ZR7VkgSnHCkYaVDKABF1BCHGQ=
36,-32,82LIPlKrHhFl77igTFXJkJ+oK6U=,69ZR7VkgSnHCkYaVDKABF1BCHGQ=
39,-32,82LIPlKrHhFl77igTFXJkJ+oK6U=,69ZR7VkgSnHCkYaVDKABF1BCHGQ=
45,-32,82LIPlKrHhFl77igTFXJkJ+oK6U=,b3VOdew/sZKnTmNLTdUFQZ22Lrk=
44,-32,82LIPlKrHhFl77igTFXJkJ+oK6U=,b3VOdew/sZKnTmNLTdUFQZ22Lrk=
47,-29,82LIPlKrHhFl77igTFXJkJ+oK6U=,b3VOdew/sZKnTmNLTdUFQZ22Lrk=
46,-32,82LIPlKrHhFl77igTFXJkJ+oK6U=,b3VOdew/sZKnTmNLTdUFQZ22Lrk=
47,-27,82LIPlKrHhFl77igTFXJkJ+oK6U=,gMh1z3JswBfKf3s+NuRaUfkcZrw=
47,-28,82LIPlKrHhFl77igTFXJkJ+oK6U=,gMh1z3JswBfKf3s+NuRaUfkcZrw=
47,-26,82LIPlKrHhFl77igTFXJkJ+oK6U=,gMh1z3JswBfKf3s+NuRaUfkcZrw=
47,-23,82LIPlKrHhFl77igTFXJkJ+oK6U=,8jYUyBFO153GV6rkY3TphEXb8NI=
47,-24,82LIPlKrHhFl77igTFXJkJ+oK6U=,8jYUyBFO153GV6rkY3TphEXb8NI=
47,-25,82LIPlKrHhFl77igTFXJkJ+oK6U=,gMh1z3JswBfKf3s+NuRaUfkcZrw=
47,-22,82LIPlKrHhFl77igTFXJkJ+oK6U=,8jYUyBFO153GV6rkY3TphEXb8NI=
47,-20,82LIPlKrHhFl77igTFXJkJ+oK6U=,XhEhIavCD3MG7uxbTP+Dr72yZog=
47,-19,82LIPlKrHhFl77igTFXJkJ+oK6U=,XhEhIavCD3MG7uxbTP+Dr72yZog=
47,-18,82LIPlKrHhFl77igTFXJkJ+oK6U=,XhEhIavCD3MG7uxbTP+Dr72yZog=
47,-32,82LIPlKrHhFl77igTFXJkJ+oK6U=,b3VOdew/sZKnTmNLTdUFQZ22Lrk=
47,-21,82LIPlKrHhFl77igTFXJkJ+oK6U=,8jYUyBFO153GV6rkY3TphEXb8NI=
47,-17,82LIPlKrHhFl77igTFXJkJ+oK6U=,XhEhIavCD3MG7uxbTP+Dr72yZog=
32,-17,82LIPlKrHhFl77igTFXJkJ+oK6U=,YeegmvKxeBUqZIikDp3PQSxtnxI=
32,-32,82LIPlKrHhFl77igTFXJkJ+oK6U=,s8idkwmQpqfZ4Cn2vYtz3qILjwI=
34,-7,82LIPlKrHhFl77igTFXJkJ+oK6U=,I0C8dzsJpLTLDfileBRoE6uvQPs=
33,-7,82LIPlKrHhFl77igTFXJkJ+oK6U=,I0C8dzsJpLTLDfileBRoE6uvQPs=
33,-6,82LIPlKrHhFl77igTFXJkJ+oK6U=,I0C8dzsJpLTLDfileBRoE6uvQPs=
34,-6,82LIPlKrHhFl77igTFXJkJ+oK6U=,I0C8dzsJpLTLDfileBRoE6uvQPs=
38,-6,82LIPlKrHhFl77igTFXJkJ+oK6U=,oHWNzacMn1GuuwBc4NlCE1ElA6s=
35,-6,82LIPlKrHhFl77igTFXJkJ+oK6U=,I0C8dzsJpLTLDfileBRoE6uvQPs=
37,-7,82LIPlKrHhFl77igTFXJkJ+oK6U=,oHWNzacMn1GuuwBc4NlCE1ElA6s=
36,-7,82LIPlKrHhFl77igTFXJkJ+oK6U=,oHWNzacMn1GuuwBc4NlCE1ElA6s=
35,-7,82LIPlKrHhFl77igTFXJkJ+oK6U=,I0C8dzsJpLTLDfileBRoE6uvQPs=
37,-6,82LIPlKrHhFl77igTFXJkJ+oK6U=,oHWNzacMn1GuuwBc4NlCE1ElA6s=
38,-7,82LIPlKrHhFl77igTFXJkJ+oK6U=,oHWNzacMn1GuuwBc4NlCE1ElA6s=
36,-6,82LIPlKrHhFl77igTFXJkJ+oK6U=,oHWNzacMn1GuuwBc4NlCE1ElA6s=
36,-9,82LIPlKrHhFl77igTFXJkJ+oK6U=,Pb+7RR7hiiR7fOsT0uJK3n4Ll1I=
38,-8,82LIPlKrHhFl77igTFXJkJ+oK6U=,oHWNzacMn1GuuwBc4NlCE1ElA6s=
37,-9,82LIPlKrHhFl77igTFXJkJ+oK6U=,Pb+7RR7hiiR7fOsT0uJK3n4Ll1I=
37,-8,82LIPlKrHhFl77igTFXJkJ+oK6U=,oHWNzacMn1GuuwBc4NlCE1ElA6s=
37,-10,82LIPlKrHhFl77igTFXJkJ+oK6U=,Pb+7RR7hiiR7fOsT0uJK3n4Ll1I=
33,-11,82LIPlKrHhFl77igTFXJkJ+oK6U=,jpw+HozniPqoGzCifx/d3ai4lNg=
38,-10,82LIPlKrHhFl77igTFXJkJ+oK6U=,Pb+7RR7hiiR7fOsT0uJK3n4Ll1I=
38,-9,82LIPlKrHhFl77igTFXJkJ+oK6U=,Pb+7RR7hiiR7fOsT0uJK3n4Ll1I=
37,-11,82LIPlKrHhFl77igTFXJkJ+oK6U=,Pb+7RR7hiiR7fOsT0uJK3n4Ll1I=
38,-11,82LIPlKrHhFl77igTFXJkJ+oK6U=,Pb+7RR7hiiR7fOsT0uJK3n4Ll1I=
35,-11,82LIPlKrHhFl77igTFXJkJ+oK6U=,jpw+HozniPqoGzCifx/d3ai4lNg=
35,-10,82LIPlKrHhFl77igTFXJkJ+oK6U=,jpw+HozniPqoGzCifx/d3ai4lNg=
35,-8,82LIPlKrHhFl77igTFXJkJ+oK6U=,I0C8dzsJpLTLDfileBRoE6uvQPs=
33,-10,82LIPlKrHhFl77igTFXJkJ+oK6U=,jpw+HozniPqoGzCifx/d3ai4lNg=
36,-8,82LIPlKrHhFl77igTFXJkJ+oK6U=,oHWNzacMn1GuuwBc4NlCE1ElA6s=
34,-8,82LIPlKrHhFl77igTFXJkJ+oK6U=,I0C8dzsJpLTLDfileBRoE6uvQPs=
34,-10,82LIPlKrHhFl77igTFXJkJ+oK6U=,jpw+HozniPqoGzCifx/d3ai4lNg=
33,-9,82LIPlKrHhFl77igTFXJkJ+oK6U=,jpw+HozniPqoGzCifx/d3ai4lNg=
35,-9,82LIPlKrHhFl77igTFXJkJ+oK6U=,jpw+HozniPqoGzCifx/d3ai4lNg=
36,-11,82LIPlKrHhFl77igTFXJkJ+oK6U=,Pb+7RR7hiiR7fOsT0uJK3n4Ll1I=
33,-8,82LIPlKrHhFl77igTFXJkJ+oK6U=,I0C8dzsJpLTLDfileBRoE6uvQPs=
36,-10,82LIPlKrHhFl77igTFXJkJ+oK6U=,Pb+7RR7hiiR7fOsT0uJK3n4Ll1I=
34,-11,82LIPlKrHhFl77igTFXJkJ+oK6U=,jpw+HozniPqoGzCifx/d3ai4lNg=
34,-9,82LIPlKrHhFl77igTFXJkJ+oK6U=,jpw+HozniPqoGzCifx/d3ai4lNg=
37,-13,82LIPlKrHhFl77igTFXJkJ+oK6U=,2y9SHBIiVStWVZwhAbfKITZ//dA=
38,-15,82LIPlKrHhFl77igTFXJkJ+oK6U=,2y9SHBIiVStWVZwhAbfKITZ//dA=
38,-12,82LIPlKrHhFl77igTFXJkJ+oK6U=,Pb+7RR7hiiR7fOsT0uJK3n4Ll1I=
37,-15,82LIPlKrHhFl77igTFXJkJ+oK6U=,2y9SHBIiVStWVZwhAbfKITZ//dA=
37,-12,82LIPlKrHhFl77igTFXJkJ+oK6U=,Pb+7RR7hiiR7fOsT0uJK3n4Ll1I=
38,-13,82LIPlKrHhFl77igTFXJkJ+oK6U=,2y9SHBIiVStWVZwhAbfKITZ//dA=
38,-14,82LIPlKrHhFl77igTFXJkJ+oK6U=,2y9SHBIiVStWVZwhAbfKITZ//dA=
37,-14,82LIPlKrHhFl77igTFXJkJ+oK6U=,2y9SHBIiVStWVZwhAbfKITZ//dA=
38,-16,82LIPlKrHhFl77igTFXJkJ+oK6U=,2y9SHBIiVStWVZwhAbfKITZ//dA=
37,-16,82LIPlKrHhFl77igTFXJkJ+oK6U=,2y9SHBIiVStWVZwhAbfKITZ//dA=
45,-10,82LIPlKrHhFl77igTFXJkJ+oK6U=,tp1UOcr8kmCE9ECy0J7Mww5468E=
46,-11,82LIPlKrHhFl77igTFXJkJ+oK6U=,tp1UOcr8kmCE9ECy0J7Mww5468E=
46,-10,82LIPlKrHhFl77igTFXJkJ+oK6U=,tp1UOcr8kmCE9ECy0J7Mww5468E=
45,-11,82LIPlKrHhFl77igTFXJkJ+oK6U=,tp1UOcr8kmCE9ECy0J7Mww5468E=
42,-10,82LIPlKrHhFl77igTFXJkJ+oK6U=,2DRFo4cGWglFnp/aX/SpeL7eY8Y=
43,-10,82LIPlKrHhFl77igTFXJkJ+oK6U=,2DRFo4cGWglFnp/aX/SpeL7eY8Y=
41,-10,82LIPlKrHhFl77igTFXJkJ+oK6U=,2DRFo4cGWglFnp/aX/SpeL7eY8Y=
44,-10,82LIPlKrHhFl77igTFXJkJ+oK6U=,tp1UOcr8kmCE9ECy0J7Mww5468E=
44,-11,82LIPlKrHhFl77igTFXJkJ+oK6U=,tp1UOcr8kmCE9ECy0J7Mww5468E=
40,-10,82LIPlKrHhFl77igTFXJkJ+oK6U=,2DRFo4cGWglFnp/aX/SpeL7eY8Y=
43,-11,82LIPlKrHhFl77igTFXJkJ+oK6U=,2DRFo4cGWglFnp/aX/SpeL7eY8Y=
40,-11,82LIPlKrHhFl77igTFXJkJ+oK6U=,2DRFo4cGWglFnp/aX/SpeL7eY8Y=
39,-10,82LIPlKrHhFl77igTFXJkJ+oK6U=,Pb+7RR7hiiR7fOsT0uJK3n4Ll1I=
42,-11,82LIPlKrHhFl77igTFXJkJ+oK6U=,2DRFo4cGWglFnp/aX/SpeL7eY8Y=
35,-16,82LIPlKrHhFl77igTFXJkJ+oK6U=,g7WzkBhjAFicL5iteJjNsPkefpI=
39,-11,82LIPlKrHhFl77igTFXJkJ+oK6U=,Pb+7RR7hiiR7fOsT0uJK3n4Ll1I=
36,-13,82LIPlKrHhFl77igTFXJkJ+oK6U=,2y9SHBIiVStWVZwhAbfKITZ//dA=
35,-12,82LIPlKrHhFl77igTFXJkJ+oK6U=,jpw+HozniPqoGzCifx/d3ai4lNg=
41,-11,82LIPlKrHhFl77igTFXJkJ+oK6U=,2DRFo4cGWglFnp/aX/SpeL7eY8Y=
34,-16,82LIPlKrHhFl77igTFXJkJ+oK6U=,g7WzkBhjAFicL5iteJjNsPkefpI=
33,-16,82LIPlKrHhFl77igTFXJkJ+oK6U=,g7WzkBhjAFicL5iteJjNsPkefpI=
36,-14,82LIPlKrHhFl77igTFXJkJ+oK6U=,2y9SHBIiVStWVZwhAbfKITZ//dA=
32,-15,82LIPlKrHhFl77igTFXJkJ+oK6U=,g7WzkBhjAFicL5iteJjNsPkefpI=
33,-15,82LIPlKrHhFl77igTFXJkJ+oK6U=,g7WzkBhjAFicL5iteJjNsPkefpI=
35,-13,82LIPlKrHhFl77igTFXJkJ+oK6U=,g7WzkBhjAFicL5iteJjNsPkefpI=
34,-12,82LIPlKrHhFl77igTFXJkJ+oK6U=,jpw+HozniPqoGzCifx/d3ai4lNg=
33,-13,82LIPlKrHhFl77igTFXJkJ+oK6U=,g7WzkBhjAFicL5iteJjNsPkefpI=
36,-15,82LIPlKrHhFl77igTFXJkJ+oK6U=,2y9SHBIiVStWVZwhAbfKITZ//dA=
34,-15,82LIPlKrHhFl77igTFXJkJ+oK6U=,g7WzkBhjAFicL5iteJjNsPkefpI=
36,-16,82LIPlKrHhFl77igTFXJkJ+oK6U=,2y9SHBIiVStWVZwhAbfKITZ//dA=
35,-14,82LIPlKrHhFl77igTFXJkJ+oK6U=,g7WzkBhjAFicL5iteJjNsPkefpI=
34,-13,82LIPlKrHhFl77igTFXJkJ+oK6U=,g7WzkBhjAFicL5iteJjNsPkefpI=
35,-15,82LIPlKrHhFl77igTFXJkJ+oK6U=,g7WzkBhjAFicL5iteJjNsPkefpI=
33,-12,82LIPlKrHhFl77igTFXJkJ+oK6U=,jpw+HozniPqoGzCifx/d3ai4lNg=
36,-12,82LIPlKrHhFl77igTFXJkJ+oK6U=,Pb+7RR7hiiR7fOsT0uJK3n4Ll1I=
32,-14,82LIPlKrHhFl77igTFXJkJ+oK6U=,g7WzkBhjAFicL5iteJjNsPkefpI=
33,-14,82LIPlKrHhFl77igTFXJkJ+oK6U=,g7WzkBhjAFicL5iteJjNsPkefpI=
34,-14,82LIPlKrHhFl77igTFXJkJ+oK6U=,g7WzkBhjAFicL5iteJjNsPkefpI=
45,-12,82LIPlKrHhFl77igTFXJkJ+oK6U=,tp1UOcr8kmCE9ECy0J7Mww5468E=
45,-15,82LIPlKrHhFl77igTFXJkJ+oK6U=,TOemoL6+X28cFwESG+4aOmVZDcs=
46,-15,82LIPlKrHhFl77igTFXJkJ+oK6U=,TOemoL6+X28cFwESG+4aOmVZDcs=
46,-13,82LIPlKrHhFl77igTFXJkJ+oK6U=,TOemoL6+X28cFwESG+4aOmVZDcs=
46,-14,82LIPlKrHhFl77igTFXJkJ+oK6U=,TOemoL6+X28cFwESG+4aOmVZDcs=
46,-12,82LIPlKrHhFl77igTFXJkJ+oK6U=,tp1UOcr8kmCE9ECy0J7Mww5468E=
45,-13,82LIPlKrHhFl77igTFXJkJ+oK6U=,TOemoL6+X28cFwESG+4aOmVZDcs=
45,-14,82LIPlKrHhFl77igTFXJkJ+oK6U=,TOemoL6+X28cFwESG+4aOmVZDcs=
44,-13,82LIPlKrHhFl77igTFXJkJ+oK6U=,TOemoL6+X28cFwESG+4aOmVZDcs=
40,-16,82LIPlKrHhFl77igTFXJkJ+oK6U=,KsG2NMA+02IaLlj7RrntblpdYTE=
41,-16,82LIPlKrHhFl77igTFXJkJ+oK6U=,KsG2NMA+02IaLlj7RrntblpdYTE=
39,-15,82LIPlKrHhFl77igTFXJkJ+oK6U=,2y9SHBIiVStWVZwhAbfKITZ//dA=
42,-14,82LIPlKrHhFl77igTFXJkJ+oK6U=,KsG2NMA+02IaLlj7RrntblpdYTE=
40,-13,82LIPlKrHhFl77igTFXJkJ+oK6U=,KsG2NMA+02IaLlj7RrntblpdYTE=
39,-14,82LIPlKrHhFl77igTFXJkJ+oK6U=,2y9SHBIiVStWVZwhAbfKITZ//dA=
41,-14,82LIPlKrHhFl77igTFXJkJ+oK6U=,KsG2NMA+02IaLlj7RrntblpdYTE=
39,-13,82LIPlKrHhFl77igTFXJkJ+oK6U=,2y9SHBIiVStWVZwhAbfKITZ//dA=
44,-15,82LIPlKrHhFl77igTFXJkJ+oK6U=,TOemoL6+X28cFwESG+4aOmVZDcs=
44,-14,82LIPlKrHhFl77igTFXJkJ+oK6U=,TOemoL6+X28cFwESG+4aOmVZDcs=
39,-12,82LIPlKrHhFl77igTFXJkJ+oK6U=,Pb+7RR7hiiR7fOsT0uJK3n4Ll1I=
40,-14,82LIPlKrHhFl77igTFXJkJ+oK6U=,KsG2NMA+02IaLlj7RrntblpdYTE=
42,-16,tPL1aK5adss2q1t1NUPvvbYJR8o=,KsG2NMA+02IaLlj7RrntblpdYTE=
39,-16,tPL1aK5adss2q1t1NUPvvbYJR8o=,2y9SHBIiVStWVZwhAbfKITZ//dA=
41,-13,tPL1aK5adss2q1t1NUPvvbYJR8o=,KsG2NMA+02IaLlj7RrntblpdYTE=
43,-12,tPL1aK5adss2q1t1NUPvvbYJR8o=,2DRFo4cGWglFnp/aX/SpeL7eY8Y=
41,-15,tPL1aK5adss2q1t1NUPvvbYJR8o=,KsG2NMA+02IaLlj7RrntblpdYTE=
44,-12,tPL1aK5adss2q1t1NUPvvbYJR8o=,tp1UOcr8kmCE9ECy0J7Mww5468E=
43,-14,tPL1aK5adss2q1t1NUPvvbYJR8o=,KsG2NMA+02IaLlj7RrntblpdYTE=
42,-15,tPL1aK5adss2q1t1NUPvvbYJR8o=,KsG2NMA+02IaLlj7RrntblpdYTE=
40,-15,tPL1aK5adss2q1t1NUPvvbYJR8o=,KsG2NMA+02IaLlj7RrntblpdYTE=
42,-13,tPL1aK5adss2q1t1NUPvvbYJR8o=,KsG2NMA+02IaLlj7RrntblpdYTE=
43,-15,tPL1aK5adss2q1t1NUPvvbYJR8o=,KsG2NMA+02IaLlj7RrntblpdYTE=
40,-12,tPL1aK5adss2q1t1NUPvvbYJR8o=,2DRFo4cGWglFnp/aX/SpeL7eY8Y=
42,-12,tPL1aK5adss2q1t1NUPvvbYJR8o=,2DRFo4cGWglFnp/aX/SpeL7eY8Y=
41,-12,tPL1aK5adss2q1t1NUPvvbYJR8o=,2DRFo4cGWglFnp/aX/SpeL7eY8Y=
42,-6,tPL1aK5adss2q1t1NUPvvbYJR8o=,v34NyQg681CBU+G0L6W//ZBmjg4=
43,-13,tPL1aK5adss2q1t1NUPvvbYJR8o=,KsG2NMA+02IaLlj7RrntblpdYTE=
41,-6,tPL1aK5adss2q1t1NUPvvbYJR8o=,v34NyQg681CBU+G0L6W//ZBmjg4=
42,-7,tPL1aK5adss2q1t1NUPvvbYJR8o=,v34NyQg681CBU+G0L6W//ZBmjg4=
41,-7,tPL1aK5adss2q1t1NUPvvbYJR8o=,v34NyQg681CBU+G0L6W//ZBmjg4=
40,-6,tPL1aK5adss2q1t1NUPvvbYJR8o=,v34NyQg681CBU+G0L6W//ZBmjg4=
40,-7,tPL1aK5adss2q1t1NUPvvbYJR8o=,v34NyQg681CBU+G0L6W//ZBmjg4=
40,-9,tPL1aK5adss2q1t1NUPvvbYJR8o=,2DRFo4cGWglFnp/aX/SpeL7eY8Y=
42,-8,tPL1aK5adss2q1t1NUPvvbYJR8o=,v34NyQg681CBU+G0L6W//ZBmjg4=
40,-8,tPL1aK5adss2q1t1NUPvvbYJR8o=,v34NyQg681CBU+G0L6W//ZBmjg4=
39,-6,tPL1aK5adss2q1t1NUPvvbYJR8o=,oHWNzacMn1GuuwBc4NlCE1ElA6s=
41,-8,tPL1aK5adss2q1t1NUPvvbYJR8o=,v34NyQg681CBU+G0L6W//ZBmjg4=
39,-7,tPL1aK5adss2q1t1NUPvvbYJR8o=,oHWNzacMn1GuuwBc4NlCE1ElA6s=
42,-9,tPL1aK5adss2q1t1NUPvvbYJR8o=,2DRFo4cGWglFnp/aX/SpeL7eY8Y=
41,-9,tPL1aK5adss2q1t1NUPvvbYJR8o=,2DRFo4cGWglFnp/aX/SpeL7eY8Y=
39,-9,tPL1aK5adss2q1t1NUPvvbYJR8o=,Pb+7RR7hiiR7fOsT0uJK3n4Ll1I=
41,-3,tPL1aK5adss2q1t1NUPvvbYJR8o=,AB8o1kCCWnTSb6oXOH5CmaHIgqs=
42,-3,tPL1aK5adss2q1t1NUPvvbYJR8o=,AB8o1kCCWnTSb6oXOH5CmaHIgqs=
42,-5,tPL1aK5adss2q1t1NUPvvbYJR8o=,v34NyQg681CBU+G0L6W//ZBmjg4=
39,-8,tPL1aK5adss2q1t1NUPvvbYJR8o=,oHWNzacMn1GuuwBc4NlCE1ElA6s=
41,-5,tPL1aK5adss2q1t1NUPvvbYJR8o=,v34NyQg681CBU+G0L6W//ZBmjg4=
42,-2,tPL1aK5adss2q1t1NUPvvbYJR8o=,AB8o1kCCWnTSb6oXOH5CmaHIgqs=
41,-4,tPL1aK5adss2q1t1NUPvvbYJR8o=,AB8o1kCCWnTSb6oXOH5CmaHIgqs=
42,-4,tPL1aK5adss2q1t1NUPvvbYJR8o=,AB8o1kCCWnTSb6oXOH5CmaHIgqs=
41,-2,tPL1aK5adss2q1t1NUPvvbYJR8o=,AB8o1kCCWnTSb6oXOH5CmaHIgqs=
40,-5,tPL1aK5adss2q1t1NUPvvbYJR8o=,v34NyQg681CBU+G0L6W//ZBmjg4=
38,-2,tPL1aK5adss2q1t1NUPvvbYJR8o=,DNNP6lX7ve7vTc0oTdW3uOijYto=
37,-2,tPL1aK5adss2q1t1NUPvvbYJR8o=,DNNP6lX7ve7vTc0oTdW3uOijYto=
39,-2,tPL1aK5adss2q1t1NUPvvbYJR8o=,DNNP6lX7ve7vTc0oTdW3uOijYto=
37,-4,tPL1aK5adss2q1t1NUPvvbYJR8o=,DNNP6lX7ve7vTc0oTdW3uOijYto=
40,-3,tPL1aK5adss2q1t1NUPvvbYJR8o=,AB8o1kCCWnTSb6oXOH5CmaHIgqs=
38,-4,tPL1aK5adss2q1t1NUPvvbYJR8o=,DNNP6lX7ve7vTc0oTdW3uOijYto=
40,-4,tPL1aK5adss2q1t1NUPvvbYJR8o=,AB8o1kCCWnTSb6oXOH5CmaHIgqs=
40,-2,tPL1aK5adss2q1t1NUPvvbYJR8o=,AB8o1kCCWnTSb6oXOH5CmaHIgqs=
39,-4,tPL1aK5adss2q1t1NUPvvbYJR8o=,DNNP6lX7ve7vTc0oTdW3uOijYto=
37,-5,tPL1aK5adss2q1t1NUPvvbYJR8o=,oHWNzacMn1GuuwBc4NlCE1ElA6s=
38,-5,tPL1aK5adss2q1t1NUPvvbYJR8o=,oHWNzacMn1GuuwBc4NlCE1ElA6s=
37,-3,tPL1aK5adss2q1t1NUPvvbYJR8o=,DNNP6lX7ve7vTc0oTdW3uOijYto=
39,-3,tPL1aK5adss2q1t1NUPvvbYJR8o=,DNNP6lX7ve7vTc0oTdW3uOijYto=
39,-5,tPL1aK5adss2q1t1NUPvvbYJR8o=,oHWNzacMn1GuuwBc4NlCE1ElA6s=
38,-3,tPL1aK5adss2q1t1NUPvvbYJR8o=,DNNP6lX7ve7vTc0oTdW3uOijYto=
34,-2,tPL1aK5adss2q1t1NUPvvbYJR8o=,hCQrEdWeDeOo2JdxFoMGxjWg34A=
35,-2,tPL1aK5adss2q1t1NUPvvbYJR8o=,hCQrEdWeDeOo2JdxFoMGxjWg34A=
35,-4,tPL1aK5adss2q1t1NUPvvbYJR8o=,hCQrEdWeDeOo2JdxFoMGxjWg34A=
36,-5,tPL1aK5adss2q1t1NUPvvbYJR8o=,oHWNzacMn1GuuwBc4NlCE1ElA6s=
36,-4,tPL1aK5adss2q1t1NUPvvbYJR8o=,DNNP6lX7ve7vTc0oTdW3uOijYto=
34,-4,tPL1aK5adss2q1t1NUPvvbYJR8o=,hCQrEdWeDeOo2JdxFoMGxjWg34A=
33,-5,tPL1aK5adss2q1t1NUPvvbYJR8o=,I0C8dzsJpLTLDfileBRoE6uvQPs=
35,-3,tPL1aK5adss2q1t1NUPvvbYJR8o=,hCQrEdWeDeOo2JdxFoMGxjWg34A=
34,-3,tPL1aK5adss2q1t1NUPvvbYJR8o=,hCQrEdWeDeOo2JdxFoMGxjWg34A=
33,-2,tPL1aK5adss2q1t1NUPvvbYJR8o=,hCQrEdWeDeOo2JdxFoMGxjWg34A=
33,-4,tPL1aK5adss2q1t1NUPvvbYJR8o=,hCQrEdWeDeOo2JdxFoMGxjWg34A=
36,-2,tPL1aK5adss2q1t1NUPvvbYJR8o=,DNNP6lX7ve7vTc0oTdW3uOijYto=
33,-3,tPL1aK5adss2q1t1NUPvvbYJR8o=,hCQrEdWeDeOo2JdxFoMGxjWg34A=
36,-3,tPL1aK5adss2q1t1NUPvvbYJR8o=,DNNP6lX7ve7vTc0oTdW3uOijYto=
34,-5,tPL1aK5adss2q1t1NUPvvbYJR8o=,I0C8dzsJpLTLDfileBRoE6uvQPs=
35,-5,tPL1aK5adss2q1t1NUPvvbYJR8o=,I0C8dzsJpLTLDfileBRoE6uvQPs=
36,-1,tPL1aK5adss2q1t1NUPvvbYJR8o=,DNNP6lX7ve7vTc0oTdW3uOijYto=
37,-1,tPL1aK5adss2q1t1NUPvvbYJR8o=,DNNP6lX7ve7vTc0oTdW3uOijYto=
38,-1,tPL1aK5adss2q1t1NUPvvbYJR8o=,DNNP6lX7ve7vTc0oTdW3uOijYto=
35,-1,tPL1aK5adss2q1t1NUPvvbYJR8o=,hCQrEdWeDeOo2JdxFoMGxjWg34A=
33,-1,tPL1aK5adss2q1t1NUPvvbYJR8o=,hCQrEdWeDeOo2JdxFoMGxjWg34A=
34,-1,tPL1aK5adss2q1t1NUPvvbYJR8o=,hCQrEdWeDeOo2JdxFoMGxjWg34A=
42,-1,tPL1aK5adss2q1t1NUPvvbYJR8o=,AB8o1kCCWnTSb6oXOH5CmaHIgqs=
40,-1,tPL1aK5adss2q1t1NUPvvbYJR8o=,AB8o1kCCWnTSb6oXOH5CmaHIgqs=
41,-1,tPL1aK5adss2q1t1NUPvvbYJR8o=,AB8o1kCCWnTSb6oXOH5CmaHIgqs=
39,-1,tPL1aK5adss2q1t1NUPvvbYJR8o=,DNNP6lX7ve7vTc0oTdW3uOijYto=
43,-2,tPL1aK5adss2q1t1NUPvvbYJR8o=,AB8o1kCCWnTSb6oXOH5CmaHIgqs=
43,-3,tPL1aK5adss2q1t1NUPvvbYJR8o=,AB8o1kCCWnTSb6oXOH5CmaHIgqs=
47,-10,tPL1aK5adss2q1t1NUPvvbYJR8o=,tp1UOcr8kmCE9ECy0J7Mww5468E=
47,-11,tPL1aK5adss2q1t1NUPvvbYJR8o=,tp1UOcr8kmCE9ECy0J7Mww5468E=
47,-13,tPL1aK5adss2q1t1NUPvvbYJR8o=,TOemoL6+X28cFwESG+4aOmVZDcs=
47,-15,tPL1aK5adss2q1t1NUPvvbYJR8o=,TOemoL6+X28cFwESG+4aOmVZDcs=
47,-12,tPL1aK5adss2q1t1NUPvvbYJR8o=,tp1UOcr8kmCE9ECy0J7Mww5468E=
47,-14,tPL1aK5adss2q1t1NUPvvbYJR8o=,TOemoL6+X28cFwESG+4aOmVZDcs=
47,-6,tPL1aK5adss2q1t1NUPvvbYJR8o=,IJp3pyZePELNrDbtkn1eUqT7stg=
43,-4,tPL1aK5adss2q1t1NUPvvbYJR8o=,AB8o1kCCWnTSb6oXOH5CmaHIgqs=
46,-5,tPL1aK5adss2q1t1NUPvvbYJR8o=,IJp3pyZePELNrDbtkn1eUqT7stg=
43,-6,tPL1aK5adss2q1t1NUPvvbYJR8o=,v34NyQg681CBU+G0L6W//ZBmjg4=
43,-7,tPL1aK5adss2q1t1NUPvvbYJR8o=,v34NyQg681CBU+G0L6W//ZBmjg4=
46,-6,tPL1aK5adss2q1t1NUPvvbYJR8o=,IJp3pyZePELNrDbtkn1eUqT7stg=
43,-5,tPL1aK5adss2q1t1NUPvvbYJR8o=,v34NyQg681CBU+G0L6W//ZBmjg4=
45,-5,tPL1aK5adss2q1t1NUPvvbYJR8o=,IJp3pyZePELNrDbtkn1eUqT7stg=
44,-8,tPL1aK5adss2q1t1NUPvvbYJR8o=,IJp3pyZePELNrDbtkn1eUqT7stg=
44,-6,tPL1aK5adss2q1t1NUPvvbYJR8o=,IJp3pyZePELNrDbtkn1eUqT7stg=
43,-8,tPL1aK5adss2q1t1NUPvvbYJR8o=,v34NyQg681CBU+G0L6W//ZBmjg4=
44,-5,tPL1aK5adss2q1t1NUPvvbYJR8o=,IJp3pyZePELNrDbtkn1eUqT7stg=
45,-6,tPL1aK5adss2q1t1NUPvvbYJR8o=,IJp3pyZePELNrDbtkn1eUqT7stg=
47,-7,tPL1aK5adss2q1t1NUPvvbYJR8o=,IJp3pyZePELNrDbtkn1eUqT7stg=
46,-7,tPL1aK5adss2q1t1NUPvvbYJR8o=,IJp3pyZePELNrDbtkn1eUqT7stg=
45,-7,tPL1aK5adss2q1t1NUPvvbYJR8o=,IJp3pyZePELNrDbtkn1eUqT7stg=
46,-8,tPL1aK5adss2q1t1NUPvvbYJR8o=,IJp3pyZePELNrDbtkn1eUqT7stg=
47,-8,tPL1aK5adss2q1t1NUPvvbYJR8o=,IJp3pyZePELNrDbtkn1eUqT7stg=
45,-8,tPL1aK5adss2q1t1NUPvvbYJR8o=,IJp3pyZePELNrDbtkn1eUqT7stg=
44,-9,tPL1aK5adss2q1t1NUPvvbYJR8o=,tp1UOcr8kmCE9ECy0J7Mww5468E=
43,-9,tPL1aK5adss2q1t1NUPvvbYJR8o=,2DRFo4cGWglFnp/aX/SpeL7eY8Y=
44,-7,tPL1aK5adss2q1t1NUPvvbYJR8o=,IJp3pyZePELNrDbtkn1eUqT7stg=
45,-9,tPL1aK5adss2q1t1NUPvvbYJR8o=,tp1UOcr8kmCE9ECy0J7Mww5468E=
47,-5,tPL1aK5adss2q1t1NUPvvbYJR8o=,IJp3pyZePELNrDbtkn1eUqT7stg=
46,-9,tPL1aK5adss2q1t1NUPvvbYJR8o=,tp1UOcr8kmCE9ECy0J7Mww5468E=
47,-9,tPL1aK5adss2q1t1NUPvvbYJR8o=,tp1UOcr8kmCE9ECy0J7Mww5468E=
32,-7,tPL1aK5adss2q1t1NUPvvbYJR8o=,I0C8dzsJpLTLDfileBRoE6uvQPs=
32,-6,tPL1aK5adss2q1t1NUPvvbYJR8o=,I0C8dzsJpLTLDfileBRoE6uvQPs=
32,-2,tPL1aK5adss2q1t1NUPvvbYJR8o=,hCQrEdWeDeOo2JdxFoMGxjWg34A=
32,-5,tPL1aK5adss2q1t1NUPvvbYJR8o=,I0C8dzsJpLTLDfileBRoE6uvQPs=
32,-3,tPL1aK5adss2q1t1NUPvvbYJR8o=,hCQrEdWeDeOo2JdxFoMGxjWg34A=
32,-4,tPL1aK5adss2q1t1NUPvvbYJR8o=,hCQrEdWeDeOo2JdxFoMGxjWg34A=
43,-1,tPL1aK5adss2q1t1NUPvvbYJR8o=,AB8o1kCCWnTSb6oXOH5CmaHIgqs=
32,-1,tPL1aK5adss2q1t1NUPvvbYJR8o=,hCQrEdWeDeOo2JdxFoMGxjWg34A=
32,-11,tPL1aK5adss2q1t1NUPvvbYJR8o=,jpw+HozniPqoGzCifx/d3ai4lNg=
43,-16,tPL1aK5adss2q1t1NUPvvbYJR8o=,KsG2NMA+02IaLlj7RrntblpdYTE=
32,-10,tPL1aK5adss2q1t1NUPvvbYJR8o=,jpw+HozniPqoGzCifx/d3ai4lNg=
32,-9,tPL1aK5adss2q1t1NUPvvbYJR8o=,jpw+HozniPqoGzCifx/d3ai4lNg=
44,-16,tPL1aK5adss2q1t1NUPvvbYJR8o=,TOemoL6+X28cFwESG+4aOmVZDcs=
45,-16,tPL1aK5adss2q1t1NUPvvbYJR8o=,TOemoL6+X28cFwESG+4aOmVZDcs=
47,-16,tPL1aK5adss2q1t1NUPvvbYJR8o=,TOemoL6+X28cFwESG+4aOmVZDcs=
32,-12,tPL1aK5adss2q1t1NUPvvbYJR8o=,jpw+HozniPqoGzCifx/d3ai4lNg=
32,-8,tPL1aK5adss2q1t1NUPvvbYJR8o=,I0C8dzsJpLTLDfileBRoE6uvQPs=
46,-16,tPL1aK5adss2q1t1NUPvvbYJR8o=,TOemoL6+X28cFwESG+4aOmVZDcs=
32,-13,tPL1aK5adss2q1t1NUPvvbYJR8o=,g7WzkBhjAFicL5iteJjNsPkefpI=
32,-16,tPL1aK5adss2q1t1NUPvvbYJR8o=,g7WzkBhjAFicL5iteJjNsPkefpI=
