76,29,I0ET1sgKFBRYgQnFxuVyUiV0Ock=,7u6IyEL0uyyaHUMC1zcMKtv4NFk=
73,29,I0ET1sgKFBRYgQnFxuVyUiV0Ock=,7u6IyEL0uyyaHUMC1zcMKtv4NFk=
78,28,I0ET1sgKFBRYgQnFxuVyUiV0Ock=,7u6IyEL0uyyaHUMC1zcMKtv4NFk=
75,29,I0ET1sgKFBRYgQnFxuVyUiV0Ock=,7u6IyEL0uyyaHUMC1zcMKtv4NFk=
74,29,I0ET1sgKFBRYgQnFxuVyUiV0Ock=,7u6IyEL0uyyaHUMC1zcMKtv4NFk=
77,28,I0ET1sgKFBRYgQnFxuVyUiV0Ock=,7u6IyEL0uyyaHUMC1zcMKtv4NFk=
76,28,I0ET1sgKFBRYgQnFxuVyUiV0Ock=,7u6IyEL0uyyaHUMC1zcMKtv4NFk=
78,27,I0ET1sgKFBRYgQnFxuVyUiV0Ock=,7u6IyEL0uyyaHUMC1zcMKtv4NFk=
74,28,I0ET1sgKFBRYgQnFxuVyUiV0Ock=,7u6IyEL0uyyaHUMC1zcMKtv4NFk=
77,27,I0ET1sgKFBRYgQnFxuVyUiV0Ock=,7u6IyEL0uyyaHUMC1zcMKtv4NFk=
73,28,I0ET1sgKFBRYgQnFxuVyUiV0Ock=,7u6IyEL0uyyaHUMC1zcMKtv4NFk=
76,27,I0ET1sgKFBRYgQnFxuVyUiV0Ock=,7u6IyEL0uyyaHUMC1zcMKtv4NFk=
75,27,I0ET1sgKFBRYgQnFxuVyUiV0Ock=,7u6IyEL0uyyaHUMC1zcMKtv4NFk=
78,26,I0ET1sgKFBRYgQnFxuVyUiV0Ock=,7u6IyEL0uyyaHUMC1zcMKtv4NFk=
77,26,I0ET1sgKFBRYgQnFxuVyUiV0Ock=,7u6IyEL0uyyaHUMC1zcMKtv4NFk=
76,26,I0ET1sgKFBRYgQnFxuVyUiV0Ock=,7u6IyEL0uyyaHUMC1zcMKtv4NFk=
75,26,I0ET1sgKFBRYgQnFxuVyUiV0Ock=,7u6IyEL0uyyaHUMC1zcMKtv4NFk=
74,27,I0ET1sgKFBRYgQnFxuVyUiV0Ock=,7u6IyEL0uyyaHUMC1zcMKtv4NFk=
74,26,I0ET1sgKFBRYgQnFxuVyUiV0Ock=,7u6IyEL0uyyaHUMC1zcMKtv4NFk=
78,25,I0ET1sgKFBRYgQnFxuVyUiV0Ock=,7u6IyEL0uyyaHUMC1zcMKtv4NFk=
77,25,I0ET1sgKFBRYgQnFxuVyUiV0Ock=,7u6IyEL0uyyaHUMC1zcMKtv4NFk=
76,25,I0ET1sgKFBRYgQnFxuVyUiV0Ock=,7u6IyEL0uyyaHUMC1zcMKtv4NFk=
75,25,I0ET1sgKFBRYgQnFxuVyUiV0Ock=,7u6IyEL0uyyaHUMC1zcMKtv4NFk=
74,25,I0ET1sgKFBRYgQnFxuVyUiV0Ock=,7u6IyEL0uyyaHUMC1zcMKtv4NFk=
73,26,I0ET1sgKFBRYgQnFxuVyUiV0Ock=,7u6IyEL0uyyaHUMC1zcMKtv4NFk=
77,30,I0ET1sgKFBRYgQnFxuVyUiV0Ock=,7u6IyEL0uyyaHUMC1zcMKtv4NFk=
78,30,I0ET1sgKFBRYgQnFxuVyUiV0Ock=,7u6IyEL0uyyaHUMC1zcMKtv4NFk=
76,30,I0ET1sgKFBRYgQnFxuVyUiV0Ock=,7u6IyEL0uyyaHUMC1zcMKtv4NFk=
75,28,I0ET1sgKFBRYgQnFxuVyUiV0Ock=,7u6IyEL0uyyaHUMC1zcMKtv4NFk=
73,27,I0ET1sgKFBRYgQnFxuVyUiV0Ock=,7u6IyEL0uyyaHUMC1zcMKtv4NFk=
75,30,I0ET1sgKFBRYgQnFxuVyUiV0Ock=,7u6IyEL0uyyaHUMC1zcMKtv4NFk=
74,30,I0ET1sgKFBRYgQnFxuVyUiV0Ock=,7u6IyEL0uyyaHUMC1zcMKtv4NFk=
78,29,I0ET1sgKFBRYgQnFxuVyUiV0Ock=,7u6IyEL0uyyaHUMC1zcMKtv4NFk=
77,29,I0ET1sgKFBRYgQnFxuVyUiV0Ock=,7u6IyEL0uyyaHUMC1zcMKtv4NFk=
73,30,I0ET1sgKFBRYgQnFxuVyUiV0Ock=,7u6IyEL0uyyaHUMC1zcMKtv4NFk=
73,25,I0ET1sgKFBRYgQnFxuVyUiV0Ock=,7u6IyEL0uyyaHUMC1zcMKtv4NFk=
66,17,I0ET1sgKFBRYgQnFxuVyUiV0Ock=,iSVxUCVASMX4qIqrDeg0//p4/dI=
65,17,I0ET1sgKFBRYgQnFxuVyUiV0Ock=,iSVxUCVASMX4qIqrDeg0//p4/dI=
67,21,/7EopEdaC5kQ9p0jahGYrwX/0u0=,iSVxUCVASMX4qIqrDeg0//p4/dI=
69,20,/7EopEdaC5kQ9p0jahGYrwX/0u0=,iSVxUCVASMX4qIqrDeg0//p4/dI=
64,17,/7EopEdaC5kQ9p0jahGYrwX/0u0=,iSVxUCVASMX4qIqrDeg0//p4/dI=
68,20,/7EopEdaC5kQ9p0jahGYrwX/0u0=,iSVxUCVASMX4qIqrDeg0//p4/dI=
67,20,/7EopEdaC5kQ9p0jahGYrwX/0u0=,iSVxUCVASMX4qIqrDeg0//p4/dI=
70,19,/7EopEdaC5kQ9p0jahGYrwX/0u0=,iSVxUCVASMX4qIqrDeg0//p4/dI=
70,17,/7EopEdaC5kQ9p0jahGYrwX/0u0=,iSVxUCVASMX4qIqrDeg0//p4/dI=
67,16,/7EopEdaC5kQ9p0jahGYrwX/0u0=,iSVxUCVASMX4qIqrDeg0//p4/dI=
69,17,/7EopEdaC5kQ9p0jahGYrwX/0u0=,iSVxUCVASMX4qIqrDeg0//p4/dI=
70,16,/7EopEdaC5kQ9p0jahGYrwX/0u0=,iSVxUCVASMX4qIqrDeg0//p4/dI=
68,17,/7EopEdaC5kQ9p0jahGYrwX/0u0=,iSVxUCVASMX4qIqrDeg0//p4/dI=
68,19,/7EopEdaC5kQ9p0jahGYrwX/0u0=,iSVxUCVASMX4qIqrDeg0//p4/dI=
69,19,/7EopEdaC5kQ9p0jahGYrwX/0u0=,iSVxUCVASMX4qIqrDeg0//p4/dI=
73,31,/7EopEdaC5kQ9p0jahGYrwX/0u0=,7u6IyEL0uyyaHUMC1zcMKtv4NFk=
76,31,/7EopEdaC5kQ9p0jahGYrwX/0u0=,7u6IyEL0uyyaHUMC1zcMKtv4NFk=
75,31,/7EopEdaC5kQ9p0jahGYrwX/0u0=,7u6IyEL0uyyaHUMC1zcMKtv4NFk=
74,31,/7EopEdaC5kQ9p0jahGYrwX/0u0=,7u6IyEL0uyyaHUMC1zcMKtv4NFk=
77,31,/7EopEdaC5kQ9p0jahGYrwX/0u0=,7u6IyEL0uyyaHUMC1zcMKtv4NFk=
78,31,/7EopEdaC5kQ9p0jahGYrwX/0u0=,7u6IyEL0uyyaHUMC1zcMKtv4NFk=
69,16,/7EopEdaC5kQ9p0jahGYrwX/0u0=,iSVxUCVASMX4qIqrDeg0//p4/dI=
65,21,/7EopEdaC5kQ9p0jahGYrwX/0u0=,iSVxUCVASMX4qIqrDeg0//p4/dI=
66,21,/7EopEdaC5kQ9p0jahGYrwX/0u0=,iSVxUCVASMX4qIqrDeg0//p4/dI=
66,16,/7EopEdaC5kQ9p0jahGYrwX/0u0=,iSVxUCVASMX4qIqrDeg0//p4/dI=
68,16,/7EopEdaC5kQ9p0jahGYrwX/0u0=,iSVxUCVASMX4qIqrDeg0//p4/dI=
64,21,/7EopEdaC5kQ9p0jahGYrwX/0u0=,iSVxUCVASMX4qIqrDeg0//p4/dI=
70,22,/7EopEdaC5kQ9p0jahGYrwX/0u0=,iSVxUCVASMX4qIqrDeg0//p4/dI=
69,22,/7EopEdaC5kQ9p0jahGYrwX/0u0=,iSVxUCVASMX4qIqrDeg0//p4/dI=
68,22,/7EopEdaC5kQ9p0jahGYrwX/0u0=,iSVxUCVASMX4qIqrDeg0//p4/dI=
67,22,/7EopEdaC5kQ9p0jahGYrwX/0u0=,iSVxUCVASMX4qIqrDeg0//p4/dI=
66,22,/7EopEdaC5kQ9p0jahGYrwX/0u0=,iSVxUCVASMX4qIqrDeg0//p4/dI=
64,22,/7EopEdaC5kQ9p0jahGYrwX/0u0=,iSVxUCVASMX4qIqrDeg0//p4/dI=
65,16,/7EopEdaC5kQ9p0jahGYrwX/0u0=,iSVxUCVASMX4qIqrDeg0//p4/dI=
65,22,/7EopEdaC5kQ9p0jahGYrwX/0u0=,iSVxUCVASMX4qIqrDeg0//p4/dI=
68,18,/7EopEdaC5kQ9p0jahGYrwX/0u0=,iSVxUCVASMX4qIqrDeg0//p4/dI=
67,18,/7EopEdaC5kQ9p0jahGYrwX/0u0=,iSVxUCVASMX4qIqrDeg0//p4/dI=
70,21,/7EopEdaC5kQ9p0jahGYrwX/0u0=,iSVxUCVASMX4qIqrDeg0//p4/dI=
66,18,/7EopEdaC5kQ9p0jahGYrwX/0u0=,iSVxUCVASMX4qIqrDeg0//p4/dI=
69,18,/7EopEdaC5kQ9p0jahGYrwX/0u0=,iSVxUCVASMX4qIqrDeg0//p4/dI=
65,18,/7EopEdaC5kQ9p0jahGYrwX/0u0=,iSVxUCVASMX4qIqrDeg0//p4/dI=
64,18,/7EopEdaC5kQ9p0jahGYrwX/0u0=,iSVxUCVASMX4qIqrDeg0//p4/dI=
70,18,/7EopEdaC5kQ9p0jahGYrwX/0u0=,iSVxUCVASMX4qIqrDeg0//p4/dI=
69,21,/7EopEdaC5kQ9p0jahGYrwX/0u0=,iSVxUCVASMX4qIqrDeg0//p4/dI=
67,17,/7EopEdaC5kQ9p0jahGYrwX/0u0=,iSVxUCVASMX4qIqrDeg0//p4/dI=
67,19,/7EopEdaC5kQ9p0jahGYrwX/0u0=,iSVxUCVASMX4qIqrDeg0//p4/dI=
68,21,/7EopEdaC5kQ9p0jahGYrwX/0u0=,iSVxUCVASMX4qIqrDeg0//p4/dI=
65,20,/7EopEdaC5kQ9p0jahGYrwX/0u0=,iSVxUCVASMX4qIqrDeg0//p4/dI=
66,20,/7EopEdaC5kQ9p0jahGYrwX/0u0=,iSVxUCVASMX4qIqrDeg0//p4/dI=
66,19,/7EopEdaC5kQ9p0jahGYrwX/0u0=,iSVxUCVASMX4qIqrDeg0//p4/dI=
70,20,/7EopEdaC5kQ9p0jahGYrwX/0u0=,iSVxUCVASMX4qIqrDeg0//p4/dI=
64,19,/7EopEdaC5kQ9p0jahGYrwX/0u0=,iSVxUCVASMX4qIqrDeg0//p4/dI=
65,19,/7EopEdaC5kQ9p0jahGYrwX/0u0=,iSVxUCVASMX4qIqrDeg0//p4/dI=
64,20,/7EopEdaC5kQ9p0jahGYrwX/0u0=,iSVxUCVASMX4qIqrDeg0//p4/dI=
76,19,/7EopEdaC5kQ9p0jahGYrwX/0u0=,sFnsMaUxYJcZ5C/XNRD3AfrIpKo=
77,19,/7EopEdaC5kQ9p0jahGYrwX/0u0=,sFnsMaUxYJcZ5C/XNRD3AfrIpKo=
75,19,/7EopEdaC5kQ9p0jahGYrwX/0u0=,sFnsMaUxYJcZ5C/XNRD3AfrIpKo=
74,19,/7EopEdaC5kQ9p0jahGYrwX/0u0=,sFnsMaUxYJcZ5C/XNRD3AfrIpKo=
73,19,/7EopEdaC5kQ9p0jahGYrwX/0u0=,sFnsMaUxYJcZ5C/XNRD3AfrIpKo=
78,19,/7EopEdaC5kQ9p0jahGYrwX/0u0=,sFnsMaUxYJcZ5C/XNRD3AfrIpKo=
73,24,/7EopEdaC5kQ9p0jahGYrwX/0u0=,7u6IyEL0uyyaHUMC1zcMKtv4NFk=
72,19,/7EopEdaC5kQ9p0jahGYrwX/0u0=,sFnsMaUxYJcZ5C/XNRD3AfrIpKo=
71,17,/7EopEdaC5kQ9p0jahGYrwX/0u0=,iSVxUCVASMX4qIqrDeg0//p4/dI=
71,21,/7EopEdaC5kQ9p0jahGYrwX/0u0=,iSVxUCVASMX4qIqrDeg0//p4/dI=
74,24,/7EopEdaC5kQ9p0jahGYrwX/0u0=,7u6IyEL0uyyaHUMC1zcMKtv4NFk=
75,24,/7EopEdaC5kQ9p0jahGYrwX/0u0=,7u6IyEL0uyyaHUMC1zcMKtv4NFk=
78,23,/7EopEdaC5kQ9p0jahGYrwX/0u0=,sFnsMaUxYJcZ5C/XNRD3AfrIpKo=
71,19,/7EopEdaC5kQ9p0jahGYrwX/0u0=,iSVxUCVASMX4qIqrDeg0//p4/dI=
76,23,/7EopEdaC5kQ9p0jahGYrwX/0u0=,sFnsMaUxYJcZ5C/XNRD3AfrIpKo=
79,19,/7EopEdaC5kQ9p0jahGYrwX/0u0=,sFnsMaUxYJcZ5C/XNRD3AfrIpKo=
77,23,/7EopEdaC5kQ9p0jahGYrwX/0u0=,sFnsMaUxYJcZ5C/XNRD3AfrIpKo=
75,23,/7EopEdaC5kQ9p0jahGYrwX/0u0=,sFnsMaUxYJcZ5C/XNRD3AfrIpKo=
79,18,/7EopEdaC5kQ9p0jahGYrwX/0u0=,sFnsMaUxYJcZ5C/XNRD3AfrIpKo=
79,22,/7EopEdaC5kQ9p0jahGYrwX/0u0=,sFnsMaUxYJcZ5C/XNRD3AfrIpKo=
74,23,/7EopEdaC5kQ9p0jahGYrwX/0u0=,sFnsMaUxYJcZ5C/XNRD3AfrIpKo=
78,18,/7EopEdaC5kQ9p0jahGYrwX/0u0=,sFnsMaUxYJcZ5C/XNRD3AfrIpKo=
71,22,/7EopEdaC5kQ9p0jahGYrwX/0u0=,iSVxUCVASMX4qIqrDeg0//p4/dI=
73,23,/7EopEdaC5kQ9p0jahGYrwX/0u0=,sFnsMaUxYJcZ5C/XNRD3AfrIpKo=
76,24,/7EopEdaC5kQ9p0jahGYrwX/0u0=,7u6IyEL0uyyaHUMC1zcMKtv4NFk=
72,16,/7EopEdaC5kQ9p0jahGYrwX/0u0=,sFnsMaUxYJcZ5C/XNRD3AfrIpKo=
73,16,/7EopEdaC5kQ9p0jahGYrwX/0u0=,sFnsMaUxYJcZ5C/XNRD3AfrIpKo=
78,22,/7EopEdaC5kQ9p0jahGYrwX/0u0=,sFnsMaUxYJcZ5C/XNRD3AfrIpKo=
74,16,/7EopEdaC5kQ9p0jahGYrwX/0u0=,sFnsMaUxYJcZ5C/XNRD3AfrIpKo=
77,24,/7EopEdaC5kQ9p0jahGYrwX/0u0=,7u6IyEL0uyyaHUMC1zcMKtv4NFk=
75,16,/7EopEdaC5kQ9p0jahGYrwX/0u0=,sFnsMaUxYJcZ5C/XNRD3AfrIpKo=
78,24,/7EopEdaC5kQ9p0jahGYrwX/0u0=,7u6IyEL0uyyaHUMC1zcMKtv4NFk=
72,20,/7EopEdaC5kQ9p0jahGYrwX/0u0=,sFnsMaUxYJcZ5C/XNRD3AfrIpKo=
76,16,/7EopEdaC5kQ9p0jahGYrwX/0u0=,sFnsMaUxYJcZ5C/XNRD3AfrIpKo=
77,16,/7EopEdaC5kQ9p0jahGYrwX/0u0=,sFnsMaUxYJcZ5C/XNRD3AfrIpKo=
77,18,/7EopEdaC5kQ9p0jahGYrwX/0u0=,sFnsMaUxYJcZ5C/XNRD3AfrIpKo=
78,16,/7EopEdaC5kQ9p0jahGYrwX/0u0=,sFnsMaUxYJcZ5C/XNRD3AfrIpKo=
73,20,/7EopEdaC5kQ9p0jahGYrwX/0u0=,sFnsMaUxYJcZ5C/XNRD3AfrIpKo=
74,20,/7EopEdaC5kQ9p0jahGYrwX/0u0=,sFnsMaUxYJcZ5C/XNRD3AfrIpKo=
72,17,/7EopEdaC5kQ9p0jahGYrwX/0u0=,sFnsMaUxYJcZ5C/XNRD3AfrIpKo=
75,20,/7EopEdaC5kQ9p0jahGYrwX/0u0=,sFnsMaUxYJcZ5C/XNRD3AfrIpKo=
76,20,/7EopEdaC5kQ9p0jahGYrwX/0u0=,sFnsMaUxYJcZ5C/XNRD3AfrIpKo=
73,17,/7EopEdaC5kQ9p0jahGYrwX/0u0=,sFnsMaUxYJcZ5C/XNRD3AfrIpKo=
71,20,/7EopEdaC5kQ9p0jahGYrwX/0u0=,iSVxUCVASMX4qIqrDeg0//p4/dI=
71,18,/7EopEdaC5kQ9p0jahGYrwX/0u0=,iSVxUCVASMX4qIqrDeg0//p4/dI=
74,17,/7EopEdaC5kQ9p0jahGYrwX/0u0=,sFnsMaUxYJcZ5C/XNRD3AfrIpKo=
77,20,/7EopEdaC5kQ9p0jahGYrwX/0u0=,sFnsMaUxYJcZ5C/XNRD3AfrIpKo=
73,18,/7EopEdaC5kQ9p0jahGYrwX/0u0=,sFnsMaUxYJcZ5C/XNRD3AfrIpKo=
76,18,/7EopEdaC5kQ9p0jahGYrwX/0u0=,sFnsMaUxYJcZ5C/XNRD3AfrIpKo=
72,18,/7EopEdaC5kQ9p0jahGYrwX/0u0=,sFnsMaUxYJcZ5C/XNRD3AfrIpKo=
74,18,/7EopEdaC5kQ9p0jahGYrwX/0u0=,sFnsMaUxYJcZ5C/XNRD3AfrIpKo=
78,20,/7EopEdaC5kQ9p0jahGYrwX/0u0=,sFnsMaUxYJcZ5C/XNRD3AfrIpKo=
77,22,/7EopEdaC5kQ9p0jahGYrwX/0u0=,sFnsMaUxYJcZ5C/XNRD3AfrIpKo=
75,17,/7EopEdaC5kQ9p0jahGYrwX/0u0=,sFnsMaUxYJcZ5C/XNRD3AfrIpKo=
68,27,/7EopEdaC5kQ9p0jahGYrwX/0u0=,UEc5k/XWSWtPnzhoXm6by44TxX0=
75,18,/7EopEdaC5kQ9p0jahGYrwX/0u0=,sFnsMaUxYJcZ5C/XNRD3AfrIpKo=
75,22,/7EopEdaC5kQ9p0jahGYrwX/0u0=,sFnsMaUxYJcZ5C/XNRD3AfrIpKo=
73,22,/7EopEdaC5kQ9p0jahGYrwX/0u0=,sFnsMaUxYJcZ5C/XNRD3AfrIpKo=
71,31,/7EopEdaC5kQ9p0jahGYrwX/0u0=,UEc5k/XWSWtPnzhoXm6by44TxX0=
69,27,/7EopEdaC5kQ9p0jahGYrwX/0u0=,UEc5k/XWSWtPnzhoXm6by44TxX0=
76,22,/7EopEdaC5kQ9p0jahGYrwX/0u0=,sFnsMaUxYJcZ5C/XNRD3AfrIpKo=
72,22,/7EopEdaC5kQ9p0jahGYrwX/0u0=,sFnsMaUxYJcZ5C/XNRD3AfrIpKo=
74,22,/7EopEdaC5kQ9p0jahGYrwX/0u0=,sFnsMaUxYJcZ5C/XNRD3AfrIpKo=
76,17,/7EopEdaC5kQ9p0jahGYrwX/0u0=,sFnsMaUxYJcZ5C/XNRD3AfrIpKo=
70,27,/7EopEdaC5kQ9p0jahGYrwX/0u0=,UEc5k/XWSWtPnzhoXm6by44TxX0=
67,27,/7EopEdaC5kQ9p0jahGYrwX/0u0=,UEc5k/XWSWtPnzhoXm6by44TxX0=
70,31,/7EopEdaC5kQ9p0jahGYrwX/0u0=,UEc5k/XWSWtPnzhoXm6by44TxX0=
66,27,/7EopEdaC5kQ9p0jahGYrwX/0u0=,UEc5k/XWSWtPnzhoXm6by44TxX0=
71,16,/7EopEdaC5kQ9p0jahGYrwX/0u0=,iSVxUCVASMX4qIqrDeg0//p4/dI=
79,21,/7EopEdaC5kQ9p0jahGYrwX/0u0=,sFnsMaUxYJcZ5C/XNRD3AfrIpKo=
65,27,/7EopEdaC5kQ9p0jahGYrwX/0u0=,UEc5k/XWSWtPnzhoXm6by44TxX0=
69,31,/7EopEdaC5kQ9p0jahGYrwX/0u0=,UEc5k/XWSWtPnzhoXm6by44TxX0=
79,17,/7EopEdaC5kQ9p0jahGYrwX/0u0=,sFnsMaUxYJcZ5C/XNRD3AfrIpKo=
71,27,/7EopEdaC5kQ9p0jahGYrwX/0u0=,UEc5k/XWSWtPnzhoXm6by44TxX0=
64,28,/7EopEdaC5kQ9p0jahGYrwX/0u0=,UEc5k/XWSWtPnzhoXm6by44TxX0=
65,28,/7EopEdaC5kQ9p0jahGYrwX/0u0=,UEc5k/XWSWtPnzhoXm6by44TxX0=
72,30,/7EopEdaC5kQ9p0jahGYrwX/0u0=,7u6IyEL0uyyaHUMC1zcMKtv4NFk=
66,28,/7EopEdaC5kQ9p0jahGYrwX/0u0=,UEc5k/XWSWtPnzhoXm6by44TxX0=
67,28,/7EopEdaC5kQ9p0jahGYrwX/0u0=,UEc5k/XWSWtPnzhoXm6by44TxX0=
64,27,/7EopEdaC5kQ9p0jahGYrwX/0u0=,UEc5k/XWSWtPnzhoXm6by44TxX0=
78,21,/7EopEdaC5kQ9p0jahGYrwX/0u0=,sFnsMaUxYJcZ5C/XNRD3AfrIpKo=
75,21,/7EopEdaC5kQ9p0jahGYrwX/0u0=,sFnsMaUxYJcZ5C/XNRD3AfrIpKo=
74,21,/7EopEdaC5kQ9p0jahGYrwX/0u0=,sFnsMaUxYJcZ5C/XNRD3AfrIpKo=
73,21,/7EopEdaC5kQ9p0jahGYrwX/0u0=,sFnsMaUxYJcZ5C/XNRD3AfrIpKo=
71,26,/7EopEdaC5kQ9p0jahGYrwX/0u0=,UEc5k/XWSWtPnzhoXm6by44TxX0=
79,20,/7EopEdaC5kQ9p0jahGYrwX/0u0=,sFnsMaUxYJcZ5C/XNRD3AfrIpKo=
70,26,/7EopEdaC5kQ9p0jahGYrwX/0u0=,UEc5k/XWSWtPnzhoXm6by44TxX0=
72,29,/7EopEdaC5kQ9p0jahGYrwX/0u0=,7u6IyEL0uyyaHUMC1zcMKtv4NFk=
76,21,/7EopEdaC5kQ9p0jahGYrwX/0u0=,sFnsMaUxYJcZ5C/XNRD3AfrIpKo=
78,17,/7EopEdaC5kQ9p0jahGYrwX/0u0=,sFnsMaUxYJcZ5C/XNRD3AfrIpKo=
72,21,/7EopEdaC5kQ9p0jahGYrwX/0u0=,sFnsMaUxYJcZ5C/XNRD3AfrIpKo=
68,31,/7EopEdaC5kQ9p0jahGYrwX/0u0=,UEc5k/XWSWtPnzhoXm6by44TxX0=
72,24,/7EopEdaC5kQ9p0jahGYrwX/0u0=,7u6IyEL0uyyaHUMC1zcMKtv4NFk=
69,26,/7EopEdaC5kQ9p0jahGYrwX/0u0=,UEc5k/XWSWtPnzhoXm6by44TxX0=
68,28,/7EopEdaC5kQ9p0jahGYrwX/0u0=,UEc5k/XWSWtPnzhoXm6by44TxX0=
68,26,/7EopEdaC5kQ9p0jahGYrwX/0u0=,UEc5k/XWSWtPnzhoXm6by44TxX0=
72,23,/7EopEdaC5kQ9p0jahGYrwX/0u0=,sFnsMaUxYJcZ5C/XNRD3AfrIpKo=
67,31,/7EopEdaC5kQ9p0jahGYrwX/0u0=,UEc5k/XWSWtPnzhoXm6by44TxX0=
66,26,/7EopEdaC5kQ9p0jahGYrwX/0u0=,UEc5k/XWSWtPnzhoXm6by44TxX0=
77,17,/7EopEdaC5kQ9p0jahGYrwX/0u0=,sFnsMaUxYJcZ5C/XNRD3AfrIpKo=
77,21,/7EopEdaC5kQ9p0jahGYrwX/0u0=,sFnsMaUxYJcZ5C/XNRD3AfrIpKo=
67,26,/7EopEdaC5kQ9p0jahGYrwX/0u0=,UEc5k/XWSWtPnzhoXm6by44TxX0=
72,28,/7EopEdaC5kQ9p0jahGYrwX/0u0=,7u6IyEL0uyyaHUMC1zcMKtv4NFk=
71,25,/7EopEdaC5kQ9p0jahGYrwX/0u0=,UEc5k/XWSWtPnzhoXm6by44TxX0=
69,28,/7EopEdaC5kQ9p0jahGYrwX/0u0=,UEc5k/XWSWtPnzhoXm6by44TxX0=
65,26,/7EopEdaC5kQ9p0jahGYrwX/0u0=,UEc5k/XWSWtPnzhoXm6by44TxX0=
70,25,/7EopEdaC5kQ9p0jahGYrwX/0u0=,UEc5k/XWSWtPnzhoXm6by44TxX0=
64,26,/7EopEdaC5kQ9p0jahGYrwX/0u0=,UEc5k/XWSWtPnzhoXm6by44TxX0=
69,25,/7EopEdaC5kQ9p0jahGYrwX/0u0=,UEc5k/XWSWtPnzhoXm6by44TxX0=
68,25,/7EopEdaC5kQ9p0jahGYrwX/0u0=,UEc5k/XWSWtPnzhoXm6by44TxX0=
65,31,/7EopEdaC5kQ9p0jahGYrwX/0u0=,UEc5k/XWSWtPnzhoXm6by44TxX0=
67,25,/7EopEdaC5kQ9p0jahGYrwX/0u0=,UEc5k/XWSWtPnzhoXm6by44TxX0=
71,30,/7EopEdaC5kQ9p0jahGYrwX/0u0=,UEc5k/XWSWtPnzhoXm6by44TxX0=
70,30,/7EopEdaC5kQ9p0jahGYrwX/0u0=,UEc5k/XWSWtPnzhoXm6by44TxX0=
70,28,/7EopEdaC5kQ9p0jahGYrwX/0u0=,UEc5k/XWSWtPnzhoXm6by44TxX0=
66,25,/7EopEdaC5kQ9p0jahGYrwX/0u0=,UEc5k/XWSWtPnzhoXm6by44TxX0=
69,30,/7EopEdaC5kQ9p0jahGYrwX/0u0=,UEc5k/XWSWtPnzhoXm6by44TxX0=
72,27,/7EopEdaC5kQ9p0jahGYrwX/0u0=,7u6IyEL0uyyaHUMC1zcMKtv4NFk=
66,31,/7EopEdaC5kQ9p0jahGYrwX/0u0=,UEc5k/XWSWtPnzhoXm6by44TxX0=
68,30,/7EopEdaC5kQ9p0jahGYrwX/0u0=,UEc5k/XWSWtPnzhoXm6by44TxX0=
65,25,/7EopEdaC5kQ9p0jahGYrwX/0u0=,UEc5k/XWSWtPnzhoXm6by44TxX0=
71,24,/7EopEdaC5kQ9p0jahGYrwX/0u0=,UEc5k/XWSWtPnzhoXm6by44TxX0=
64,25,/7EopEdaC5kQ9p0jahGYrwX/0u0=,UEc5k/XWSWtPnzhoXm6by44TxX0=
71,28,/7EopEdaC5kQ9p0jahGYrwX/0u0=,UEc5k/XWSWtPnzhoXm6by44TxX0=
72,31,/7EopEdaC5kQ9p0jahGYrwX/0u0=,7u6IyEL0uyyaHUMC1zcMKtv4NFk=
70,24,/7EopEdaC5kQ9p0jahGYrwX/0u0=,UEc5k/XWSWtPnzhoXm6by44TxX0=
67,30,/7EopEdaC5kQ9p0jahGYrwX/0u0=,UEc5k/XWSWtPnzhoXm6by44TxX0=
65,30,/7EopEdaC5kQ9p0jahGYrwX/0u0=,UEc5k/XWSWtPnzhoXm6by44TxX0=
64,29,/7EopEdaC5kQ9p0jahGYrwX/0u0=,UEc5k/XWSWtPnzhoXm6by44TxX0=
64,30,/7EopEdaC5kQ9p0jahGYrwX/0u0=,UEc5k/XWSWtPnzhoXm6by44TxX0=
65,29,/7EopEdaC5kQ9p0jahGYrwX/0u0=,UEc5k/XWSWtPnzhoXm6by44TxX0=
66,30,/7EopEdaC5kQ9p0jahGYrwX/0u0=,UEc5k/XWSWtPnzhoXm6by44TxX0=
68,24,/7EopEdaC5kQ9p0jahGYrwX/0u0=,UEc5k/XWSWtPnzhoXm6by44TxX0=
69,24,/7EopEdaC5kQ9p0jahGYrwX/0u0=,UEc5k/XWSWtPnzhoXm6by44TxX0=
67,24,/7EopEdaC5kQ9p0jahGYrwX/0u0=,UEc5k/XWSWtPnzhoXm6by44TxX0=
72,26,/7EopEdaC5kQ9p0jahGYrwX/0u0=,7u6IyEL0uyyaHUMC1zcMKtv4NFk=
71,29,/7EopEdaC5kQ9p0jahGYrwX/0u0=,UEc5k/XWSWtPnzhoXm6by44TxX0=
67,29,/7EopEdaC5kQ9p0jahGYrwX/0u0=,UEc5k/XWSWtPnzhoXm6by44TxX0=
66,24,/7EopEdaC5kQ9p0jahGYrwX/0u0=,UEc5k/XWSWtPnzhoXm6by44TxX0=
66,29,/7EopEdaC5kQ9p0jahGYrwX/0u0=,UEc5k/XWSWtPnzhoXm6by44TxX0=
65,24,/7EopEdaC5kQ9p0jahGYrwX/0u0=,UEc5k/XWSWtPnzhoXm6by44TxX0=
64,23,/7EopEdaC5kQ9p0jahGYrwX/0u0=,iSVxUCVASMX4qIqrDeg0//p4/dI=
64,24,/7EopEdaC5kQ9p0jahGYrwX/0u0=,UEc5k/XWSWtPnzhoXm6by44TxX0=
70,23,/7EopEdaC5kQ9p0jahGYrwX/0u0=,iSVxUCVASMX4qIqrDeg0//p4/dI=
71,23,/7EopEdaC5kQ9p0jahGYrwX/0u0=,iSVxUCVASMX4qIqrDeg0//p4/dI=
70,29,/7EopEdaC5kQ9p0jahGYrwX/0u0=,UEc5k/XWSWtPnzhoXm6by44TxX0=
68,23,/7EopEdaC5kQ9p0jahGYrwX/0u0=,iSVxUCVASMX4qIqrDeg0//p4/dI=
65,23,/7EopEdaC5kQ9p0jahGYrwX/0u0=,iSVxUCVASMX4qIqrDeg0//p4/dI=
67,23,/7EopEdaC5kQ9p0jahGYrwX/0u0=,iSVxUCVASMX4qIqrDeg0//p4/dI=
68,29,/7EopEdaC5kQ9p0jahGYrwX/0u0=,UEc5k/XWSWtPnzhoXm6by44TxX0=
69,29,/7EopEdaC5kQ9p0jahGYrwX/0u0=,UEc5k/XWSWtPnzhoXm6by44TxX0=
66,23,/7EopEdaC5kQ9p0jahGYrwX/0u0=,iSVxUCVASMX4qIqrDeg0//p4/dI=
72,25,/7EopEdaC5kQ9p0jahGYrwX/0u0=,7u6IyEL0uyyaHUMC1zcMKtv4NFk=
69,23,/7EopEdaC5kQ9p0jahGYrwX/0u0=,iSVxUCVASMX4qIqrDeg0//p4/dI=
79,30,/7EopEdaC5kQ9p0jahGYrwX/0u0=,7u6IyEL0uyyaHUMC1zcMKtv4NFk=
79,25,/7EopEdaC5kQ9p0jahGYrwX/0u0=,7u6IyEL0uyyaHUMC1zcMKtv4NFk=
79,26,/7EopEdaC5kQ9p0jahGYrwX/0u0=,7u6IyEL0uyyaHUMC1zcMKtv4NFk=
79,29,/7EopEdaC5kQ9p0jahGYrwX/0u0=,7u6IyEL0uyyaHUMC1zcMKtv4NFk=
79,24,/7EopEdaC5kQ9p0jahGYrwX/0u0=,7u6IyEL0uyyaHUMC1zcMKtv4NFk=
79,23,/7EopEdaC5kQ9p0jahGYrwX/0u0=,sFnsMaUxYJcZ5C/XNRD3AfrIpKo=
79,27,/7EopEdaC5kQ9p0jahGYrwX/0u0=,7u6IyEL0uyyaHUMC1zcMKtv4NFk=
79,28,/7EopEdaC5kQ9p0jahGYrwX/0u0=,7u6IyEL0uyyaHUMC1zcMKtv4NFk=
64,31,/7EopEdaC5kQ9p0jahGYrwX/0u0=,UEc5k/XWSWtPnzhoXm6by44TxX0=
79,31,/7EopEdaC5kQ9p0jahGYrwX/0u0=,7u6IyEL0uyyaHUMC1zcMKtv4NFk=
79,16,/7EopEdaC5kQ9p0jahGYrwX/0u0=,sFnsMaUxYJcZ5C/XNRD3AfrIpKo=
64,16,/7EopEdaC5kQ9p0jahGYrwX/0u0=,iSVxUCVASMX4qIqrDeg0//p4/dI=
78,9,/7EopEdaC5kQ9p0jahGYrwX/0u0=,hoKeRH+JdtY3hXMM/zpeSWMt8WE=
76,13,/7EopEdaC5kQ9p0jahGYrwX/0u0=,hoKeRH+JdtY3hXMM/zpeSWMt8WE=
77,12,/7EopEdaC5kQ9p0jahGYrwX/0u0=,hoKeRH+JdtY3hXMM/zpeSWMt8WE=
79,9,/7EopEdaC5kQ9p0jahGYrwX/0u0=,hoKeRH+JdtY3hXMM/zpeSWMt8WE=
77,9,/7EopEdaC5kQ9p0jahGYrwX/0u0=,hoKeRH+JdtY3hXMM/zpeSWMt8WE=
75,8,/7EopEdaC5kQ9p0jahGYrwX/0u0=,hoKeRH+JdtY3hXMM/zpeSWMt8WE=
75,13,/7EopEdaC5kQ9p0jahGYrwX/0u0=,hoKeRH+JdtY3hXMM/zpeSWMt8WE=
79,11,/7EopEdaC5kQ9p0jahGYrwX/0u0=,hoKeRH+JdtY3hXMM/zpeSWMt8WE=
79,10,/7EopEdaC5kQ9p0jahGYrwX/0u0=,hoKeRH+JdtY3hXMM/zpeSWMt8WE=
78,11,/7EopEdaC5kQ9p0jahGYrwX/0u0=,hoKeRH+JdtY3hXMM/zpeSWMt8WE=
73,9,/7EopEdaC5kQ9p0jahGYrwX/0u0=,hoKeRH+JdtY3hXMM/zpeSWMt8WE=
76,12,/7EopEdaC5kQ9p0jahGYrwX/0u0=,hoKeRH+JdtY3hXMM/zpeSWMt8WE=
78,10,/7EopEdaC5kQ9p0jahGYrwX/0u0=,hoKeRH+JdtY3hXMM/zpeSWMt8WE=
74,13,/7EopEdaC5kQ9p0jahGYrwX/0u0=,hoKeRH+JdtY3hXMM/zpeSWMt8WE=
75,12,/7EopEdaC5kQ9p0jahGYrwX/0u0=,hoKeRH+JdtY3hXMM/zpeSWMt8WE=
77,10,/7EopEdaC5kQ9p0jahGYrwX/0u0=,hoKeRH+JdtY3hXMM/zpeSWMt8WE=
76,10,/7EopEdaC5kQ9p0jahGYrwX/0u0=,hoKeRH+JdtY3hXMM/zpeSWMt8WE=
73,13,/7EopEdaC5kQ9p0jahGYrwX/0u0=,hoKeRH+JdtY3hXMM/zpeSWMt8WE=
74,12,/7EopEdaC5kQ9p0jahGYrwX/0u0=,hoKeRH+JdtY3hXMM/zpeSWMt8WE=
77,11,/7EopEdaC5kQ9p0jahGYrwX/0u0=,hoKeRH+JdtY3hXMM/zpeSWMt8WE=
74,8,/7EopEdaC5kQ9p0jahGYrwX/0u0=,hoKeRH+JdtY3hXMM/zpeSWMt8WE=
72,9,/7EopEdaC5kQ9p0jahGYrwX/0u0=,hoKeRH+JdtY3hXMM/zpeSWMt8WE=
72,13,/7EopEdaC5kQ9p0jahGYrwX/0u0=,hoKeRH+JdtY3hXMM/zpeSWMt8WE=
75,10,/7EopEdaC5kQ9p0jahGYrwX/0u0=,hoKeRH+JdtY3hXMM/zpeSWMt8WE=
76,11,/7EopEdaC5kQ9p0jahGYrwX/0u0=,hoKeRH+JdtY3hXMM/zpeSWMt8WE=
79,8,/7EopEdaC5kQ9p0jahGYrwX/0u0=,hoKeRH+JdtY3hXMM/zpeSWMt8WE=
75,11,/7EopEdaC5kQ9p0jahGYrwX/0u0=,hoKeRH+JdtY3hXMM/zpeSWMt8WE=
73,12,/7EopEdaC5kQ9p0jahGYrwX/0u0=,hoKeRH+JdtY3hXMM/zpeSWMt8WE=
78,8,/7EopEdaC5kQ9p0jahGYrwX/0u0=,hoKeRH+JdtY3hXMM/zpeSWMt8WE=
78,15,/7EopEdaC5kQ9p0jahGYrwX/0u0=,hoKeRH+JdtY3hXMM/zpeSWMt8WE=
74,10,/7EopEdaC5kQ9p0jahGYrwX/0u0=,hoKeRH+JdtY3hXMM/zpeSWMt8WE=
79,15,/7EopEdaC5kQ9p0jahGYrwX/0u0=,hoKeRH+JdtY3hXMM/zpeSWMt8WE=
77,15,/7EopEdaC5kQ9p0jahGYrwX/0u0=,hoKeRH+JdtY3hXMM/zpeSWMt8WE=
76,15,/7EopEdaC5kQ9p0jahGYrwX/0u0=,hoKeRH+JdtY3hXMM/zpeSWMt8WE=
73,10,/7EopEdaC5kQ9p0jahGYrwX/0u0=,hoKeRH+JdtY3hXMM/zpeSWMt8WE=
74,11,/7EopEdaC5kQ9p0jahGYrwX/0u0=,hoKeRH+JdtY3hXMM/zpeSWMt8WE=
75,15,/7EopEdaC5kQ9p0jahGYrwX/0u0=,hoKeRH+JdtY3hXMM/zpeSWMt8WE=
79,12,/7EopEdaC5kQ9p0jahGYrwX/0u0=,hoKeRH+JdtY3hXMM/zpeSWMt8WE=
72,12,/7EopEdaC5kQ9p0jahGYrwX/0u0=,hoKeRH+JdtY3hXMM/zpeSWMt8WE=
74,15,/7EopEdaC5kQ9p0jahGYrwX/0u0=,hoKeRH+JdtY3hXMM/zpeSWMt8WE=
77,8,/7EopEdaC5kQ9p0jahGYrwX/0u0=,hoKeRH+JdtY3hXMM/zpeSWMt8WE=
73,15,/7EopEdaC5kQ9p0jahGYrwX/0u0=,hoKeRH+JdtY3hXMM/zpeSWMt8WE=
72,15,/7EopEdaC5kQ9p0jahGYrwX/0u0=,hoKeRH+JdtY3hXMM/zpeSWMt8WE=
73,8,/7EopEdaC5kQ9p0jahGYrwX/0u0=,hoKeRH+JdtY3hXMM/zpeSWMt8WE=
79,14,/7EopEdaC5kQ9p0jahGYrwX/0u0=,hoKeRH+JdtY3hXMM/zpeSWMt8WE=
78,14,/7EopEdaC5kQ9p0jahGYrwX/0u0=,hoKeRH+JdtY3hXMM/zpeSWMt8WE=
76,9,/7EopEdaC5kQ9p0jahGYrwX/0u0=,hoKeRH+JdtY3hXMM/zpeSWMt8WE=
73,11,/7EopEdaC5kQ9p0jahGYrwX/0u0=,hoKeRH+JdtY3hXMM/zpeSWMt8WE=
77,14,/7EopEdaC5kQ9p0jahGYrwX/0u0=,hoKeRH+JdtY3hXMM/zpeSWMt8WE=
78,12,/7EopEdaC5kQ9p0jahGYrwX/0u0=,hoKeRH+JdtY3hXMM/zpeSWMt8WE=
72,8,/7EopEdaC5kQ9p0jahGYrwX/0u0=,hoKeRH+JdtY3hXMM/zpeSWMt8WE=
75,14,/7EopEdaC5kQ9p0jahGYrwX/0u0=,hoKeRH+JdtY3hXMM/zpeSWMt8WE=
74,14,/7EopEdaC5kQ9p0jahGYrwX/0u0=,hoKeRH+JdtY3hXMM/zpeSWMt8WE=
73,14,/7EopEdaC5kQ9p0jahGYrwX/0u0=,hoKeRH+JdtY3hXMM/zpeSWMt8WE=
75,9,/7EopEdaC5kQ9p0jahGYrwX/0u0=,hoKeRH+JdtY3hXMM/zpeSWMt8WE=
72,14,/7EopEdaC5kQ9p0jahGYrwX/0u0=,hoKeRH+JdtY3hXMM/zpeSWMt8WE=
76,14,/7EopEdaC5kQ9p0jahGYrwX/0u0=,hoKeRH+JdtY3hXMM/zpeSWMt8WE=
79,13,/7EopEdaC5kQ9p0jahGYrwX/0u0=,hoKeRH+JdtY3hXMM/zpeSWMt8WE=
72,10,/7EopEdaC5kQ9p0jahGYrwX/0u0=,hoKeRH+JdtY3hXMM/zpeSWMt8WE=
72,11,/7EopEdaC5kQ9p0jahGYrwX/0u0=,hoKeRH+JdtY3hXMM/zpeSWMt8WE=
74,9,/7EopEdaC5kQ9p0jahGYrwX/0u0=,hoKeRH+JdtY3hXMM/zpeSWMt8WE=
77,13,/7EopEdaC5kQ9p0jahGYrwX/0u0=,hoKeRH+JdtY3hXMM/zpeSWMt8WE=
78,13,/7EopEdaC5kQ9p0jahGYrwX/0u0=,hoKeRH+JdtY3hXMM/zpeSWMt8WE=
76,8,/7EopEdaC5kQ9p0jahGYrwX/0u0=,hoKeRH+JdtY3hXMM/zpeSWMt8WE=
92,19,/7EopEdaC5kQ9p0jahGYrwX/0u0=,T6xlJXaTmO7RjroAH/XduZ2RzMs=
95,23,/7EopEdaC5kQ9p0jahGYrwX/0u0=,T6xlJXaTmO7RjroAH/XduZ2RzMs=
91,19,/7EopEdaC5kQ9p0jahGYrwX/0u0=,T6xlJXaTmO7RjroAH/XduZ2RzMs=
94,23,/7EopEdaC5kQ9p0jahGYrwX/0u0=,T6xlJXaTmO7RjroAH/XduZ2RzMs=
90,19,/7EopEdaC5kQ9p0jahGYrwX/0u0=,T6xlJXaTmO7RjroAH/XduZ2RzMs=
89,19,/7EopEdaC5kQ9p0jahGYrwX/0u0=,T6xlJXaTmO7RjroAH/XduZ2RzMs=
93,23,/7EopEdaC5kQ9p0jahGYrwX/0u0=,T6xlJXaTmO7RjroAH/XduZ2RzMs=
92,23,/7EopEdaC5kQ9p0jahGYrwX/0u0=,T6xlJXaTmO7RjroAH/XduZ2RzMs=
95,18,/7EopEdaC5kQ9p0jahGYrwX/0u0=,T6xlJXaTmO7RjroAH/XduZ2RzMs=
94,18,/7EopEdaC5kQ9p0jahGYrwX/0u0=,T6xlJXaTmO7RjroAH/XduZ2RzMs=
91,23,/7EopEdaC5kQ9p0jahGYrwX/0u0=,T6xlJXaTmO7RjroAH/XduZ2RzMs=
93,18,/7EopEdaC5kQ9p0jahGYrwX/0u0=,T6xlJXaTmO7RjroAH/XduZ2RzMs=
92,18,/7EopEdaC5kQ9p0jahGYrwX/0u0=,T6xlJXaTmO7RjroAH/XduZ2RzMs=
90,23,/7EopEdaC5kQ9p0jahGYrwX/0u0=,T6xlJXaTmO7RjroAH/XduZ2RzMs=
91,18,/7EopEdaC5kQ9p0jahGYrwX/0u0=,T6xlJXaTmO7RjroAH/XduZ2RzMs=
89,23,/7EopEdaC5kQ9p0jahGYrwX/0u0=,T6xlJXaTmO7RjroAH/XduZ2RzMs=
95,22,/7EopEdaC5kQ9p0jahGYrwX/0u0=,T6xlJXaTmO7RjroAH/XduZ2RzMs=
90,18,/7EopEdaC5kQ9p0jahGYrwX/0u0=,T6xlJXaTmO7RjroAH/XduZ2RzMs=
94,22,/7EopEdaC5kQ9p0jahGYrwX/0u0=,T6xlJXaTmO7RjroAH/XduZ2RzMs=
93,22,/7EopEdaC5kQ9p0jahGYrwX/0u0=,T6xlJXaTmO7RjroAH/XduZ2RzMs=
90,22,/7EopEdaC5kQ9p0jahGYrwX/0u0=,T6xlJXaTmO7RjroAH/XduZ2RzMs=
91,22,/7EopEdaC5kQ9p0jahGYrwX/0u0=,T6xlJXaTmO7RjroAH/XduZ2RzMs=
95,17,/7EopEdaC5kQ9p0jahGYrwX/0u0=,T6xlJXaTmO7RjroAH/XduZ2RzMs=
89,22,/7EopEdaC5kQ9p0jahGYrwX/0u0=,T6xlJXaTmO7RjroAH/XduZ2RzMs=
92,22,/7EopEdaC5kQ9p0jahGYrwX/0u0=,T6xlJXaTmO7RjroAH/XduZ2RzMs=
94,17,/7EopEdaC5kQ9p0jahGYrwX/0u0=,T6xlJXaTmO7RjroAH/XduZ2RzMs=
93,17,/7EopEdaC5kQ9p0jahGYrwX/0u0=,T6xlJXaTmO7RjroAH/XduZ2RzMs=
92,17,/7EopEdaC5kQ9p0jahGYrwX/0u0=,T6xlJXaTmO7RjroAH/XduZ2RzMs=
89,18,/7EopEdaC5kQ9p0jahGYrwX/0u0=,T6xlJXaTmO7RjroAH/XduZ2RzMs=
91,17,/7EopEdaC5kQ9p0jahGYrwX/0u0=,T6xlJXaTmO7RjroAH/XduZ2RzMs=
95,21,/7EopEdaC5kQ9p0jahGYrwX/0u0=,T6xlJXaTmO7RjroAH/XduZ2RzMs=
90,17,/7EopEdaC5kQ9p0jahGYrwX/0u0=,T6xlJXaTmO7RjroAH/XduZ2RzMs=
94,21,/7EopEdaC5kQ9p0jahGYrwX/0u0=,T6xlJXaTmO7RjroAH/XduZ2RzMs=
93,16,/7EopEdaC5kQ9p0jahGYrwX/0u0=,T6xlJXaTmO7RjroAH/XduZ2RzMs=
89,17,/7EopEdaC5kQ9p0jahGYrwX/0u0=,T6xlJXaTmO7RjroAH/XduZ2RzMs=
89,16,/7EopEdaC5kQ9p0jahGYrwX/0u0=,T6xlJXaTmO7RjroAH/XduZ2RzMs=
93,21,/7EopEdaC5kQ9p0jahGYrwX/0u0=,T6xlJXaTmO7RjroAH/XduZ2RzMs=
92,21,/7EopEdaC5kQ9p0jahGYrwX/0u0=,T6xlJXaTmO7RjroAH/XduZ2RzMs=
90,21,/7EopEdaC5kQ9p0jahGYrwX/0u0=,T6xlJXaTmO7RjroAH/XduZ2RzMs=
89,21,/7EopEdaC5kQ9p0jahGYrwX/0u0=,T6xlJXaTmO7RjroAH/XduZ2RzMs=
91,21,/7EopEdaC5kQ9p0jahGYrwX/0u0=,T6xlJXaTmO7RjroAH/XduZ2RzMs=
95,20,/7EopEdaC5kQ9p0jahGYrwX/0u0=,T6xlJXaTmO7RjroAH/XduZ2RzMs=
94,20,/7EopEdaC5kQ9p0jahGYrwX/0u0=,T6xlJXaTmO7RjroAH/XduZ2RzMs=
92,20,/7EopEdaC5kQ9p0jahGYrwX/0u0=,T6xlJXaTmO7RjroAH/XduZ2RzMs=
91,20,/7EopEdaC5kQ9p0jahGYrwX/0u0=,T6xlJXaTmO7RjroAH/XduZ2RzMs=
93,20,/7EopEdaC5kQ9p0jahGYrwX/0u0=,T6xlJXaTmO7RjroAH/XduZ2RzMs=
90,20,/7EopEdaC5kQ9p0jahGYrwX/0u0=,T6xlJXaTmO7RjroAH/XduZ2RzMs=
89,20,/7EopEdaC5kQ9p0jahGYrwX/0u0=,T6xlJXaTmO7RjroAH/XduZ2RzMs=
95,19,/7EopEdaC5kQ9p0jahGYrwX/0u0=,T6xlJXaTmO7RjroAH/XduZ2RzMs=
94,19,/7EopEdaC5kQ9p0jahGYrwX/0u0=,T6xlJXaTmO7RjroAH/XduZ2RzMs=
93,19,/7EopEdaC5kQ9p0jahGYrwX/0u0=,T6xlJXaTmO7RjroAH/XduZ2RzMs=
95,16,/7EopEdaC5kQ9p0jahGYrwX/0u0=,T6xlJXaTmO7RjroAH/XduZ2RzMs=
90,16,/7EopEdaC5kQ9p0jahGYrwX/0u0=,T6xlJXaTmO7RjroAH/XduZ2RzMs=
94,16,/7EopEdaC5kQ9p0jahGYrwX/0u0=,T6xlJXaTmO7RjroAH/XduZ2RzMs=
92,16,/7EopEdaC5kQ9p0jahGYrwX/0u0=,T6xlJXaTmO7RjroAH/XduZ2RzMs=
91,16,/7EopEdaC5kQ9p0jahGYrwX/0u0=,T6xlJXaTmO7RjroAH/XduZ2RzMs=
84,19,/7EopEdaC5kQ9p0jahGYrwX/0u0=,2O7TpHpsX3lfWyDuAmrBsqLs764=
85,19,/7EopEdaC5kQ9p0jahGYrwX/0u0=,2O7TpHpsX3lfWyDuAmrBsqLs764=
86,19,/7EopEdaC5kQ9p0jahGYrwX/0u0=,2O7TpHpsX3lfWyDuAmrBsqLs764=
87,23,/7EopEdaC5kQ9p0jahGYrwX/0u0=,2O7TpHpsX3lfWyDuAmrBsqLs764=
86,23,/7EopEdaC5kQ9p0jahGYrwX/0u0=,2O7TpHpsX3lfWyDuAmrBsqLs764=
85,23,/7EopEdaC5kQ9p0jahGYrwX/0u0=,2O7TpHpsX3lfWyDuAmrBsqLs764=
88,19,/7EopEdaC5kQ9p0jahGYrwX/0u0=,T6xlJXaTmO7RjroAH/XduZ2RzMs=
82,19,/7EopEdaC5kQ9p0jahGYrwX/0u0=,2O7TpHpsX3lfWyDuAmrBsqLs764=
85,18,/7EopEdaC5kQ9p0jahGYrwX/0u0=,2O7TpHpsX3lfWyDuAmrBsqLs764=
84,23,/7EopEdaC5kQ9p0jahGYrwX/0u0=,2O7TpHpsX3lfWyDuAmrBsqLs764=
88,23,/7EopEdaC5kQ9p0jahGYrwX/0u0=,T6xlJXaTmO7RjroAH/XduZ2RzMs=
83,23,/7EopEdaC5kQ9p0jahGYrwX/0u0=,2O7TpHpsX3lfWyDuAmrBsqLs764=
83,19,/7EopEdaC5kQ9p0jahGYrwX/0u0=,2O7TpHpsX3lfWyDuAmrBsqLs764=
82,23,/7EopEdaC5kQ9p0jahGYrwX/0u0=,2O7TpHpsX3lfWyDuAmrBsqLs764=
81,23,/7EopEdaC5kQ9p0jahGYrwX/0u0=,2O7TpHpsX3lfWyDuAmrBsqLs764=
80,23,/7EopEdaC5kQ9p0jahGYrwX/0u0=,2O7TpHpsX3lfWyDuAmrBsqLs764=
87,22,/7EopEdaC5kQ9p0jahGYrwX/0u0=,2O7TpHpsX3lfWyDuAmrBsqLs764=
86,22,/7EopEdaC5kQ9p0jahGYrwX/0u0=,2O7TpHpsX3lfWyDuAmrBsqLs764=
88,22,/7EopEdaC5kQ9p0jahGYrwX/0u0=,T6xlJXaTmO7RjroAH/XduZ2RzMs=
85,22,/7EopEdaC5kQ9p0jahGYrwX/0u0=,2O7TpHpsX3lfWyDuAmrBsqLs764=
81,19,/7EopEdaC5kQ9p0jahGYrwX/0u0=,2O7TpHpsX3lfWyDuAmrBsqLs764=
83,22,/7EopEdaC5kQ9p0jahGYrwX/0u0=,2O7TpHpsX3lfWyDuAmrBsqLs764=
84,22,/7EopEdaC5kQ9p0jahGYrwX/0u0=,2O7TpHpsX3lfWyDuAmrBsqLs764=
81,22,/7EopEdaC5kQ9p0jahGYrwX/0u0=,2O7TpHpsX3lfWyDuAmrBsqLs764=
82,22,/7EopEdaC5kQ9p0jahGYrwX/0u0=,2O7TpHpsX3lfWyDuAmrBsqLs764=
80,18,/7EopEdaC5kQ9p0jahGYrwX/0u0=,2O7TpHpsX3lfWyDuAmrBsqLs764=
87,19,/7EopEdaC5kQ9p0jahGYrwX/0u0=,2O7TpHpsX3lfWyDuAmrBsqLs764=
84,18,/7EopEdaC5kQ9p0jahGYrwX/0u0=,2O7TpHpsX3lfWyDuAmrBsqLs764=
80,22,/7EopEdaC5kQ9p0jahGYrwX/0u0=,2O7TpHpsX3lfWyDuAmrBsqLs764=
87,17,/7EopEdaC5kQ9p0jahGYrwX/0u0=,2O7TpHpsX3lfWyDuAmrBsqLs764=
87,21,/7EopEdaC5kQ9p0jahGYrwX/0u0=,2O7TpHpsX3lfWyDuAmrBsqLs764=
86,21,/7EopEdaC5kQ9p0jahGYrwX/0u0=,2O7TpHpsX3lfWyDuAmrBsqLs764=
85,21,/7EopEdaC5kQ9p0jahGYrwX/0u0=,2O7TpHpsX3lfWyDuAmrBsqLs764=
88,18,/7EopEdaC5kQ9p0jahGYrwX/0u0=,T6xlJXaTmO7RjroAH/XduZ2RzMs=
88,16,/7EopEdaC5kQ9p0jahGYrwX/0u0=,T6xlJXaTmO7RjroAH/XduZ2RzMs=
88,17,/7EopEdaC5kQ9p0jahGYrwX/0u0=,T6xlJXaTmO7RjroAH/XduZ2RzMs=
84,21,/7EopEdaC5kQ9p0jahGYrwX/0u0=,2O7TpHpsX3lfWyDuAmrBsqLs764=
86,17,/7EopEdaC5kQ9p0jahGYrwX/0u0=,2O7TpHpsX3lfWyDuAmrBsqLs764=
88,21,/7EopEdaC5kQ9p0jahGYrwX/0u0=,T6xlJXaTmO7RjroAH/XduZ2RzMs=
83,16,/7EopEdaC5kQ9p0jahGYrwX/0u0=,2O7TpHpsX3lfWyDuAmrBsqLs764=
87,16,/7EopEdaC5kQ9p0jahGYrwX/0u0=,2O7TpHpsX3lfWyDuAmrBsqLs764=
83,21,/7EopEdaC5kQ9p0jahGYrwX/0u0=,2O7TpHpsX3lfWyDuAmrBsqLs764=
82,21,/7EopEdaC5kQ9p0jahGYrwX/0u0=,2O7TpHpsX3lfWyDuAmrBsqLs764=
82,17,/7EopEdaC5kQ9p0jahGYrwX/0u0=,2O7TpHpsX3lfWyDuAmrBsqLs764=
86,16,/7EopEdaC5kQ9p0jahGYrwX/0u0=,2O7TpHpsX3lfWyDuAmrBsqLs764=
82,16,/7EopEdaC5kQ9p0jahGYrwX/0u0=,2O7TpHpsX3lfWyDuAmrBsqLs764=
80,17,/7EopEdaC5kQ9p0jahGYrwX/0u0=,2O7TpHpsX3lfWyDuAmrBsqLs764=
83,17,/7EopEdaC5kQ9p0jahGYrwX/0u0=,2O7TpHpsX3lfWyDuAmrBsqLs764=
80,19,/7EopEdaC5kQ9p0jahGYrwX/0u0=,2O7TpHpsX3lfWyDuAmrBsqLs764=
85,17,/7EopEdaC5kQ9p0jahGYrwX/0u0=,2O7TpHpsX3lfWyDuAmrBsqLs764=
83,18,/7EopEdaC5kQ9p0jahGYrwX/0u0=,2O7TpHpsX3lfWyDuAmrBsqLs764=
85,16,/7EopEdaC5kQ9p0jahGYrwX/0u0=,2O7TpHpsX3lfWyDuAmrBsqLs764=
82,18,/7EopEdaC5kQ9p0jahGYrwX/0u0=,2O7TpHpsX3lfWyDuAmrBsqLs764=
81,16,/7EopEdaC5kQ9p0jahGYrwX/0u0=,2O7TpHpsX3lfWyDuAmrBsqLs764=
81,21,/7EopEdaC5kQ9p0jahGYrwX/0u0=,2O7TpHpsX3lfWyDuAmrBsqLs764=
86,18,/7EopEdaC5kQ9p0jahGYrwX/0u0=,2O7TpHpsX3lfWyDuAmrBsqLs764=
88,20,/7EopEdaC5kQ9p0jahGYrwX/0u0=,T6xlJXaTmO7RjroAH/XduZ2RzMs=
87,20,/7EopEdaC5kQ9p0jahGYrwX/0u0=,2O7TpHpsX3lfWyDuAmrBsqLs764=
86,20,/7EopEdaC5kQ9p0jahGYrwX/0u0=,2O7TpHpsX3lfWyDuAmrBsqLs764=
85,20,/7EopEdaC5kQ9p0jahGYrwX/0u0=,2O7TpHpsX3lfWyDuAmrBsqLs764=
81,17,/7EopEdaC5kQ9p0jahGYrwX/0u0=,2O7TpHpsX3lfWyDuAmrBsqLs764=
84,20,/7EopEdaC5kQ9p0jahGYrwX/0u0=,2O7TpHpsX3lfWyDuAmrBsqLs764=
83,20,/7EopEdaC5kQ9p0jahGYrwX/0u0=,2O7TpHpsX3lfWyDuAmrBsqLs764=
82,20,/7EopEdaC5kQ9p0jahGYrwX/0u0=,2O7TpHpsX3lfWyDuAmrBsqLs764=
84,16,/7EopEdaC5kQ9p0jahGYrwX/0u0=,2O7TpHpsX3lfWyDuAmrBsqLs764=
81,18,/7EopEdaC5kQ9p0jahGYrwX/0u0=,2O7TpHpsX3lfWyDuAmrBsqLs764=
81,20,/7EopEdaC5kQ9p0jahGYrwX/0u0=,2O7TpHpsX3lfWyDuAmrBsqLs764=
87,18,/7EopEdaC5kQ9p0jahGYrwX/0u0=,2O7TpHpsX3lfWyDuAmrBsqLs764=
80,21,/7EopEdaC5kQ9p0jahGYrwX/0u0=,2O7TpHpsX3lfWyDuAmrBsqLs764=
80,16,/7EopEdaC5kQ9p0jahGYrwX/0u0=,2O7TpHpsX3lfWyDuAmrBsqLs764=
84,17,/7EopEdaC5kQ9p0jahGYrwX/0u0=,2O7TpHpsX3lfWyDuAmrBsqLs764=
80,20,/7EopEdaC5kQ9p0jahGYrwX/0u0=,2O7TpHpsX3lfWyDuAmrBsqLs764=
83,8,+RkhJbUDD9poMyKSZhNDM5+jVAA=,H1bVcPm5gzzZreLaUXDVuoi4a3E=
84,12,+RkhJbUDD9poMyKSZhNDM5+jVAA=,H1bVcPm5gzzZreLaUXDVuoi4a3E=
85,12,+RkhJbUDD9poMyKSZhNDM5+jVAA=,H1bVcPm5gzzZreLaUXDVuoi4a3E=
83,13,+RkhJbUDD9poMyKSZhNDM5+jVAA=,H1bVcPm5gzzZreLaUXDVuoi4a3E=
83,12,+RkhJbUDD9poMyKSZhNDM5+jVAA=,H1bVcPm5gzzZreLaUXDVuoi4a3E=
81,13,+RkhJbUDD9poMyKSZhNDM5+jVAA=,H1bVcPm5gzzZreLaUXDVuoi4a3E=
80,13,+RkhJbUDD9poMyKSZhNDM5+jVAA=,H1bVcPm5gzzZreLaUXDVuoi4a3E=
86,12,+RkhJbUDD9poMyKSZhNDM5+jVAA=,H1bVcPm5gzzZreLaUXDVuoi4a3E=
82,13,+RkhJbUDD9poMyKSZhNDM5+jVAA=,H1bVcPm5gzzZreLaUXDVuoi4a3E=
82,12,+RkhJbUDD9poMyKSZhNDM5+jVAA=,H1bVcPm5gzzZreLaUXDVuoi4a3E=
81,12,+RkhJbUDD9poMyKSZhNDM5+jVAA=,H1bVcPm5gzzZreLaUXDVuoi4a3E=
80,12,+RkhJbUDD9poMyKSZhNDM5+jVAA=,H1bVcPm5gzzZreLaUXDVuoi4a3E=
85,9,+RkhJbUDD9poMyKSZhNDM5+jVAA=,H1bVcPm5gzzZreLaUXDVuoi4a3E=
86,11,+RkhJbUDD9poMyKSZhNDM5+jVAA=,H1bVcPm5gzzZreLaUXDVuoi4a3E=
86,9,+RkhJbUDD9poMyKSZhNDM5+jVAA=,H1bVcPm5gzzZreLaUXDVuoi4a3E=
82,8,+RkhJbUDD9poMyKSZhNDM5+jVAA=,H1bVcPm5gzzZreLaUXDVuoi4a3E=
81,8,+RkhJbUDD9poMyKSZhNDM5+jVAA=,H1bVcPm5gzzZreLaUXDVuoi4a3E=
85,11,+RkhJbUDD9poMyKSZhNDM5+jVAA=,H1bVcPm5gzzZreLaUXDVuoi4a3E=
84,9,+RkhJbUDD9poMyKSZhNDM5+jVAA=,H1bVcPm5gzzZreLaUXDVuoi4a3E=
84,11,+RkhJbUDD9poMyKSZhNDM5+jVAA=,H1bVcPm5gzzZreLaUXDVuoi4a3E=
81,9,+RkhJbUDD9poMyKSZhNDM5+jVAA=,H1bVcPm5gzzZreLaUXDVuoi4a3E=
83,11,+RkhJbUDD9poMyKSZhNDM5+jVAA=,H1bVcPm5gzzZreLaUXDVuoi4a3E=
82,11,+RkhJbUDD9poMyKSZhNDM5+jVAA=,H1bVcPm5gzzZreLaUXDVuoi4a3E=
81,11,+RkhJbUDD9poMyKSZhNDM5+jVAA=,H1bVcPm5gzzZreLaUXDVuoi4a3E=
80,11,+RkhJbUDD9poMyKSZhNDM5+jVAA=,H1bVcPm5gzzZreLaUXDVuoi4a3E=
86,10,+RkhJbUDD9poMyKSZhNDM5+jVAA=,H1bVcPm5gzzZreLaUXDVuoi4a3E=
85,10,+RkhJbUDD9poMyKSZhNDM5+jVAA=,H1bVcPm5gzzZreLaUXDVuoi4a3E=
80,9,+RkhJbUDD9poMyKSZhNDM5+jVAA=,H1bVcPm5gzzZreLaUXDVuoi4a3E=
84,10,+RkhJbUDD9poMyKSZhNDM5+jVAA=,H1bVcPm5gzzZreLaUXDVuoi4a3E=
83,9,+RkhJbUDD9poMyKSZhNDM5+jVAA=,H1bVcPm5gzzZreLaUXDVuoi4a3E=
83,10,+RkhJbUDD9poMyKSZhNDM5+jVAA=,H1bVcPm5gzzZreLaUXDVuoi4a3E=
82,10,+RkhJbUDD9poMyKSZhNDM5+jVAA=,H1bVcPm5gzzZreLaUXDVuoi4a3E=
81,10,+RkhJbUDD9poMyKSZhNDM5+jVAA=,H1bVcPm5gzzZreLaUXDVuoi4a3E=
86,15,+RkhJbUDD9poMyKSZhNDM5+jVAA=,H1bVcPm5gzzZreLaUXDVuoi4a3E=
80,10,+RkhJbUDD9poMyKSZhNDM5+jVAA=,H1bVcPm5gzzZreLaUXDVuoi4a3E=
84,15,+RkhJbUDD9poMyKSZhNDM5+jVAA=,H1bVcPm5gzzZreLaUXDVuoi4a3E=
86,8,+RkhJbUDD9poMyKSZhNDM5+jVAA=,H1bVcPm5gzzZreLaUXDVuoi4a3E=
83,15,+RkhJbUDD9poMyKSZhNDM5+jVAA=,H1bVcPm5gzzZreLaUXDVuoi4a3E=
82,15,+RkhJbUDD9poMyKSZhNDM5+jVAA=,H1bVcPm5gzzZreLaUXDVuoi4a3E=
81,15,+RkhJbUDD9poMyKSZhNDM5+jVAA=,H1bVcPm5gzzZreLaUXDVuoi4a3E=
80,8,+RkhJbUDD9poMyKSZhNDM5+jVAA=,H1bVcPm5gzzZreLaUXDVuoi4a3E=
86,14,+RkhJbUDD9poMyKSZhNDM5+jVAA=,H1bVcPm5gzzZreLaUXDVuoi4a3E=
85,14,+RkhJbUDD9poMyKSZhNDM5+jVAA=,H1bVcPm5gzzZreLaUXDVuoi4a3E=
84,14,+RkhJbUDD9poMyKSZhNDM5+jVAA=,H1bVcPm5gzzZreLaUXDVuoi4a3E=
85,8,+RkhJbUDD9poMyKSZhNDM5+jVAA=,H1bVcPm5gzzZreLaUXDVuoi4a3E=
83,14,+RkhJbUDD9poMyKSZhNDM5+jVAA=,H1bVcPm5gzzZreLaUXDVuoi4a3E=
82,14,+RkhJbUDD9poMyKSZhNDM5+jVAA=,H1bVcPm5gzzZreLaUXDVuoi4a3E=
82,9,+RkhJbUDD9poMyKSZhNDM5+jVAA=,H1bVcPm5gzzZreLaUXDVuoi4a3E=
80,14,+RkhJbUDD9poMyKSZhNDM5+jVAA=,H1bVcPm5gzzZreLaUXDVuoi4a3E=
84,8,+RkhJbUDD9poMyKSZhNDM5+jVAA=,H1bVcPm5gzzZreLaUXDVuoi4a3E=
81,14,+RkhJbUDD9poMyKSZhNDM5+jVAA=,H1bVcPm5gzzZreLaUXDVuoi4a3E=
86,13,+RkhJbUDD9poMyKSZhNDM5+jVAA=,H1bVcPm5gzzZreLaUXDVuoi4a3E=
85,13,+RkhJbUDD9poMyKSZhNDM5+jVAA=,H1bVcPm5gzzZreLaUXDVuoi4a3E=
85,15,+RkhJbUDD9poMyKSZhNDM5+jVAA=,H1bVcPm5gzzZreLaUXDVuoi4a3E=
80,15,+RkhJbUDD9poMyKSZhNDM5+jVAA=,H1bVcPm5gzzZreLaUXDVuoi4a3E=
84,13,+RkhJbUDD9poMyKSZhNDM5+jVAA=,H1bVcPm5gzzZreLaUXDVuoi4a3E=
92,11,+RkhJbUDD9poMyKSZhNDM5+jVAA=,lHOQzbWp8j17z446MB3SlmXLhtI=
93,11,+RkhJbUDD9poMyKSZhNDM5+jVAA=,lHOQzbWp8j17z446MB3SlmXLhtI=
94,11,+RkhJbUDD9poMyKSZhNDM5+jVAA=,lHOQzbWp8j17z446MB3SlmXLhtI=
87,13,+RkhJbUDD9poMyKSZhNDM5+jVAA=,H1bVcPm5gzzZreLaUXDVuoi4a3E=
87,14,+RkhJbUDD9poMyKSZhNDM5+jVAA=,H1bVcPm5gzzZreLaUXDVuoi4a3E=
87,15,+RkhJbUDD9poMyKSZhNDM5+jVAA=,H1bVcPm5gzzZreLaUXDVuoi4a3E=
95,11,+RkhJbUDD9poMyKSZhNDM5+jVAA=,lHOQzbWp8j17z446MB3SlmXLhtI=
88,12,+RkhJbUDD9poMyKSZhNDM5+jVAA=,lHOQzbWp8j17z446MB3SlmXLhtI=
91,11,+RkhJbUDD9poMyKSZhNDM5+jVAA=,lHOQzbWp8j17z446MB3SlmXLhtI=
88,8,+RkhJbUDD9poMyKSZhNDM5+jVAA=,lHOQzbWp8j17z446MB3SlmXLhtI=
89,12,+RkhJbUDD9poMyKSZhNDM5+jVAA=,lHOQzbWp8j17z446MB3SlmXLhtI=
87,8,+RkhJbUDD9poMyKSZhNDM5+jVAA=,H1bVcPm5gzzZreLaUXDVuoi4a3E=
90,11,+RkhJbUDD9poMyKSZhNDM5+jVAA=,lHOQzbWp8j17z446MB3SlmXLhtI=
90,12,+RkhJbUDD9poMyKSZhNDM5+jVAA=,lHOQzbWp8j17z446MB3SlmXLhtI=
93,15,+RkhJbUDD9poMyKSZhNDM5+jVAA=,lHOQzbWp8j17z446MB3SlmXLhtI=
89,11,+RkhJbUDD9poMyKSZhNDM5+jVAA=,lHOQzbWp8j17z446MB3SlmXLhtI=
91,12,+RkhJbUDD9poMyKSZhNDM5+jVAA=,lHOQzbWp8j17z446MB3SlmXLhtI=
88,11,+RkhJbUDD9poMyKSZhNDM5+jVAA=,lHOQzbWp8j17z446MB3SlmXLhtI=
87,9,+RkhJbUDD9poMyKSZhNDM5+jVAA=,H1bVcPm5gzzZreLaUXDVuoi4a3E=
92,12,+RkhJbUDD9poMyKSZhNDM5+jVAA=,lHOQzbWp8j17z446MB3SlmXLhtI=
92,15,+RkhJbUDD9poMyKSZhNDM5+jVAA=,lHOQzbWp8j17z446MB3SlmXLhtI=
90,15,+RkhJbUDD9poMyKSZhNDM5+jVAA=,lHOQzbWp8j17z446MB3SlmXLhtI=
89,8,+RkhJbUDD9poMyKSZhNDM5+jVAA=,lHOQzbWp8j17z446MB3SlmXLhtI=
89,15,+RkhJbUDD9poMyKSZhNDM5+jVAA=,lHOQzbWp8j17z446MB3SlmXLhtI=
87,12,+RkhJbUDD9poMyKSZhNDM5+jVAA=,H1bVcPm5gzzZreLaUXDVuoi4a3E=
90,8,+RkhJbUDD9poMyKSZhNDM5+jVAA=,lHOQzbWp8j17z446MB3SlmXLhtI=
95,10,+RkhJbUDD9poMyKSZhNDM5+jVAA=,lHOQzbWp8j17z446MB3SlmXLhtI=
91,8,+RkhJbUDD9poMyKSZhNDM5+jVAA=,lHOQzbWp8j17z446MB3SlmXLhtI=
88,15,+RkhJbUDD9poMyKSZhNDM5+jVAA=,lHOQzbWp8j17z446MB3SlmXLhtI=
95,14,+RkhJbUDD9poMyKSZhNDM5+jVAA=,lHOQzbWp8j17z446MB3SlmXLhtI=
93,12,+RkhJbUDD9poMyKSZhNDM5+jVAA=,lHOQzbWp8j17z446MB3SlmXLhtI=
94,14,+RkhJbUDD9poMyKSZhNDM5+jVAA=,lHOQzbWp8j17z446MB3SlmXLhtI=
94,10,+RkhJbUDD9poMyKSZhNDM5+jVAA=,lHOQzbWp8j17z446MB3SlmXLhtI=
92,8,+RkhJbUDD9poMyKSZhNDM5+jVAA=,lHOQzbWp8j17z446MB3SlmXLhtI=
87,11,+RkhJbUDD9poMyKSZhNDM5+jVAA=,H1bVcPm5gzzZreLaUXDVuoi4a3E=
93,14,+RkhJbUDD9poMyKSZhNDM5+jVAA=,lHOQzbWp8j17z446MB3SlmXLhtI=
93,8,+RkhJbUDD9poMyKSZhNDM5+jVAA=,lHOQzbWp8j17z446MB3SlmXLhtI=
92,14,+RkhJbUDD9poMyKSZhNDM5+jVAA=,lHOQzbWp8j17z446MB3SlmXLhtI=
94,12,+RkhJbUDD9poMyKSZhNDM5+jVAA=,lHOQzbWp8j17z446MB3SlmXLhtI=
91,14,+RkhJbUDD9poMyKSZhNDM5+jVAA=,lHOQzbWp8j17z446MB3SlmXLhtI=
90,14,+RkhJbUDD9poMyKSZhNDM5+jVAA=,lHOQzbWp8j17z446MB3SlmXLhtI=
94,8,+RkhJbUDD9poMyKSZhNDM5+jVAA=,lHOQzbWp8j17z446MB3SlmXLhtI=
89,14,+RkhJbUDD9poMyKSZhNDM5+jVAA=,lHOQzbWp8j17z446MB3SlmXLhtI=
88,14,+RkhJbUDD9poMyKSZhNDM5+jVAA=,lHOQzbWp8j17z446MB3SlmXLhtI=
95,12,+RkhJbUDD9poMyKSZhNDM5+jVAA=,lHOQzbWp8j17z446MB3SlmXLhtI=
93,10,+RkhJbUDD9poMyKSZhNDM5+jVAA=,lHOQzbWp8j17z446MB3SlmXLhtI=
92,10,+RkhJbUDD9poMyKSZhNDM5+jVAA=,lHOQzbWp8j17z446MB3SlmXLhtI=
95,8,+RkhJbUDD9poMyKSZhNDM5+jVAA=,lHOQzbWp8j17z446MB3SlmXLhtI=
95,13,+RkhJbUDD9poMyKSZhNDM5+jVAA=,lHOQzbWp8j17z446MB3SlmXLhtI=
94,13,+RkhJbUDD9poMyKSZhNDM5+jVAA=,lHOQzbWp8j17z446MB3SlmXLhtI=
88,13,+RkhJbUDD9poMyKSZhNDM5+jVAA=,lHOQzbWp8j17z446MB3SlmXLhtI=
93,13,+RkhJbUDD9poMyKSZhNDM5+jVAA=,lHOQzbWp8j17z446MB3SlmXLhtI=
89,13,+RkhJbUDD9poMyKSZhNDM5+jVAA=,lHOQzbWp8j17z446MB3SlmXLhtI=
92,13,+RkhJbUDD9poMyKSZhNDM5+jVAA=,lHOQzbWp8j17z446MB3SlmXLhtI=
91,10,+RkhJbUDD9poMyKSZhNDM5+jVAA=,lHOQzbWp8j17z446MB3SlmXLhtI=
87,10,+RkhJbUDD9poMyKSZhNDM5+jVAA=,H1bVcPm5gzzZreLaUXDVuoi4a3E=
90,10,+RkhJbUDD9poMyKSZhNDM5+jVAA=,lHOQzbWp8j17z446MB3SlmXLhtI=
91,13,+RkhJbUDD9poMyKSZhNDM5+jVAA=,lHOQzbWp8j17z446MB3SlmXLhtI=
88,9,+RkhJbUDD9poMyKSZhNDM5+jVAA=,lHOQzbWp8j17z446MB3SlmXLhtI=
89,10,+RkhJbUDD9poMyKSZhNDM5+jVAA=,lHOQzbWp8j17z446MB3SlmXLhtI=
88,10,+RkhJbUDD9poMyKSZhNDM5+jVAA=,lHOQzbWp8j17z446MB3SlmXLhtI=
89,9,+RkhJbUDD9poMyKSZhNDM5+jVAA=,lHOQzbWp8j17z446MB3SlmXLhtI=
95,9,+RkhJbUDD9poMyKSZhNDM5+jVAA=,lHOQzbWp8j17z446MB3SlmXLhtI=
94,9,+RkhJbUDD9poMyKSZhNDM5+jVAA=,lHOQzbWp8j17z446MB3SlmXLhtI=
90,9,+RkhJbUDD9poMyKSZhNDM5+jVAA=,lHOQzbWp8j17z446MB3SlmXLhtI=
93,9,+RkhJbUDD9poMyKSZhNDM5+jVAA=,lHOQzbWp8j17z446MB3SlmXLhtI=
92,9,+RkhJbUDD9poMyKSZhNDM5+jVAA=,lHOQzbWp8j17z446MB3SlmXLhtI=
90,13,+RkhJbUDD9poMyKSZhNDM5+jVAA=,lHOQzbWp8j17z446MB3SlmXLhtI=
91,9,+RkhJbUDD9poMyKSZhNDM5+jVAA=,lHOQzbWp8j17z446MB3SlmXLhtI=
91,15,+RkhJbUDD9poMyKSZhNDM5+jVAA=,lHOQzbWp8j17z446MB3SlmXLhtI=
94,15,+RkhJbUDD9poMyKSZhNDM5+jVAA=,lHOQzbWp8j17z446MB3SlmXLhtI=
95,15,+RkhJbUDD9poMyKSZhNDM5+jVAA=,lHOQzbWp8j17z446MB3SlmXLhtI=
